Order ID,Product,Quantity Ordered,Price Each,Order Date,Purchase Address,Cost Each
176560,Google Phone,1.0,600.0,04/12/19 14:38,"669 Spruce St, Los Angeles, CA 90001",450
176565,Macbook Pro Laptop,1.0,1700.0,04/24/19 10:38,"915 Willow St, San Francisco, CA 94016",1275
176567,Google Phone,1.0,600.0,04/18/19 17:18,"444 7th St, Los Angeles, CA 90001",450
176574,Google Phone,1.0,600.0,04/03/19 19:42,"20 Hill St, Los Angeles, CA 90001",450
176581,iPhone,1.0,700.0,04/09/19 21:38,"84 Jackson St, Boston, MA 02215",525
176586,Google Phone,1.0,600.0,04/10/19 17:00,"365 Center St, San Francisco, CA 94016",450
176590,Google Phone,1.0,600.0,04/11/19 11:46,"873 6th St, New York City, NY 10001",450
176606,LG Dryer,1.0,600.0,04/21/19 14:16,"487 Maple St, San Francisco, CA 94016",600
176608,iPhone,1.0,700.0,04/11/19 12:01,"15 Cherry St, San Francisco, CA 94016",525
176630,Google Phone,1.0,600.0,04/10/19 05:01,"770 Maple St, San Francisco, CA 94016",450
176633,ThinkPad Laptop,1.0,999.99,04/23/19 14:03,"863 Hickory St, Los Angeles, CA 90001",750
176639,Macbook Pro Laptop,1.0,1700.0,04/28/19 16:14,"853 Cedar St, San Francisco, CA 94016",1275
176643,Macbook Pro Laptop,1.0,1700.0,04/27/19 21:32,"373 Adams St, Boston, MA 02215",1275
176646,Macbook Pro Laptop,1.0,1700.0,04/22/19 07:14,"657 Adams St, Portland, OR 97035",1275
176647,Google Phone,1.0,600.0,04/21/19 19:40,"273 South St, Los Angeles, CA 90001",450
176651,iPhone,1.0,700.0,04/07/19 13:14,"997 South St, Boston, MA 02215",525
176652,LG Washing Machine,1.0,600.0,04/09/19 20:04,"502 14th St, New York City, NY 10001",600
176656,Google Phone,1.0,600.0,04/12/19 16:42,"12 Lakeview St, New York City, NY 10001",450
176657,ThinkPad Laptop,1.0,999.99,04/23/19 10:16,"774 Forest St, Los Angeles, CA 90001",750
176665,ThinkPad Laptop,1.0,999.99,04/07/19 14:15,"927 13th St, Dallas, TX 75001",750
176676,LG Dryer,1.0,600.0,04/09/19 00:35,"788 Lincoln St, Los Angeles, CA 90001",600
176681,ThinkPad Laptop,1.0,999.99,04/20/19 10:39,"331 Cherry St, Seattle, WA 98101",750
176687,Macbook Pro Laptop,1.0,1700.0,04/30/19 10:26,"121 Wilson St, Los Angeles, CA 90001",1275
176696,iPhone,1.0,700.0,04/07/19 12:41,"343 Johnson St, New York City, NY 10001",525
176712,Google Phone,1.0,600.0,04/20/19 05:21,"910 Washington St, San Francisco, CA 94016",450
176732,iPhone,1.0,700.0,04/23/19 09:33,"504 Wilson St, Dallas, TX 75001",525
176739,Google Phone,1.0,600.0,04/05/19 17:38,"730 6th St, Austin, TX 73301",450
176747,Macbook Pro Laptop,1.0,1700.0,04/27/19 15:04,"645 7th St, San Francisco, CA 94016",1275
176749,ThinkPad Laptop,1.0,999.99,04/26/19 07:55,"322 Adams St, Seattle, WA 98101",750
176781,iPhone,1.0,700.0,04/03/19 07:37,"976 Hickory St, Dallas, TX 75001",525
176787,Google Phone,1.0,600.0,04/14/19 10:10,"180 Pine St, Los Angeles, CA 90001",450
176791,Google Phone,1.0,600.0,04/21/19 11:43,"908 Jackson St, Los Angeles, CA 90001",450
176797,Google Phone,1.0,600.0,04/21/19 08:54,"923 Elm St, Los Angeles, CA 90001",450
176798,iPhone,1.0,700.0,04/06/19 10:31,"445 Jefferson St, Atlanta, GA 30301",525
176805,Google Phone,1.0,600.0,04/01/19 15:50,"91 Lincoln St, Portland, OR 97035",450
176806,Macbook Pro Laptop,1.0,1700.0,04/22/19 13:26,"197 Cherry St, Austin, TX 73301",1275
176808,Google Phone,1.0,600.0,04/28/19 18:03,"933 Meadow St, San Francisco, CA 94016",450
176813,Google Phone,1.0,600.0,04/28/19 18:01,"269 Hill St, Atlanta, GA 30301",450
176825,LG Washing Machine,1.0,600.0,04/13/19 22:31,"338 6th St, San Francisco, CA 94016",600
176828,iPhone,1.0,700.0,04/07/19 22:13,"696 Highland St, Seattle, WA 98101",525
176866,ThinkPad Laptop,1.0,999.99,04/02/19 11:42,"338 West St, New York City, NY 10001",750
176878,ThinkPad Laptop,1.0,999.99,04/13/19 09:15,"161 Highland St, San Francisco, CA 94016",750
176903,iPhone,1.0,700.0,04/09/19 11:10,"684 Main St, Boston, MA 02215",525
176923,LG Washing Machine,1.0,600.0,04/26/19 12:48,"259 6th St, Los Angeles, CA 90001",600
176929,ThinkPad Laptop,1.0,999.99,04/11/19 22:13,"743 11th St, Dallas, TX 75001",750
176931,ThinkPad Laptop,1.0,999.99,04/13/19 08:47,"57 Pine St, New York City, NY 10001",750
176937,Google Phone,1.0,600.0,04/30/19 22:04,"980 7th St, Los Angeles, CA 90001",450
176957,Google Phone,1.0,600.0,04/06/19 18:22,"582 Church St, Boston, MA 02215",450
176974,ThinkPad Laptop,1.0,999.99,04/05/19 22:51,"789 Center St, Seattle, WA 98101",750
176981,Google Phone,1.0,600.0,04/01/19 11:29,"924 11th St, San Francisco, CA 94016",450
176982,iPhone,1.0,700.0,04/14/19 13:53,"237 Lake St, Los Angeles, CA 90001",525
176989,Google Phone,1.0,600.0,04/09/19 13:43,"346 9th St, Los Angeles, CA 90001",450
176993,iPhone,1.0,700.0,04/07/19 09:43,"28 South St, Los Angeles, CA 90001",525
176994,Google Phone,1.0,600.0,04/15/19 12:39,"628 12th St, Los Angeles, CA 90001",450
177020,Macbook Pro Laptop,1.0,1700.0,04/16/19 22:31,"606 Walnut St, Seattle, WA 98101",1275
177022,iPhone,1.0,700.0,04/17/19 18:14,"216 Chestnut St, Los Angeles, CA 90001",525
177032,iPhone,1.0,700.0,04/22/19 07:29,"307 7th St, San Francisco, CA 94016",525
177038,iPhone,1.0,700.0,04/03/19 12:11,"632 Sunset St, San Francisco, CA 94016",525
177066,Macbook Pro Laptop,1.0,1700.0,04/08/19 20:02,"278 10th St, San Francisco, CA 94016",1275
177069,iPhone,1.0,700.0,04/17/19 13:40,"295 Jackson St, Portland, OR 97035",525
177072,iPhone,1.0,700.0,04/01/19 13:11,"682 9th St, Portland, ME 04101",525
177085,iPhone,1.0,700.0,04/19/19 20:31,"770 Elm St, New York City, NY 10001",525
177100,ThinkPad Laptop,1.0,999.99,04/06/19 15:28,"93 Spruce St, Atlanta, GA 30301",750
177102,iPhone,1.0,700.0,04/24/19 05:19,"542 Center St, New York City, NY 10001",525
177103,ThinkPad Laptop,1.0,999.99,04/12/19 11:41,"532 10th St, Portland, OR 97035",750
177115,iPhone,1.0,700.0,04/19/19 19:10,"71 6th St, San Francisco, CA 94016",525
177117,ThinkPad Laptop,1.0,999.99,04/16/19 19:34,"564 Hill St, San Francisco, CA 94016",750
177120,Macbook Pro Laptop,1.0,1700.0,04/03/19 09:46,"371 Church St, New York City, NY 10001",1275
177130,LG Washing Machine,1.0,600.0,04/01/19 08:43,"777 Center St, Los Angeles, CA 90001",600
177135,iPhone,1.0,700.0,04/25/19 06:18,"528 Ridge St, Los Angeles, CA 90001",525
177145,LG Washing Machine,1.0,600.0,04/25/19 09:50,"790 Walnut St, San Francisco, CA 94016",600
177151,ThinkPad Laptop,1.0,999.99,04/11/19 10:24,"625 Spruce St, San Francisco, CA 94016",750
177152,ThinkPad Laptop,1.0,999.99,04/05/19 23:20,"587 9th St, Los Angeles, CA 90001",750
177167,iPhone,1.0,700.0,04/28/19 16:40,"39 Lakeview St, Boston, MA 02215",525
177168,Google Phone,1.0,600.0,04/12/19 10:22,"306 Jackson St, New York City, NY 10001",450
177175,Macbook Pro Laptop,1.0,1700.0,04/11/19 07:49,"603 Lake St, Los Angeles, CA 90001",1275
177178,iPhone,1.0,700.0,04/07/19 00:02,"342 Dogwood St, Seattle, WA 98101",525
177182,Macbook Pro Laptop,1.0,1700.0,04/10/19 22:00,"332 10th St, Los Angeles, CA 90001",1275
177182,ThinkPad Laptop,1.0,999.99,04/10/19 22:00,"332 10th St, Los Angeles, CA 90001",750
177187,Google Phone,1.0,600.0,04/04/19 18:08,"600 1st St, Seattle, WA 98101",450
177197,ThinkPad Laptop,1.0,999.99,04/17/19 16:01,"654 River St, New York City, NY 10001",750
177199,iPhone,1.0,700.0,04/21/19 01:09,"640 Hill St, Austin, TX 73301",525
177213,iPhone,1.0,700.0,04/25/19 10:04,"756 Lincoln St, Dallas, TX 75001",525
177216,Macbook Pro Laptop,1.0,1700.0,04/25/19 17:45,"712 12th St, Atlanta, GA 30301",1275
177217,Macbook Pro Laptop,1.0,1700.0,04/15/19 16:13,"262 Willow St, New York City, NY 10001",1275
177225,ThinkPad Laptop,1.0,999.99,04/05/19 00:02,"399 Church St, San Francisco, CA 94016",750
177228,Google Phone,1.0,600.0,04/17/19 19:38,"233 South St, Dallas, TX 75001",450
177230,iPhone,1.0,700.0,04/06/19 00:26,"16 River St, Portland, ME 04101",525
177233,Google Phone,1.0,600.0,04/25/19 15:59,"622 7th St, Portland, ME 04101",450
177239,iPhone,1.0,700.0,04/13/19 12:17,"336 Maple St, San Francisco, CA 94016",525
177270,Google Phone,1.0,600.0,04/22/19 20:34,"518 North St, Los Angeles, CA 90001",450
177310,iPhone,1.0,700.0,04/29/19 20:03,"68 Chestnut St, Los Angeles, CA 90001",525
177313,Macbook Pro Laptop,1.0,1700.0,04/11/19 17:19,"317 Madison St, San Francisco, CA 94016",1275
177316,iPhone,1.0,700.0,04/01/19 10:25,"454 4th St, Dallas, TX 75001",525
177318,iPhone,1.0,700.0,04/10/19 20:44,"484 10th St, New York City, NY 10001",525
177328,ThinkPad Laptop,1.0,999.99,04/17/19 22:24,"857 Ridge St, Boston, MA 02215",750
177329,iPhone,1.0,700.0,04/29/19 08:12,"653 Walnut St, Seattle, WA 98101",525
177344,Google Phone,1.0,600.0,04/20/19 19:54,"286 Jackson St, Los Angeles, CA 90001",450
177348,Macbook Pro Laptop,1.0,1700.0,04/04/19 18:11,"972 9th St, Seattle, WA 98101",1275
177350,Google Phone,1.0,600.0,04/21/19 13:55,"833 Wilson St, Portland, OR 97035",450
177351,iPhone,1.0,700.0,04/13/19 07:52,"844 6th St, Dallas, TX 75001",525
177353,Macbook Pro Laptop,1.0,1700.0,04/04/19 10:27,"654 South St, Portland, OR 97035",1275
177354,Google Phone,1.0,600.0,04/11/19 22:38,"432 Chestnut St, New York City, NY 10001",450
177359,Macbook Pro Laptop,1.0,1700.0,04/18/19 14:47,"143 Willow St, San Francisco, CA 94016",1275
177364,ThinkPad Laptop,1.0,999.99,04/29/19 15:59,"938 Forest St, Los Angeles, CA 90001",750
177367,Google Phone,1.0,600.0,04/05/19 07:52,"141 Chestnut St, San Francisco, CA 94016",450
177379,Google Phone,1.0,600.0,04/19/19 14:24,"673 South St, Boston, MA 02215",450
177383,LG Dryer,1.0,600.0,04/17/19 18:52,"759 Spruce St, Austin, TX 73301",600
177385,Macbook Pro Laptop,1.0,1700.0,04/11/19 12:08,"27 Adams St, San Francisco, CA 94016",1275
177422,Macbook Pro Laptop,1.0,1700.0,04/05/19 19:52,"368 Jackson St, San Francisco, CA 94016",1275
177430,iPhone,1.0,700.0,04/08/19 12:05,"821 Sunset St, Seattle, WA 98101",525
177440,Macbook Pro Laptop,1.0,1700.0,04/20/19 14:39,"156 Hickory St, Los Angeles, CA 90001",1275
177441,iPhone,1.0,700.0,04/16/19 14:38,"559 Elm St, Dallas, TX 75001",525
177448,Google Phone,1.0,600.0,04/24/19 19:38,"915 Forest St, Los Angeles, CA 90001",450
177449,Macbook Pro Laptop,1.0,1700.0,04/29/19 14:07,"272 Lakeview St, Portland, OR 97035",1275
177450,ThinkPad Laptop,1.0,999.99,04/17/19 19:32,"525 Meadow St, New York City, NY 10001",750
177453,iPhone,1.0,700.0,04/16/19 21:05,"865 Sunset St, Portland, OR 97035",525
177458,Macbook Pro Laptop,1.0,1700.0,04/29/19 08:17,"807 Wilson St, Dallas, TX 75001",1275
177465,Macbook Pro Laptop,1.0,1700.0,04/13/19 09:13,"655 13th St, Boston, MA 02215",1275
177473,Macbook Pro Laptop,1.0,1700.0,04/02/19 18:24,"844 12th St, New York City, NY 10001",1275
177479,ThinkPad Laptop,1.0,999.99,04/27/19 10:39,"941 Jefferson St, Boston, MA 02215",750
177481,iPhone,1.0,700.0,04/13/19 16:54,"135 Forest St, Dallas, TX 75001",525
177486,ThinkPad Laptop,1.0,999.99,04/21/19 16:24,"809 Highland St, Seattle, WA 98101",750
177486,Google Phone,1.0,600.0,04/21/19 16:24,"809 Highland St, Seattle, WA 98101",450
177492,ThinkPad Laptop,1.0,999.99,04/15/19 09:14,"60 Ridge St, San Francisco, CA 94016",750
177496,iPhone,1.0,700.0,04/07/19 19:54,"241 Walnut St, Los Angeles, CA 90001",525
177497,ThinkPad Laptop,1.0,999.99,04/16/19 10:30,"135 6th St, San Francisco, CA 94016",750
177504,Google Phone,1.0,600.0,04/10/19 14:39,"19 Cedar St, Boston, MA 02215",450
177505,ThinkPad Laptop,1.0,999.99,04/30/19 16:04,"823 Johnson St, Seattle, WA 98101",750
177506,iPhone,1.0,700.0,04/02/19 07:46,"656 Pine St, Los Angeles, CA 90001",525
177511,iPhone,1.0,700.0,04/07/19 17:38,"719 North St, Los Angeles, CA 90001",525
177522,iPhone,1.0,700.0,04/03/19 22:41,"139 Hill St, Portland, OR 97035",525
177534,Macbook Pro Laptop,1.0,1700.0,04/26/19 16:49,"504 Hill St, Los Angeles, CA 90001",1275
177535,Macbook Pro Laptop,1.0,1700.0,04/14/19 09:26,"305 Center St, Boston, MA 02215",1275
177540,Google Phone,1.0,600.0,04/02/19 18:23,"778 Washington St, Los Angeles, CA 90001",450
177543,Macbook Pro Laptop,1.0,1700.0,04/14/19 16:45,"42 Maple St, San Francisco, CA 94016",1275
177550,Macbook Pro Laptop,1.0,1700.0,04/27/19 20:15,"506 Lincoln St, Dallas, TX 75001",1275
177558,ThinkPad Laptop,1.0,999.99,04/10/19 22:50,"990 9th St, San Francisco, CA 94016",750
177569,Google Phone,1.0,600.0,04/27/19 10:31,"994 7th St, Los Angeles, CA 90001",450
177578,Google Phone,1.0,600.0,04/28/19 22:51,"752 Park St, Dallas, TX 75001",450
177591,ThinkPad Laptop,1.0,999.99,04/26/19 22:04,"121 9th St, San Francisco, CA 94016",750
177592,iPhone,1.0,700.0,04/19/19 11:10,"448 Maple St, San Francisco, CA 94016",525
177600,Google Phone,1.0,600.0,04/24/19 23:05,"575 Walnut St, San Francisco, CA 94016",450
177605,Google Phone,1.0,600.0,04/04/19 07:41,"825 Madison St, New York City, NY 10001",450
177626,iPhone,1.0,700.0,04/19/19 07:53,"523 Main St, Atlanta, GA 30301",525
177630,Macbook Pro Laptop,1.0,1700.0,04/15/19 09:29,"399 9th St, Seattle, WA 98101",1275
177638,Google Phone,1.0,600.0,04/04/19 12:44,"261 Center St, Portland, OR 97035",450
177650,Macbook Pro Laptop,1.0,1700.0,04/13/19 13:54,"20 4th St, Dallas, TX 75001",1275
177661,ThinkPad Laptop,1.0,999.99,04/15/19 21:07,"188 Johnson St, Dallas, TX 75001",750
177665,LG Washing Machine,1.0,600.0,04/25/19 18:08,"842 Center St, San Francisco, CA 94016",600
177668,Macbook Pro Laptop,1.0,1700.0,04/01/19 09:20,"953 Johnson St, Boston, MA 02215",1275
177672,Macbook Pro Laptop,1.0,1700.0,04/14/19 21:12,"709 Jackson St, Austin, TX 73301",1275
177676,iPhone,1.0,700.0,04/27/19 14:33,"126 Forest St, Boston, MA 02215",525
177681,Macbook Pro Laptop,1.0,1700.0,04/01/19 14:07,"259 7th St, Dallas, TX 75001",1275
177692,Google Phone,1.0,600.0,04/08/19 20:08,"588 Hickory St, New York City, NY 10001",450
177693,Google Phone,1.0,600.0,04/04/19 14:21,"138 Johnson St, Boston, MA 02215",450
177718,Google Phone,1.0,600.0,04/30/19 15:06,"938 Johnson St, Atlanta, GA 30301",450
177719,Google Phone,1.0,600.0,04/18/19 23:41,"533 Adams St, Los Angeles, CA 90001",450
177729,iPhone,1.0,700.0,04/13/19 20:25,"318 6th St, Atlanta, GA 30301",525
177739,ThinkPad Laptop,1.0,999.99,04/01/19 09:39,"984 Park St, Dallas, TX 75001",750
177752,Google Phone,1.0,600.0,04/23/19 13:42,"178 6th St, Los Angeles, CA 90001",450
177769,iPhone,1.0,700.0,04/14/19 22:54,"728 Church St, Atlanta, GA 30301",525
177773,iPhone,1.0,700.0,04/01/19 20:03,"435 8th St, Atlanta, GA 30301",525
177776,iPhone,1.0,700.0,04/21/19 15:23,"958 Center St, Los Angeles, CA 90001",525
177777,Google Phone,1.0,600.0,04/06/19 19:22,"483 Chestnut St, New York City, NY 10001",450
177778,iPhone,1.0,700.0,05/01/19 00:48,"478 West St, Boston, MA 02215",525
177797,iPhone,1.0,700.0,04/27/19 14:38,"128 11th St, San Francisco, CA 94016",525
177800,Google Phone,1.0,600.0,04/03/19 11:56,"880 9th St, Portland, ME 04101",450
177814,LG Washing Machine,1.0,600.0,04/11/19 16:04,"79 Johnson St, Atlanta, GA 30301",600
177817,ThinkPad Laptop,1.0,999.99,04/20/19 22:46,"379 Chestnut St, New York City, NY 10001",750
177839,ThinkPad Laptop,1.0,999.99,04/07/19 14:36,"449 13th St, San Francisco, CA 94016",750
177847,ThinkPad Laptop,1.0,999.99,04/11/19 01:55,"608 Wilson St, Los Angeles, CA 90001",750
177863,Macbook Pro Laptop,1.0,1700.0,04/29/19 16:22,"385 Lincoln St, San Francisco, CA 94016",1275
177874,iPhone,1.0,700.0,04/04/19 18:23,"334 Willow St, Boston, MA 02215",525
177877,Google Phone,1.0,600.0,04/24/19 23:59,"666 Pine St, San Francisco, CA 94016",450
177888,iPhone,1.0,700.0,04/07/19 18:11,"530 Jefferson St, San Francisco, CA 94016",525
177890,Macbook Pro Laptop,1.0,1700.0,04/08/19 15:47,"486 Park St, New York City, NY 10001",1275
177898,Google Phone,1.0,600.0,04/16/19 13:38,"928 6th St, Los Angeles, CA 90001",450
177906,Google Phone,1.0,600.0,04/15/19 04:59,"876 Wilson St, New York City, NY 10001",450
177910,LG Dryer,1.0,600.0,04/10/19 10:17,"370 1st St, Los Angeles, CA 90001",600
177971,iPhone,1.0,700.0,04/30/19 08:05,"81 Lincoln St, San Francisco, CA 94016",525
177977,iPhone,1.0,700.0,04/03/19 19:49,"725 Pine St, San Francisco, CA 94016",525
177996,iPhone,1.0,700.0,04/07/19 17:20,"37 Jackson St, Atlanta, GA 30301",525
177999,ThinkPad Laptop,1.0,999.99,04/15/19 11:04,"257 10th St, New York City, NY 10001",750
178003,iPhone,1.0,700.0,04/04/19 18:52,"824 11th St, San Francisco, CA 94016",525
178007,iPhone,1.0,700.0,04/14/19 13:54,"824 Jefferson St, New York City, NY 10001",525
178018,Macbook Pro Laptop,1.0,1700.0,04/27/19 15:23,"378 Dogwood St, Portland, OR 97035",1275
178023,Google Phone,1.0,600.0,04/08/19 21:03,"671 Cherry St, San Francisco, CA 94016",450
178026,Macbook Pro Laptop,1.0,1700.0,04/08/19 23:11,"508 Park St, Los Angeles, CA 90001",1275
178029,iPhone,1.0,700.0,04/06/19 21:15,"800 9th St, Los Angeles, CA 90001",525
178046,iPhone,1.0,700.0,04/05/19 10:26,"767 Spruce St, New York City, NY 10001",525
178058,Macbook Pro Laptop,1.0,1700.0,04/17/19 17:12,"437 Lakeview St, San Francisco, CA 94016",1275
178065,iPhone,1.0,700.0,04/11/19 10:10,"552 Pine St, Atlanta, GA 30301",525
178070,Google Phone,1.0,600.0,04/19/19 18:41,"375 Cherry St, Portland, OR 97035",450
178077,ThinkPad Laptop,1.0,999.99,04/06/19 03:09,"771 14th St, San Francisco, CA 94016",750
178083,iPhone,1.0,700.0,04/28/19 12:26,"109 Cherry St, San Francisco, CA 94016",525
178097,Macbook Pro Laptop,1.0,1700.0,04/03/19 10:48,"207 Elm St, Atlanta, GA 30301",1275
178110,LG Dryer,1.0,600.0,04/17/19 18:11,"453 Maple St, San Francisco, CA 94016",600
178118,iPhone,1.0,700.0,04/27/19 11:48,"139 Dogwood St, Boston, MA 02215",525
178119,iPhone,1.0,700.0,04/29/19 00:48,"453 9th St, Seattle, WA 98101",525
178129,ThinkPad Laptop,1.0,999.99,04/30/19 08:19,"918 Main St, Boston, MA 02215",750
178131,iPhone,1.0,700.0,04/29/19 09:04,"865 Main St, Atlanta, GA 30301",525
178143,Macbook Pro Laptop,1.0,1700.0,04/28/19 13:41,"268 Forest St, San Francisco, CA 94016",1275
178148,ThinkPad Laptop,1.0,999.99,04/24/19 20:12,"208 5th St, Seattle, WA 98101",750
178154,ThinkPad Laptop,1.0,999.99,04/13/19 09:48,"449 Walnut St, Dallas, TX 75001",750
178158,Google Phone,1.0,600.0,04/28/19 21:13,"197 Center St, San Francisco, CA 94016",450
178162,iPhone,1.0,700.0,04/09/19 10:49,"888 North St, Seattle, WA 98101",525
178168,Macbook Pro Laptop,1.0,1700.0,04/21/19 14:48,"583 Washington St, New York City, NY 10001",1275
178188,ThinkPad Laptop,1.0,999.99,04/18/19 14:14,"482 13th St, New York City, NY 10001",750
178194,ThinkPad Laptop,1.0,999.99,04/21/19 11:18,"706 Adams St, Los Angeles, CA 90001",750
178195,Google Phone,1.0,600.0,04/02/19 13:21,"881 Lakeview St, San Francisco, CA 94016",450
178206,ThinkPad Laptop,1.0,999.99,04/06/19 20:55,"929 Elm St, Portland, OR 97035",750
178228,ThinkPad Laptop,1.0,999.99,04/14/19 00:10,"163 Jefferson St, Atlanta, GA 30301",750
178238,iPhone,1.0,700.0,04/23/19 22:09,"392 13th St, San Francisco, CA 94016",525
178242,iPhone,1.0,700.0,04/17/19 15:29,"681 2nd St, Austin, TX 73301",525
178258,iPhone,1.0,700.0,04/22/19 01:00,"479 9th St, Los Angeles, CA 90001",525
178267,Google Phone,1.0,600.0,04/17/19 11:51,"118 Lakeview St, Los Angeles, CA 90001",450
178272,ThinkPad Laptop,1.0,999.99,04/17/19 12:22,"94 Park St, Los Angeles, CA 90001",750
178279,ThinkPad Laptop,1.0,999.99,04/29/19 11:21,"163 1st St, Los Angeles, CA 90001",750
178280,iPhone,1.0,700.0,04/08/19 12:34,"806 Madison St, San Francisco, CA 94016",525
178290,ThinkPad Laptop,1.0,999.99,04/09/19 17:37,"647 Cedar St, Portland, ME 04101",750
178313,iPhone,1.0,700.0,04/11/19 12:27,"686 4th St, Boston, MA 02215",525
178317,Google Phone,1.0,600.0,04/19/19 08:52,"566 Spruce St, San Francisco, CA 94016",450
178326,Google Phone,1.0,600.0,04/20/19 21:21,"81 14th St, New York City, NY 10001",450
178328,Google Phone,1.0,600.0,04/16/19 08:18,"701 South St, Boston, MA 02215",450
178343,Google Phone,1.0,600.0,04/23/19 22:16,"838 Cherry St, Los Angeles, CA 90001",450
178345,LG Washing Machine,1.0,600.0,04/04/19 15:16,"545 12th St, Atlanta, GA 30301",600
178354,Google Phone,1.0,600.0,04/28/19 13:56,"401 Lake St, Seattle, WA 98101",450
178364,iPhone,1.0,700.0,04/16/19 10:21,"754 Sunset St, Portland, OR 97035",525
178365,Google Phone,1.0,600.0,04/10/19 17:39,"413 South St, New York City, NY 10001",450
178377,iPhone,1.0,700.0,04/20/19 04:12,"296 10th St, San Francisco, CA 94016",525
178385,ThinkPad Laptop,1.0,999.99,04/18/19 14:18,"941 Walnut St, Seattle, WA 98101",750
178394,Google Phone,1.0,600.0,04/03/19 11:16,"768 Wilson St, Atlanta, GA 30301",450
178403,Google Phone,1.0,600.0,04/05/19 01:07,"665 Spruce St, New York City, NY 10001",450
178413,ThinkPad Laptop,1.0,999.99,04/21/19 19:10,"629 Maple St, San Francisco, CA 94016",750
178415,Google Phone,1.0,600.0,04/08/19 20:25,"540 Washington St, New York City, NY 10001",450
178422,Macbook Pro Laptop,1.0,1700.0,04/14/19 19:16,"236 North St, Dallas, TX 75001",1275
178423,Google Phone,1.0,600.0,04/08/19 21:08,"402 Church St, San Francisco, CA 94016",450
178447,iPhone,1.0,700.0,04/29/19 20:11,"873 Lincoln St, Seattle, WA 98101",525
178448,ThinkPad Laptop,1.0,999.99,04/30/19 16:21,"153 River St, San Francisco, CA 94016",750
178472,Macbook Pro Laptop,1.0,1700.0,04/03/19 12:35,"789 4th St, San Francisco, CA 94016",1275
178474,Macbook Pro Laptop,1.0,1700.0,04/21/19 19:37,"333 Forest St, Atlanta, GA 30301",1275
178498,ThinkPad Laptop,1.0,999.99,04/24/19 19:31,"375 West St, San Francisco, CA 94016",750
178515,ThinkPad Laptop,1.0,999.99,04/16/19 19:31,"994 Madison St, Seattle, WA 98101",750
178530,iPhone,1.0,700.0,04/21/19 09:57,"109 West St, San Francisco, CA 94016",525
178550,Google Phone,1.0,600.0,04/17/19 14:50,"714 Willow St, San Francisco, CA 94016",450
178573,ThinkPad Laptop,1.0,999.99,04/14/19 10:07,"929 Spruce St, Dallas, TX 75001",750
178584,Macbook Pro Laptop,1.0,1700.0,04/30/19 14:51,"969 10th St, Portland, OR 97035",1275
178592,iPhone,1.0,700.0,04/05/19 22:07,"54 Spruce St, New York City, NY 10001",525
178625,Macbook Pro Laptop,1.0,1700.0,04/27/19 16:10,"161 6th St, San Francisco, CA 94016",1275
178636,Macbook Pro Laptop,1.0,1700.0,04/25/19 13:53,"853 10th St, New York City, NY 10001",1275
178638,ThinkPad Laptop,1.0,999.99,04/27/19 00:24,"807 Elm St, Austin, TX 73301",750
178648,Macbook Pro Laptop,1.0,1700.0,04/23/19 16:11,"669 Walnut St, New York City, NY 10001",1275
178651,Google Phone,1.0,600.0,04/27/19 06:18,"455 Walnut St, San Francisco, CA 94016",450
178670,iPhone,1.0,700.0,04/20/19 19:04,"24 Lincoln St, Dallas, TX 75001",525
178671,iPhone,1.0,700.0,04/29/19 07:22,"349 Lakeview St, San Francisco, CA 94016",525
178696,Macbook Pro Laptop,1.0,1700.0,04/25/19 17:45,"39 9th St, Austin, TX 73301",1275
178707,iPhone,1.0,700.0,04/11/19 18:33,"834 14th St, Los Angeles, CA 90001",525
178713,Google Phone,1.0,600.0,04/27/19 11:11,"933 Church St, Boston, MA 02215",450
178718,ThinkPad Laptop,1.0,999.99,04/23/19 00:56,"481 Cherry St, Los Angeles, CA 90001",750
178719,ThinkPad Laptop,1.0,999.99,04/25/19 07:54,"539 6th St, San Francisco, CA 94016",750
178731,Macbook Pro Laptop,1.0,1700.0,04/02/19 12:01,"918 Walnut St, Los Angeles, CA 90001",1275
178733,LG Dryer,1.0,600.0,04/22/19 11:59,"5 Wilson St, Seattle, WA 98101",600
178734,ThinkPad Laptop,1.0,999.99,04/27/19 14:04,"957 Highland St, Dallas, TX 75001",750
178742,ThinkPad Laptop,1.0,999.99,04/06/19 23:32,"28 Walnut St, Seattle, WA 98101",750
178749,iPhone,1.0,700.0,04/30/19 15:53,"972 Hickory St, San Francisco, CA 94016",525
178754,ThinkPad Laptop,1.0,999.99,04/21/19 16:59,"571 7th St, Los Angeles, CA 90001",750
178759,Macbook Pro Laptop,1.0,1700.0,04/19/19 18:32,"452 10th St, Atlanta, GA 30301",1275
178781,Google Phone,1.0,600.0,04/03/19 16:47,"655 1st St, San Francisco, CA 94016",450
178799,Google Phone,1.0,600.0,04/29/19 18:22,"818 11th St, San Francisco, CA 94016",450
178816,ThinkPad Laptop,1.0,999.99,04/03/19 08:59,"112 Jackson St, Seattle, WA 98101",750
178819,Google Phone,1.0,600.0,04/26/19 16:35,"542 Center St, Los Angeles, CA 90001",450
178821,ThinkPad Laptop,1.0,999.99,04/06/19 20:26,"180 1st St, Los Angeles, CA 90001",750
178825,iPhone,1.0,700.0,04/02/19 14:00,"705 Center St, Atlanta, GA 30301",525
178829,ThinkPad Laptop,1.0,999.99,04/24/19 12:36,"933 Ridge St, Atlanta, GA 30301",750
178838,ThinkPad Laptop,1.0,999.99,04/12/19 11:22,"186 Spruce St, Seattle, WA 98101",750
178854,Macbook Pro Laptop,1.0,1700.0,04/10/19 12:35,"565 Ridge St, Dallas, TX 75001",1275
178862,Google Phone,1.0,600.0,04/26/19 12:20,"547 9th St, Seattle, WA 98101",450
178867,Google Phone,1.0,600.0,04/26/19 15:06,"137 Cedar St, Seattle, WA 98101",450
178875,Macbook Pro Laptop,1.0,1700.0,04/26/19 19:02,"924 Cedar St, San Francisco, CA 94016",1275
178879,LG Washing Machine,1.0,600.0,04/16/19 15:33,"792 Maple St, Portland, OR 97035",600
178883,LG Dryer,1.0,600.0,04/29/19 21:44,"575 6th St, Atlanta, GA 30301",600
178885,iPhone,1.0,700.0,04/28/19 19:16,"12 Hill St, San Francisco, CA 94016",525
178886,Google Phone,1.0,600.0,04/08/19 16:11,"207 Spruce St, Atlanta, GA 30301",450
178897,Google Phone,1.0,600.0,04/26/19 12:00,"684 13th St, Seattle, WA 98101",450
178905,LG Dryer,1.0,600.0,04/19/19 13:33,"22 Adams St, New York City, NY 10001",600
178906,LG Washing Machine,1.0,600.0,04/07/19 11:01,"994 Chestnut St, San Francisco, CA 94016",600
178923,iPhone,1.0,700.0,04/17/19 21:05,"381 Cherry St, San Francisco, CA 94016",525
178935,Google Phone,1.0,600.0,04/16/19 15:35,"725 Wilson St, Los Angeles, CA 90001",450
178937,ThinkPad Laptop,1.0,999.99,04/04/19 19:24,"196 Jackson St, San Francisco, CA 94016",750
178939,iPhone,1.0,700.0,04/03/19 15:54,"793 Washington St, Seattle, WA 98101",525
178954,Google Phone,1.0,600.0,04/17/19 17:12,"400 11th St, Boston, MA 02215",450
178962,Google Phone,1.0,600.0,04/30/19 22:54,"601 Chestnut St, Boston, MA 02215",450
178967,Google Phone,1.0,600.0,04/27/19 11:09,"651 4th St, Seattle, WA 98101",450
178970,ThinkPad Laptop,1.0,999.99,04/21/19 21:26,"987 2nd St, Boston, MA 02215",750
178976,iPhone,1.0,700.0,04/23/19 08:54,"90 Elm St, Los Angeles, CA 90001",525
178990,Google Phone,1.0,600.0,04/10/19 01:39,"417 13th St, San Francisco, CA 94016",450
178991,ThinkPad Laptop,1.0,999.99,04/27/19 14:26,"721 Maple St, Los Angeles, CA 90001",750
178996,Macbook Pro Laptop,1.0,1700.0,04/16/19 00:32,"950 8th St, Boston, MA 02215",1275
178999,LG Dryer,1.0,600.0,04/18/19 20:56,"129 7th St, Austin, TX 73301",600
179000,iPhone,1.0,700.0,04/23/19 22:23,"181 Cedar St, San Francisco, CA 94016",525
179008,iPhone,1.0,700.0,04/16/19 01:26,"186 Maple St, Boston, MA 02215",525
179018,iPhone,1.0,700.0,04/23/19 21:23,"913 2nd St, Dallas, TX 75001",525
179024,Google Phone,1.0,600.0,04/13/19 20:02,"475 Lake St, New York City, NY 10001",450
179054,Google Phone,1.0,600.0,04/17/19 16:12,"966 Jackson St, Seattle, WA 98101",450
179057,Google Phone,1.0,600.0,04/10/19 21:39,"820 13th St, New York City, NY 10001",450
179060,ThinkPad Laptop,1.0,999.99,04/03/19 12:37,"566 11th St, Los Angeles, CA 90001",750
179076,Google Phone,1.0,600.0,05/01/19 00:17,"635 Chestnut St, San Francisco, CA 94016",450
179083,Google Phone,1.0,600.0,04/06/19 21:59,"902 Chestnut St, Austin, TX 73301",450
179102,iPhone,1.0,700.0,04/13/19 20:50,"261 Wilson St, San Francisco, CA 94016",525
179105,iPhone,1.0,700.0,04/09/19 21:49,"615 Adams St, Portland, ME 04101",525
179106,iPhone,1.0,700.0,04/26/19 11:23,"529 9th St, Austin, TX 73301",525
179107,Google Phone,1.0,600.0,04/07/19 12:32,"312 Center St, Los Angeles, CA 90001",450
179119,iPhone,1.0,700.0,04/08/19 14:18,"994 Jackson St, San Francisco, CA 94016",525
179128,iPhone,1.0,700.0,04/26/19 19:20,"10 Ridge St, San Francisco, CA 94016",525
179129,iPhone,1.0,700.0,04/12/19 18:19,"416 Willow St, Atlanta, GA 30301",525
179137,Macbook Pro Laptop,1.0,1700.0,04/16/19 16:53,"623 Walnut St, Austin, TX 73301",1275
179148,ThinkPad Laptop,1.0,999.99,04/27/19 10:56,"716 South St, Los Angeles, CA 90001",750
179157,Google Phone,1.0,600.0,04/16/19 20:50,"515 Meadow St, San Francisco, CA 94016",450
179158,Macbook Pro Laptop,1.0,1700.0,04/03/19 17:29,"737 Cherry St, Los Angeles, CA 90001",1275
179162,Google Phone,1.0,600.0,04/23/19 16:51,"513 Sunset St, New York City, NY 10001",450
179164,Macbook Pro Laptop,1.0,1700.0,04/22/19 09:47,"793 Center St, Portland, ME 04101",1275
179174,LG Washing Machine,1.0,600.0,04/04/19 15:12,"201 Ridge St, Los Angeles, CA 90001",600
179186,ThinkPad Laptop,1.0,999.99,04/08/19 17:44,"981 6th St, Los Angeles, CA 90001",750
179190,iPhone,1.0,700.0,04/25/19 14:06,"220 Maple St, San Francisco, CA 94016",525
179194,ThinkPad Laptop,1.0,999.99,04/30/19 20:20,"50 Meadow St, Dallas, TX 75001",750
179222,Macbook Pro Laptop,1.0,1700.0,04/22/19 17:21,"97 1st St, San Francisco, CA 94016",1275
179226,Macbook Pro Laptop,1.0,1700.0,04/09/19 19:45,"332 Adams St, New York City, NY 10001",1275
179232,Macbook Pro Laptop,1.0,1700.0,04/12/19 09:02,"597 Cherry St, Dallas, TX 75001",1275
179237,Google Phone,1.0,600.0,04/29/19 16:16,"833 13th St, Los Angeles, CA 90001",450
179242,Macbook Pro Laptop,1.0,1700.0,04/10/19 21:45,"669 Park St, Portland, OR 97035",1275
179270,iPhone,1.0,700.0,04/01/19 20:38,"36 River St, Los Angeles, CA 90001",525
179280,iPhone,1.0,700.0,04/15/19 05:52,"666 Walnut St, San Francisco, CA 94016",525
179281,Macbook Pro Laptop,1.0,1700.0,04/25/19 16:06,"835 13th St, San Francisco, CA 94016",1275
179283,Google Phone,1.0,600.0,04/30/19 18:39,"248 Church St, San Francisco, CA 94016",450
179289,iPhone,1.0,700.0,04/30/19 16:13,"802 Johnson St, San Francisco, CA 94016",525
179317,ThinkPad Laptop,1.0,999.99,04/02/19 17:30,"114 7th St, New York City, NY 10001",750
179325,LG Washing Machine,1.0,600.0,04/17/19 13:09,"314 Jefferson St, Atlanta, GA 30301",600
179330,Google Phone,1.0,600.0,04/16/19 19:44,"33 Lakeview St, Boston, MA 02215",450
179334,iPhone,1.0,700.0,04/10/19 23:34,"972 Church St, Boston, MA 02215",525
179340,Macbook Pro Laptop,1.0,1700.0,04/28/19 10:37,"391 Center St, San Francisco, CA 94016",1275
179357,Google Phone,1.0,600.0,04/01/19 22:28,"740 Lakeview St, Dallas, TX 75001",450
179368,Google Phone,1.0,600.0,04/13/19 01:43,"132 Maple St, Los Angeles, CA 90001",450
179369,ThinkPad Laptop,1.0,999.99,04/03/19 23:57,"896 North St, Boston, MA 02215",750
179372,Google Phone,1.0,600.0,04/17/19 20:46,"215 10th St, San Francisco, CA 94016",450
179373,iPhone,1.0,700.0,04/18/19 12:08,"495 1st St, Atlanta, GA 30301",525
179379,Google Phone,1.0,600.0,04/12/19 15:28,"288 Washington St, Los Angeles, CA 90001",450
179388,iPhone,1.0,700.0,04/24/19 10:22,"767 Hickory St, New York City, NY 10001",525
179400,Macbook Pro Laptop,1.0,1700.0,04/09/19 07:05,"959 Main St, Atlanta, GA 30301",1275
179406,Google Phone,1.0,600.0,04/01/19 14:06,"331 14th St, Los Angeles, CA 90001",450
179412,Google Phone,1.0,600.0,04/09/19 10:53,"963 Center St, San Francisco, CA 94016",450
179415,Macbook Pro Laptop,1.0,1700.0,04/12/19 16:56,"645 West St, New York City, NY 10001",1275
179417,Macbook Pro Laptop,1.0,1700.0,04/23/19 19:23,"9 North St, Seattle, WA 98101",1275
179418,iPhone,1.0,700.0,04/21/19 18:17,"615 5th St, Atlanta, GA 30301",525
179421,Google Phone,1.0,600.0,04/25/19 19:04,"532 Pine St, Austin, TX 73301",450
179426,ThinkPad Laptop,1.0,999.99,04/24/19 21:30,"760 West St, New York City, NY 10001",750
179434,Macbook Pro Laptop,1.0,1700.0,04/24/19 14:26,"263 Washington St, New York City, NY 10001",1275
179435,LG Washing Machine,1.0,600.0,04/21/19 16:50,"398 Sunset St, Los Angeles, CA 90001",600
179438,iPhone,1.0,700.0,04/14/19 19:16,"31 Walnut St, San Francisco, CA 94016",525
179453,iPhone,1.0,700.0,04/19/19 15:18,"644 Chestnut St, Austin, TX 73301",525
179468,Google Phone,1.0,600.0,04/04/19 13:52,"9 2nd St, San Francisco, CA 94016",450
179475,Google Phone,1.0,600.0,04/19/19 02:20,"814 Jackson St, Los Angeles, CA 90001",450
179480,LG Dryer,1.0,600.0,04/13/19 11:49,"503 Lake St, Los Angeles, CA 90001",600
179491,LG Dryer,1.0,600.0,04/10/19 08:55,"291 6th St, Los Angeles, CA 90001",600
179496,iPhone,1.0,700.0,04/21/19 07:26,"796 Madison St, Portland, OR 97035",525
179500,Macbook Pro Laptop,1.0,1700.0,04/12/19 22:19,"687 6th St, San Francisco, CA 94016",1275
179502,LG Dryer,1.0,600.0,04/06/19 19:06,"538 Cedar St, San Francisco, CA 94016",600
179513,Macbook Pro Laptop,1.0,1700.0,04/01/19 23:41,"483 Jackson St, Los Angeles, CA 90001",1275
179514,Google Phone,1.0,600.0,04/26/19 16:05,"743 South St, Dallas, TX 75001",450
179521,Google Phone,1.0,600.0,04/24/19 19:12,"450 Walnut St, Dallas, TX 75001",450
179530,Google Phone,1.0,600.0,04/03/19 17:32,"854 Wilson St, San Francisco, CA 94016",450
179540,iPhone,1.0,700.0,04/11/19 12:53,"488 Hill St, Austin, TX 73301",525
179550,ThinkPad Laptop,1.0,999.99,04/07/19 12:48,"56 Willow St, New York City, NY 10001",750
179568,Macbook Pro Laptop,1.0,1700.0,04/18/19 20:32,"644 North St, San Francisco, CA 94016",1275
179573,Google Phone,1.0,600.0,04/11/19 20:52,"301 Jackson St, Los Angeles, CA 90001",450
179595,LG Washing Machine,1.0,600.0,04/13/19 19:35,"656 Chestnut St, Seattle, WA 98101",600
179600,Google Phone,1.0,600.0,04/27/19 11:51,"617 12th St, San Francisco, CA 94016",450
179607,Macbook Pro Laptop,1.0,1700.0,04/23/19 19:23,"823 2nd St, Seattle, WA 98101",1275
179608,LG Washing Machine,1.0,600.0,04/13/19 14:16,"970 Dogwood St, Los Angeles, CA 90001",600
179616,iPhone,1.0,700.0,04/04/19 19:04,"742 12th St, San Francisco, CA 94016",525
179618,iPhone,1.0,700.0,04/21/19 10:28,"292 Hickory St, Los Angeles, CA 90001",525
179636,Macbook Pro Laptop,1.0,1700.0,04/26/19 12:46,"209 11th St, New York City, NY 10001",1275
179650,iPhone,1.0,700.0,04/26/19 18:53,"304 Johnson St, Dallas, TX 75001",525
179654,iPhone,1.0,700.0,04/14/19 17:28,"357 Pine St, Boston, MA 02215",525
179655,iPhone,1.0,700.0,04/03/19 23:50,"176 Cedar St, Los Angeles, CA 90001",525
179669,iPhone,1.0,700.0,04/26/19 11:29,"451 Walnut St, Portland, OR 97035",525
179675,Macbook Pro Laptop,1.0,1700.0,04/15/19 18:12,"397 Madison St, Los Angeles, CA 90001",1275
179687,Macbook Pro Laptop,1.0,1700.0,04/16/19 13:56,"84 Pine St, San Francisco, CA 94016",1275
179696,iPhone,1.0,700.0,04/20/19 18:41,"296 Lakeview St, Portland, OR 97035",525
179713,Macbook Pro Laptop,1.0,1700.0,04/25/19 14:48,"950 5th St, New York City, NY 10001",1275
179718,LG Dryer,1.0,600.0,04/16/19 22:12,"51 Walnut St, New York City, NY 10001",600
179729,Google Phone,1.0,600.0,04/15/19 03:52,"163 Cherry St, Atlanta, GA 30301",450
179736,iPhone,1.0,700.0,04/25/19 15:13,"151 Church St, Atlanta, GA 30301",525
179741,Macbook Pro Laptop,1.0,1700.0,04/29/19 12:52,"454 Lakeview St, New York City, NY 10001",1275
179745,Google Phone,1.0,600.0,04/05/19 10:48,"209 South St, San Francisco, CA 94016",450
179750,iPhone,1.0,700.0,04/08/19 04:26,"634 Elm St, Seattle, WA 98101",525
179753,Macbook Pro Laptop,1.0,1700.0,04/04/19 09:49,"25 Walnut St, San Francisco, CA 94016",1275
179755,Macbook Pro Laptop,1.0,1700.0,04/26/19 15:26,"945 Maple St, Atlanta, GA 30301",1275
179768,iPhone,1.0,700.0,04/28/19 15:11,"892 River St, Los Angeles, CA 90001",525
179802,Google Phone,1.0,600.0,04/28/19 17:20,"79 5th St, Boston, MA 02215",450
179820,Google Phone,1.0,600.0,04/03/19 08:40,"85 Hill St, Boston, MA 02215",450
179835,Google Phone,1.0,600.0,04/21/19 16:38,"158 Center St, Portland, OR 97035",450
179837,Google Phone,1.0,600.0,04/04/19 11:11,"568 Hill St, New York City, NY 10001",450
179846,ThinkPad Laptop,1.0,999.99,04/08/19 19:42,"380 South St, New York City, NY 10001",750
179852,ThinkPad Laptop,1.0,999.99,04/16/19 11:42,"19 Forest St, San Francisco, CA 94016",750
179860,LG Dryer,1.0,600.0,04/20/19 12:45,"762 Meadow St, Dallas, TX 75001",600
179863,ThinkPad Laptop,1.0,999.99,04/05/19 08:21,"989 Maple St, San Francisco, CA 94016",750
179869,ThinkPad Laptop,1.0,999.99,04/02/19 19:15,"165 Lake St, San Francisco, CA 94016",750
179874,Macbook Pro Laptop,1.0,1700.0,04/27/19 19:08,"858 Cherry St, New York City, NY 10001",1275
179876,Macbook Pro Laptop,1.0,1700.0,04/19/19 14:01,"566 Chestnut St, Seattle, WA 98101",1275
179883,iPhone,1.0,700.0,04/04/19 15:53,"353 1st St, New York City, NY 10001",525
179884,ThinkPad Laptop,1.0,999.99,04/25/19 20:12,"64 Jackson St, Atlanta, GA 30301",750
179886,iPhone,1.0,700.0,04/23/19 11:42,"927 Center St, Los Angeles, CA 90001",525
179898,iPhone,1.0,700.0,04/30/19 09:08,"536 Adams St, New York City, NY 10001",525
179905,iPhone,1.0,700.0,04/28/19 22:23,"699 Lake St, Atlanta, GA 30301",525
179913,Google Phone,1.0,600.0,04/16/19 17:25,"12 Madison St, San Francisco, CA 94016",450
179914,Macbook Pro Laptop,1.0,1700.0,04/15/19 22:39,"27 8th St, Los Angeles, CA 90001",1275
179934,ThinkPad Laptop,1.0,999.99,04/09/19 08:30,"488 South St, San Francisco, CA 94016",750
179942,LG Dryer,1.0,600.0,04/16/19 14:24,"209 Meadow St, New York City, NY 10001",600
179961,Google Phone,1.0,600.0,04/25/19 03:09,"141 Johnson St, New York City, NY 10001",450
179963,Macbook Pro Laptop,1.0,1700.0,04/30/19 15:31,"456 North St, Boston, MA 02215",1275
179965,Macbook Pro Laptop,1.0,1700.0,04/30/19 15:23,"45 Cedar St, Seattle, WA 98101",1275
179966,iPhone,1.0,700.0,04/15/19 08:40,"979 13th St, New York City, NY 10001",525
179969,Google Phone,1.0,600.0,04/21/19 16:14,"729 9th St, Atlanta, GA 30301",450
179971,iPhone,1.0,700.0,04/01/19 22:27,"95 Center St, Los Angeles, CA 90001",525
179974,ThinkPad Laptop,1.0,999.99,04/29/19 18:00,"727 Dogwood St, New York City, NY 10001",750
179980,iPhone,1.0,700.0,04/09/19 18:49,"471 Maple St, Los Angeles, CA 90001",525
179983,iPhone,1.0,700.0,04/12/19 11:38,"203 River St, Los Angeles, CA 90001",525
179984,Google Phone,1.0,600.0,04/05/19 07:07,"781 1st St, Los Angeles, CA 90001",450
179985,iPhone,1.0,700.0,04/16/19 23:50,"362 Elm St, Dallas, TX 75001",525
179989,LG Washing Machine,1.0,600.0,04/02/19 20:54,"889 Hickory St, Los Angeles, CA 90001",600
179990,LG Dryer,1.0,600.0,04/25/19 15:35,"583 Jackson St, Dallas, TX 75001",600
179995,Macbook Pro Laptop,1.0,1700.0,04/06/19 19:50,"206 West St, New York City, NY 10001",1275
179998,iPhone,1.0,700.0,04/01/19 21:17,"686 Pine St, New York City, NY 10001",525
179999,iPhone,1.0,700.0,04/26/19 19:19,"757 1st St, San Francisco, CA 94016",525
180000,iPhone,1.0,700.0,04/15/19 11:01,"704 11th St, New York City, NY 10001",525
180002,ThinkPad Laptop,1.0,999.99,04/25/19 11:25,"567 West St, Atlanta, GA 30301",750
180020,iPhone,1.0,700.0,04/06/19 13:18,"75 River St, San Francisco, CA 94016",525
180029,ThinkPad Laptop,1.0,999.99,04/28/19 10:59,"225 Center St, San Francisco, CA 94016",750
180053,ThinkPad Laptop,1.0,999.99,04/24/19 11:30,"387 South St, Boston, MA 02215",750
180056,ThinkPad Laptop,1.0,999.99,04/16/19 09:52,"727 Ridge St, New York City, NY 10001",750
180064,iPhone,1.0,700.0,04/07/19 05:39,"910 Lakeview St, San Francisco, CA 94016",525
180072,Macbook Pro Laptop,1.0,1700.0,04/17/19 20:35,"769 Willow St, Los Angeles, CA 90001",1275
180078,Macbook Pro Laptop,1.0,1700.0,04/24/19 16:40,"548 Meadow St, Dallas, TX 75001",1275
180079,Google Phone,1.0,600.0,04/12/19 10:48,"138 7th St, San Francisco, CA 94016",450
180082,LG Dryer,1.0,600.0,04/14/19 08:35,"886 Pine St, Los Angeles, CA 90001",600
180085,iPhone,1.0,700.0,04/16/19 08:49,"857 Walnut St, Boston, MA 02215",525
180091,iPhone,1.0,700.0,04/28/19 20:03,"602 Main St, Los Angeles, CA 90001",525
180094,LG Washing Machine,1.0,600.0,04/06/19 01:05,"470 Madison St, New York City, NY 10001",600
180099,ThinkPad Laptop,1.0,999.99,04/11/19 16:49,"696 North St, New York City, NY 10001",750
180110,Macbook Pro Laptop,1.0,1700.0,04/16/19 17:52,"962 4th St, Seattle, WA 98101",1275
180117,Macbook Pro Laptop,1.0,1700.0,04/30/19 20:06,"40 Elm St, San Francisco, CA 94016",1275
180119,ThinkPad Laptop,1.0,999.99,04/26/19 09:24,"846 Elm St, San Francisco, CA 94016",750
180127,LG Washing Machine,1.0,600.0,04/23/19 09:34,"927 Jackson St, Los Angeles, CA 90001",600
180129,Google Phone,1.0,600.0,04/14/19 17:43,"274 Center St, Portland, OR 97035",450
180133,iPhone,1.0,700.0,04/02/19 13:20,"941 8th St, Dallas, TX 75001",525
180135,Google Phone,1.0,600.0,04/13/19 14:46,"334 1st St, Seattle, WA 98101",450
180146,iPhone,1.0,700.0,04/11/19 17:48,"937 Jefferson St, Boston, MA 02215",525
180147,Google Phone,1.0,600.0,04/15/19 23:54,"296 7th St, Atlanta, GA 30301",450
180157,Google Phone,1.0,600.0,04/03/19 20:57,"156 Sunset St, New York City, NY 10001",450
180161,ThinkPad Laptop,1.0,999.99,04/16/19 07:56,"598 Meadow St, Boston, MA 02215",750
180171,ThinkPad Laptop,1.0,999.99,04/01/19 12:31,"128 Park St, San Francisco, CA 94016",750
180176,Macbook Pro Laptop,1.0,1700.0,04/15/19 00:05,"25 Adams St, San Francisco, CA 94016",1275
180192,Macbook Pro Laptop,1.0,1700.0,04/01/19 12:55,"732 Lakeview St, Boston, MA 02215",1275
180199,ThinkPad Laptop,1.0,999.99,04/06/19 14:40,"254 River St, San Francisco, CA 94016",750
180206,iPhone,1.0,700.0,04/02/19 08:43,"274 River St, San Francisco, CA 94016",525
180208,Macbook Pro Laptop,1.0,1700.0,04/04/19 12:19,"800 Center St, New York City, NY 10001",1275
180236,iPhone,1.0,700.0,04/11/19 19:13,"173 Pine St, Austin, TX 73301",525
180237,iPhone,1.0,700.0,04/18/19 12:35,"746 1st St, Seattle, WA 98101",525
180278,iPhone,1.0,700.0,04/10/19 10:23,"77 1st St, San Francisco, CA 94016",525
180319,ThinkPad Laptop,1.0,999.99,04/30/19 16:18,"13 Dogwood St, Boston, MA 02215",750
180322,iPhone,1.0,700.0,04/13/19 14:03,"732 10th St, San Francisco, CA 94016",525
180335,ThinkPad Laptop,1.0,999.99,04/08/19 17:21,"356 Chestnut St, Los Angeles, CA 90001",750
180343,ThinkPad Laptop,1.0,999.99,04/13/19 11:44,"952 Park St, Boston, MA 02215",750
180351,ThinkPad Laptop,1.0,999.99,04/09/19 09:45,"447 Pine St, San Francisco, CA 94016",750
180359,LG Dryer,1.0,600.0,04/03/19 15:17,"20 Ridge St, Los Angeles, CA 90001",600
180360,ThinkPad Laptop,1.0,999.99,04/25/19 19:01,"295 Dogwood St, Los Angeles, CA 90001",750
180365,Google Phone,1.0,600.0,04/23/19 21:27,"414 13th St, Los Angeles, CA 90001",450
180370,Google Phone,1.0,600.0,04/17/19 12:55,"758 Park St, Los Angeles, CA 90001",450
180391,LG Washing Machine,1.0,600.0,04/06/19 14:11,"979 Lakeview St, San Francisco, CA 94016",600
180394,iPhone,1.0,700.0,04/09/19 14:40,"201 7th St, Seattle, WA 98101",525
180398,LG Dryer,1.0,600.0,04/18/19 03:10,"684 9th St, San Francisco, CA 94016",600
180399,iPhone,1.0,700.0,04/11/19 15:57,"535 Johnson St, Austin, TX 73301",525
180401,ThinkPad Laptop,1.0,999.99,04/14/19 10:56,"598 Lakeview St, Dallas, TX 75001",750
180420,ThinkPad Laptop,1.0,999.99,04/10/19 20:26,"841 Center St, San Francisco, CA 94016",750
180421,iPhone,1.0,700.0,04/21/19 18:59,"652 Adams St, Los Angeles, CA 90001",525
180422,Google Phone,1.0,600.0,04/10/19 16:02,"755 Ridge St, San Francisco, CA 94016",450
180423,Google Phone,1.0,600.0,04/29/19 13:28,"373 13th St, Boston, MA 02215",450
180429,ThinkPad Laptop,1.0,999.99,04/18/19 16:24,"686 Jackson St, Portland, OR 97035",750
180430,Google Phone,1.0,600.0,04/10/19 15:34,"118 Highland St, Seattle, WA 98101",450
180431,Macbook Pro Laptop,1.0,1700.0,04/01/19 21:40,"746 12th St, Austin, TX 73301",1275
180449,ThinkPad Laptop,1.0,999.99,04/05/19 12:00,"431 Willow St, San Francisco, CA 94016",750
180451,Macbook Pro Laptop,1.0,1700.0,04/02/19 10:08,"849 Chestnut St, San Francisco, CA 94016",1275
180456,iPhone,1.0,700.0,04/28/19 13:36,"900 Highland St, Portland, OR 97035",525
180460,Google Phone,1.0,600.0,04/20/19 14:57,"127 Adams St, San Francisco, CA 94016",450
180494,iPhone,1.0,700.0,04/29/19 10:04,"972 Pine St, Austin, TX 73301",525
180496,Macbook Pro Laptop,1.0,1700.0,04/06/19 13:07,"646 Maple St, Seattle, WA 98101",1275
180514,iPhone,1.0,700.0,04/15/19 16:28,"958 1st St, Portland, OR 97035",525
180523,iPhone,1.0,700.0,04/09/19 13:24,"591 Lake St, Dallas, TX 75001",525
180530,ThinkPad Laptop,1.0,999.99,04/06/19 19:15,"466 Meadow St, Los Angeles, CA 90001",750
180532,iPhone,1.0,700.0,04/18/19 11:31,"865 River St, Los Angeles, CA 90001",525
180535,iPhone,1.0,700.0,04/27/19 21:51,"42 Lakeview St, Austin, TX 73301",525
180540,iPhone,1.0,700.0,04/21/19 21:00,"330 6th St, Los Angeles, CA 90001",525
180543,Google Phone,1.0,600.0,04/29/19 22:42,"945 River St, San Francisco, CA 94016",450
180545,Macbook Pro Laptop,1.0,1700.0,04/07/19 20:28,"483 Main St, San Francisco, CA 94016",1275
180554,Macbook Pro Laptop,1.0,1700.0,04/21/19 10:41,"466 Chestnut St, Seattle, WA 98101",1275
180574,Google Phone,1.0,600.0,04/17/19 12:06,"742 13th St, Los Angeles, CA 90001",450
180583,Google Phone,1.0,600.0,04/30/19 14:40,"168 Chestnut St, San Francisco, CA 94016",450
180598,Macbook Pro Laptop,1.0,1700.0,04/24/19 11:49,"772 Ridge St, Los Angeles, CA 90001",1275
180626,iPhone,1.0,700.0,04/13/19 12:21,"769 Hickory St, Atlanta, GA 30301",525
180627,iPhone,1.0,700.0,04/11/19 19:46,"888 4th St, New York City, NY 10001",525
180629,Google Phone,1.0,600.0,04/30/19 08:13,"677 Wilson St, San Francisco, CA 94016",450
180633,Google Phone,1.0,600.0,04/25/19 22:49,"602 Hickory St, Seattle, WA 98101",450
180641,iPhone,1.0,700.0,04/02/19 22:44,"803 Center St, Atlanta, GA 30301",525
180642,iPhone,1.0,700.0,04/02/19 20:36,"376 Lincoln St, Boston, MA 02215",525
180645,ThinkPad Laptop,1.0,999.99,04/18/19 19:35,"713 14th St, Boston, MA 02215",750
180646,iPhone,1.0,700.0,04/21/19 15:24,"376 North St, San Francisco, CA 94016",525
180649,ThinkPad Laptop,1.0,999.99,04/02/19 04:56,"586 2nd St, San Francisco, CA 94016",750
180652,Google Phone,1.0,600.0,04/10/19 15:09,"623 9th St, New York City, NY 10001",450
180656,ThinkPad Laptop,1.0,999.99,04/20/19 23:29,"343 Highland St, Austin, TX 73301",750
180657,Macbook Pro Laptop,1.0,1700.0,04/10/19 10:31,"728 9th St, New York City, NY 10001",1275
180659,LG Washing Machine,1.0,600.0,04/25/19 14:35,"434 Cherry St, San Francisco, CA 94016",600
180663,LG Washing Machine,1.0,600.0,04/12/19 09:37,"785 Park St, Los Angeles, CA 90001",600
180664,ThinkPad Laptop,1.0,999.99,04/04/19 18:21,"86 2nd St, Atlanta, GA 30301",750
180666,iPhone,1.0,700.0,04/19/19 18:01,"652 Sunset St, Los Angeles, CA 90001",525
180670,Google Phone,1.0,600.0,04/06/19 20:46,"635 Main St, San Francisco, CA 94016",450
180675,ThinkPad Laptop,1.0,999.99,04/09/19 15:22,"731 1st St, Atlanta, GA 30301",750
180701,ThinkPad Laptop,1.0,999.99,04/11/19 23:15,"176 Hickory St, New York City, NY 10001",750
180710,iPhone,1.0,700.0,04/25/19 11:30,"796 Meadow St, Atlanta, GA 30301",525
180711,iPhone,1.0,700.0,04/01/19 08:37,"322 Johnson St, Los Angeles, CA 90001",525
180723,Google Phone,1.0,600.0,04/20/19 16:54,"405 Center St, Los Angeles, CA 90001",450
180728,ThinkPad Laptop,1.0,999.99,04/22/19 20:27,"376 Adams St, Portland, ME 04101",750
180749,ThinkPad Laptop,1.0,999.99,04/03/19 10:24,"175 Dogwood St, Boston, MA 02215",750
180767,iPhone,1.0,700.0,04/12/19 18:05,"456 North St, San Francisco, CA 94016",525
180777,Google Phone,1.0,600.0,04/13/19 13:39,"223 Main St, Los Angeles, CA 90001",450
180788,iPhone,1.0,700.0,04/15/19 16:53,"418 2nd St, New York City, NY 10001",525
180809,ThinkPad Laptop,1.0,999.99,04/20/19 22:43,"553 Cherry St, New York City, NY 10001",750
180811,iPhone,1.0,700.0,04/25/19 12:32,"178 8th St, Los Angeles, CA 90001",525
180827,Macbook Pro Laptop,1.0,1700.0,04/21/19 09:37,"398 Lincoln St, Los Angeles, CA 90001",1275
180834,Macbook Pro Laptop,1.0,1700.0,04/29/19 08:08,"12 Washington St, New York City, NY 10001",1275
180846,ThinkPad Laptop,1.0,999.99,04/12/19 17:40,"297 9th St, Atlanta, GA 30301",750
180865,iPhone,1.0,700.0,04/12/19 10:06,"520 Lincoln St, San Francisco, CA 94016",525
180866,Google Phone,1.0,600.0,04/27/19 16:33,"472 Lakeview St, Boston, MA 02215",450
180874,Google Phone,1.0,600.0,04/01/19 19:36,"191 Forest St, Boston, MA 02215",450
180883,LG Dryer,1.0,600.0,04/02/19 16:07,"185 1st St, Portland, OR 97035",600
180884,iPhone,1.0,700.0,04/14/19 23:36,"1 Hickory St, Atlanta, GA 30301",525
180885,Google Phone,1.0,600.0,04/13/19 18:45,"580 Hill St, Los Angeles, CA 90001",450
180887,Google Phone,1.0,600.0,04/28/19 19:08,"248 Pine St, Austin, TX 73301",450
180896,Macbook Pro Laptop,1.0,1700.0,04/03/19 22:58,"775 Cherry St, Boston, MA 02215",1275
180906,ThinkPad Laptop,1.0,999.99,04/03/19 23:59,"592 Ridge St, Los Angeles, CA 90001",750
180907,iPhone,1.0,700.0,04/30/19 10:49,"138 8th St, Seattle, WA 98101",525
180909,ThinkPad Laptop,1.0,999.99,04/07/19 19:07,"846 8th St, Dallas, TX 75001",750
180911,iPhone,1.0,700.0,04/17/19 14:37,"821 Main St, Austin, TX 73301",525
180915,iPhone,1.0,700.0,04/06/19 01:11,"157 Center St, Boston, MA 02215",525
180918,Macbook Pro Laptop,1.0,1700.0,04/24/19 23:05,"960 Wilson St, Dallas, TX 75001",1275
180920,iPhone,1.0,700.0,04/30/19 09:17,"583 Willow St, San Francisco, CA 94016",525
180921,Macbook Pro Laptop,1.0,1700.0,04/26/19 16:29,"318 River St, Seattle, WA 98101",1275
180931,ThinkPad Laptop,1.0,999.99,04/16/19 12:34,"30 Dogwood St, Boston, MA 02215",750
180949,Macbook Pro Laptop,1.0,1700.0,04/01/19 14:04,"208 12th St, Portland, OR 97035",1275
180964,Macbook Pro Laptop,1.0,1700.0,04/27/19 09:56,"937 14th St, San Francisco, CA 94016",1275
180976,Macbook Pro Laptop,1.0,1700.0,04/02/19 06:21,"896 Sunset St, Portland, OR 97035",1275
180979,LG Dryer,1.0,600.0,04/19/19 23:39,"517 8th St, Los Angeles, CA 90001",600
180998,Macbook Pro Laptop,1.0,1700.0,04/02/19 13:49,"96 Willow St, Los Angeles, CA 90001",1275
181004,iPhone,1.0,700.0,04/13/19 05:29,"866 5th St, Los Angeles, CA 90001",525
181020,LG Dryer,1.0,600.0,04/06/19 20:49,"460 1st St, San Francisco, CA 94016",600
181022,Google Phone,1.0,600.0,04/06/19 19:22,"66 10th St, San Francisco, CA 94016",450
181025,Macbook Pro Laptop,1.0,1700.0,04/30/19 09:22,"881 1st St, Boston, MA 02215",1275
181027,iPhone,1.0,700.0,04/02/19 19:08,"112 Lake St, New York City, NY 10001",525
181048,Macbook Pro Laptop,1.0,1700.0,04/11/19 13:47,"940 11th St, Dallas, TX 75001",1275
181063,Google Phone,1.0,600.0,04/10/19 17:01,"547 Jefferson St, Los Angeles, CA 90001",450
181069,Macbook Pro Laptop,2.0,1700.0,04/27/19 21:01,"668 Park St, San Francisco, CA 94016",1275
181076,Google Phone,1.0,600.0,04/28/19 18:56,"131 1st St, Boston, MA 02215",450
181079,LG Dryer,1.0,600.0,04/19/19 17:20,"556 9th St, Austin, TX 73301",600
181095,Macbook Pro Laptop,1.0,1700.0,04/19/19 20:42,"251 South St, Dallas, TX 75001",1275
181102,Macbook Pro Laptop,1.0,1700.0,04/28/19 19:25,"895 North St, Los Angeles, CA 90001",1275
181103,iPhone,1.0,700.0,04/21/19 14:53,"630 Walnut St, Los Angeles, CA 90001",525
181110,Google Phone,1.0,600.0,04/12/19 12:57,"37 Lake St, New York City, NY 10001",450
181115,iPhone,1.0,700.0,04/28/19 19:10,"834 Meadow St, Boston, MA 02215",525
181119,iPhone,1.0,700.0,04/16/19 08:17,"55 South St, San Francisco, CA 94016",525
181128,Google Phone,1.0,600.0,04/28/19 01:54,"904 Maple St, Los Angeles, CA 90001",450
181153,Macbook Pro Laptop,1.0,1700.0,04/05/19 00:01,"561 Lincoln St, Portland, OR 97035",1275
181164,iPhone,1.0,700.0,04/17/19 00:15,"630 Hickory St, Austin, TX 73301",525
181177,iPhone,1.0,700.0,04/01/19 13:13,"244 Maple St, Portland, OR 97035",525
181179,Macbook Pro Laptop,1.0,1700.0,04/05/19 14:10,"892 5th St, Austin, TX 73301",1275
181198,LG Dryer,1.0,600.0,04/06/19 11:37,"470 Elm St, Austin, TX 73301",600
181206,Macbook Pro Laptop,1.0,1700.0,04/16/19 09:07,"561 Maple St, Los Angeles, CA 90001",1275
181232,ThinkPad Laptop,1.0,999.99,04/27/19 14:32,"722 River St, San Francisco, CA 94016",750
181247,Macbook Pro Laptop,1.0,1700.0,04/18/19 01:27,"513 10th St, San Francisco, CA 94016",1275
181257,iPhone,1.0,700.0,04/14/19 02:08,"175 Park St, Atlanta, GA 30301",525
181262,Google Phone,1.0,600.0,04/23/19 19:39,"94 Elm St, Boston, MA 02215",450
181266,iPhone,1.0,700.0,04/27/19 13:19,"624 Madison St, Boston, MA 02215",525
181282,ThinkPad Laptop,1.0,999.99,04/15/19 12:40,"338 Jefferson St, Austin, TX 73301",750
181298,Macbook Pro Laptop,1.0,1700.0,04/01/19 21:39,"732 Hickory St, Boston, MA 02215",1275
181302,iPhone,1.0,700.0,04/22/19 10:27,"534 Lakeview St, New York City, NY 10001",525
181309,ThinkPad Laptop,1.0,999.99,04/11/19 00:33,"643 Jackson St, Atlanta, GA 30301",750
181315,Google Phone,1.0,600.0,04/28/19 18:50,"123 8th St, San Francisco, CA 94016",450
181322,Google Phone,1.0,600.0,04/23/19 14:10,"691 14th St, Boston, MA 02215",450
181324,ThinkPad Laptop,1.0,999.99,04/16/19 10:01,"411 Elm St, San Francisco, CA 94016",750
181329,Google Phone,1.0,600.0,04/05/19 17:19,"334 10th St, Dallas, TX 75001",450
181338,iPhone,1.0,700.0,04/06/19 19:05,"975 Highland St, Portland, OR 97035",525
181339,Macbook Pro Laptop,1.0,1700.0,04/17/19 17:26,"905 10th St, San Francisco, CA 94016",1275
181341,Macbook Pro Laptop,1.0,1700.0,04/25/19 19:29,"829 Lincoln St, Los Angeles, CA 90001",1275
181363,ThinkPad Laptop,1.0,999.99,04/15/19 08:57,"593 North St, Boston, MA 02215",750
181370,iPhone,1.0,700.0,04/19/19 15:43,"785 11th St, Atlanta, GA 30301",525
181373,iPhone,1.0,700.0,04/05/19 12:31,"240 Adams St, San Francisco, CA 94016",525
181381,Macbook Pro Laptop,1.0,1700.0,04/15/19 20:19,"332 Walnut St, Dallas, TX 75001",1275
181400,iPhone,1.0,700.0,04/16/19 19:13,"388 5th St, New York City, NY 10001",525
181408,iPhone,1.0,700.0,04/02/19 22:45,"798 Highland St, San Francisco, CA 94016",525
181427,Google Phone,1.0,600.0,04/27/19 10:12,"624 10th St, Portland, ME 04101",450
181428,ThinkPad Laptop,1.0,999.99,04/02/19 04:34,"615 Cedar St, Portland, OR 97035",750
181432,LG Dryer,1.0,600.0,04/25/19 19:27,"804 Jackson St, Los Angeles, CA 90001",600
181438,LG Dryer,1.0,600.0,04/21/19 11:31,"960 Center St, Portland, OR 97035",600
181453,Macbook Pro Laptop,1.0,1700.0,04/27/19 11:01,"1 Meadow St, Atlanta, GA 30301",1275
181469,Google Phone,1.0,600.0,04/14/19 10:08,"522 Forest St, Portland, OR 97035",450
181471,Macbook Pro Laptop,1.0,1700.0,04/20/19 22:17,"483 10th St, Los Angeles, CA 90001",1275
181480,iPhone,1.0,700.0,04/11/19 02:14,"681 1st St, Atlanta, GA 30301",525
181481,Macbook Pro Laptop,1.0,1700.0,04/07/19 06:54,"282 Cedar St, Dallas, TX 75001",1275
181510,ThinkPad Laptop,1.0,999.99,04/24/19 22:12,"451 Cherry St, Atlanta, GA 30301",750
181515,Google Phone,1.0,600.0,04/01/19 13:03,"832 7th St, New York City, NY 10001",450
181517,iPhone,1.0,700.0,04/04/19 15:00,"147 Madison St, San Francisco, CA 94016",525
181518,Google Phone,1.0,600.0,04/02/19 11:38,"298 Lakeview St, Los Angeles, CA 90001",450
181526,LG Dryer,1.0,600.0,04/17/19 00:23,"874 Hill St, San Francisco, CA 94016",600
181530,LG Dryer,1.0,600.0,04/14/19 09:14,"110 10th St, New York City, NY 10001",600
181535,Macbook Pro Laptop,1.0,1700.0,04/14/19 02:33,"283 Maple St, Los Angeles, CA 90001",1275
181541,ThinkPad Laptop,1.0,999.99,04/09/19 16:59,"721 Madison St, Los Angeles, CA 90001",750
181544,Macbook Pro Laptop,2.0,1700.0,04/22/19 12:48,"731 11th St, New York City, NY 10001",1275
181552,Macbook Pro Laptop,1.0,1700.0,04/01/19 07:06,"740 1st St, Atlanta, GA 30301",1275
181557,Google Phone,1.0,600.0,04/26/19 19:51,"427 West St, San Francisco, CA 94016",450
181560,ThinkPad Laptop,1.0,999.99,04/12/19 20:40,"897 10th St, Los Angeles, CA 90001",750
181563,Macbook Pro Laptop,1.0,1700.0,04/04/19 14:42,"218 Park St, New York City, NY 10001",1275
181581,Macbook Pro Laptop,1.0,1700.0,04/10/19 20:50,"768 Forest St, Boston, MA 02215",1275
181589,iPhone,1.0,700.0,04/25/19 16:23,"554 9th St, Los Angeles, CA 90001",525
181590,iPhone,1.0,700.0,04/21/19 18:58,"608 River St, Los Angeles, CA 90001",525
181591,Google Phone,1.0,600.0,04/17/19 09:28,"539 Walnut St, Los Angeles, CA 90001",450
181602,Google Phone,1.0,600.0,04/22/19 22:19,"518 Hill St, Seattle, WA 98101",450
181607,iPhone,1.0,700.0,04/24/19 20:28,"665 12th St, San Francisco, CA 94016",525
181611,Google Phone,1.0,600.0,04/17/19 06:42,"240 Lakeview St, Portland, OR 97035",450
181618,ThinkPad Laptop,1.0,999.99,04/30/19 22:06,"566 Cherry St, San Francisco, CA 94016",750
181639,Macbook Pro Laptop,1.0,1700.0,04/07/19 20:44,"78 Dogwood St, Boston, MA 02215",1275
181641,Macbook Pro Laptop,1.0,1700.0,04/08/19 12:42,"352 West St, San Francisco, CA 94016",1275
181646,Google Phone,1.0,600.0,04/19/19 16:49,"863 Main St, Dallas, TX 75001",450
181647,iPhone,1.0,700.0,04/09/19 22:31,"524 8th St, New York City, NY 10001",525
181652,iPhone,1.0,700.0,04/18/19 11:14,"427 9th St, San Francisco, CA 94016",525
181659,ThinkPad Laptop,1.0,999.99,04/03/19 21:39,"325 Jefferson St, San Francisco, CA 94016",750
181662,ThinkPad Laptop,1.0,999.99,04/07/19 21:53,"795 5th St, Los Angeles, CA 90001",750
181663,iPhone,1.0,700.0,04/04/19 11:09,"828 North St, New York City, NY 10001",525
181664,iPhone,1.0,700.0,04/29/19 17:23,"926 Maple St, Austin, TX 73301",525
181665,ThinkPad Laptop,1.0,999.99,04/02/19 17:49,"101 Jefferson St, Los Angeles, CA 90001",750
181669,LG Dryer,1.0,600.0,04/04/19 19:44,"41 11th St, Atlanta, GA 30301",600
181673,ThinkPad Laptop,1.0,999.99,04/17/19 18:31,"78 Dogwood St, New York City, NY 10001",750
181683,Google Phone,1.0,600.0,04/26/19 13:43,"493 Jackson St, Boston, MA 02215",450
181687,iPhone,1.0,700.0,04/02/19 22:36,"761 Elm St, Seattle, WA 98101",525
181688,ThinkPad Laptop,1.0,999.99,05/01/19 02:07,"123 4th St, San Francisco, CA 94016",750
181691,iPhone,1.0,700.0,04/09/19 10:54,"179 Highland St, San Francisco, CA 94016",525
181697,Google Phone,1.0,600.0,04/08/19 16:06,"834 Cherry St, San Francisco, CA 94016",450
181724,iPhone,1.0,700.0,04/12/19 17:52,"691 13th St, Dallas, TX 75001",525
181725,iPhone,1.0,700.0,04/05/19 11:27,"292 Dogwood St, Los Angeles, CA 90001",525
181731,ThinkPad Laptop,1.0,999.99,04/01/19 13:22,"222 North St, New York City, NY 10001",750
181735,iPhone,1.0,700.0,04/03/19 11:18,"637 4th St, Dallas, TX 75001",525
181736,iPhone,1.0,700.0,04/29/19 20:19,"119 Chestnut St, Portland, ME 04101",525
181740,ThinkPad Laptop,1.0,999.99,04/10/19 11:47,"570 7th St, San Francisco, CA 94016",750
181747,LG Dryer,1.0,600.0,04/19/19 17:01,"874 Forest St, Dallas, TX 75001",600
181754,Google Phone,1.0,600.0,04/30/19 12:05,"479 Madison St, Boston, MA 02215",450
181768,Macbook Pro Laptop,1.0,1700.0,04/15/19 22:16,"450 Ridge St, San Francisco, CA 94016",1275
181789,ThinkPad Laptop,1.0,999.99,04/29/19 23:51,"218 Wilson St, Dallas, TX 75001",750
181807,iPhone,1.0,700.0,04/07/19 16:36,"73 South St, San Francisco, CA 94016",525
181816,iPhone,1.0,700.0,04/21/19 12:17,"397 Madison St, Dallas, TX 75001",525
181843,iPhone,1.0,700.0,04/12/19 11:20,"9 Madison St, Atlanta, GA 30301",525
181845,iPhone,1.0,700.0,04/12/19 12:34,"786 Johnson St, San Francisco, CA 94016",525
181849,Macbook Pro Laptop,1.0,1700.0,04/21/19 17:21,"903 Maple St, Dallas, TX 75001",1275
181853,Google Phone,1.0,600.0,04/26/19 15:10,"353 Washington St, San Francisco, CA 94016",450
181857,Macbook Pro Laptop,1.0,1700.0,04/05/19 17:33,"355 Willow St, San Francisco, CA 94016",1275
181858,iPhone,1.0,700.0,04/15/19 20:51,"552 Dogwood St, New York City, NY 10001",525
181860,Google Phone,1.0,600.0,04/21/19 12:43,"704 Park St, San Francisco, CA 94016",450
181862,iPhone,1.0,700.0,04/20/19 10:39,"812 South St, Seattle, WA 98101",525
181874,Google Phone,1.0,600.0,04/26/19 22:28,"235 Ridge St, San Francisco, CA 94016",450
181893,Macbook Pro Laptop,1.0,1700.0,04/20/19 21:15,"286 11th St, New York City, NY 10001",1275
181894,iPhone,1.0,700.0,04/15/19 17:58,"838 Maple St, Austin, TX 73301",525
181904,iPhone,1.0,700.0,04/15/19 11:26,"502 Cedar St, Boston, MA 02215",525
181912,Google Phone,1.0,600.0,04/29/19 04:34,"218 Willow St, San Francisco, CA 94016",450
181913,ThinkPad Laptop,1.0,999.99,04/19/19 21:44,"751 Cherry St, Portland, ME 04101",750
181917,Google Phone,1.0,600.0,04/10/19 12:24,"899 Main St, Portland, OR 97035",450
181929,Google Phone,1.0,600.0,04/13/19 14:56,"593 13th St, New York City, NY 10001",450
181930,Google Phone,1.0,600.0,04/30/19 06:26,"833 Hill St, Portland, ME 04101",450
181936,iPhone,1.0,700.0,04/27/19 10:21,"368 Cedar St, San Francisco, CA 94016",525
181942,Google Phone,1.0,600.0,04/09/19 17:26,"550 Maple St, Seattle, WA 98101",450
181958,iPhone,1.0,700.0,04/26/19 18:55,"38 9th St, Seattle, WA 98101",525
181961,Macbook Pro Laptop,1.0,1700.0,04/11/19 08:59,"929 River St, San Francisco, CA 94016",1275
181977,Macbook Pro Laptop,1.0,1700.0,04/26/19 21:51,"671 Highland St, Los Angeles, CA 90001",1275
181978,Macbook Pro Laptop,1.0,1700.0,04/22/19 10:57,"485 5th St, Atlanta, GA 30301",1275
181983,ThinkPad Laptop,1.0,999.99,04/05/19 15:08,"3 Elm St, Dallas, TX 75001",750
181985,iPhone,1.0,700.0,04/09/19 21:12,"29 Meadow St, New York City, NY 10001",525
182018,iPhone,1.0,700.0,04/21/19 15:37,"165 13th St, Los Angeles, CA 90001",525
182022,Google Phone,1.0,600.0,04/19/19 15:32,"840 South St, Boston, MA 02215",450
182024,Google Phone,1.0,600.0,04/19/19 22:50,"741 1st St, San Francisco, CA 94016",450
182026,Macbook Pro Laptop,1.0,1700.0,04/19/19 11:30,"778 Jackson St, Seattle, WA 98101",1275
182060,iPhone,1.0,700.0,04/02/19 20:00,"763 Adams St, San Francisco, CA 94016",525
182061,Macbook Pro Laptop,1.0,1700.0,04/09/19 19:20,"92 Willow St, Seattle, WA 98101",1275
182086,Google Phone,1.0,600.0,04/09/19 01:17,"177 Chestnut St, Portland, OR 97035",450
182088,Macbook Pro Laptop,1.0,1700.0,04/10/19 11:29,"21 2nd St, Boston, MA 02215",1275
182094,ThinkPad Laptop,1.0,999.99,04/09/19 17:38,"923 Wilson St, Los Angeles, CA 90001",750
182097,iPhone,1.0,700.0,04/08/19 16:14,"327 Highland St, Portland, ME 04101",525
182099,Google Phone,1.0,600.0,04/02/19 18:13,"192 14th St, Atlanta, GA 30301",450
182104,ThinkPad Laptop,1.0,999.99,04/03/19 19:07,"777 Wilson St, New York City, NY 10001",750
182110,Macbook Pro Laptop,1.0,1700.0,04/27/19 22:42,"302 Forest St, Boston, MA 02215",1275
182125,iPhone,1.0,700.0,04/02/19 18:24,"757 10th St, Boston, MA 02215",525
182139,Macbook Pro Laptop,1.0,1700.0,04/17/19 10:47,"878 Washington St, San Francisco, CA 94016",1275
182148,Google Phone,1.0,600.0,04/05/19 09:31,"675 Maple St, San Francisco, CA 94016",450
182158,ThinkPad Laptop,1.0,999.99,04/26/19 17:11,"471 Cherry St, San Francisco, CA 94016",750
182180,ThinkPad Laptop,1.0,999.99,04/17/19 18:11,"828 Wilson St, Dallas, TX 75001",750
182197,ThinkPad Laptop,1.0,999.99,04/18/19 10:12,"953 Pine St, San Francisco, CA 94016",750
182198,iPhone,1.0,700.0,04/24/19 19:34,"443 North St, Boston, MA 02215",525
182202,Google Phone,1.0,600.0,04/26/19 15:04,"165 Hill St, Seattle, WA 98101",450
182218,Google Phone,1.0,600.0,04/13/19 16:10,"559 Park St, Dallas, TX 75001",450
182219,Google Phone,1.0,600.0,04/22/19 14:37,"971 Lakeview St, New York City, NY 10001",450
182240,iPhone,1.0,700.0,04/27/19 18:56,"772 5th St, New York City, NY 10001",525
182250,iPhone,1.0,700.0,04/16/19 16:14,"178 Center St, Portland, OR 97035",525
182264,iPhone,1.0,700.0,04/04/19 18:32,"455 Park St, Los Angeles, CA 90001",525
182312,iPhone,1.0,700.0,04/24/19 08:40,"739 Sunset St, Portland, OR 97035",525
182325,Google Phone,1.0,600.0,04/09/19 22:15,"799 Cherry St, Portland, OR 97035",450
182327,ThinkPad Laptop,1.0,999.99,04/27/19 17:35,"568 Hickory St, Boston, MA 02215",750
182334,Macbook Pro Laptop,1.0,1700.0,04/20/19 17:15,"834 Park St, New York City, NY 10001",1275
182343,iPhone,1.0,700.0,04/27/19 18:06,"848 Chestnut St, Dallas, TX 75001",525
182370,ThinkPad Laptop,1.0,999.99,04/13/19 15:13,"843 Park St, Los Angeles, CA 90001",750
182374,iPhone,1.0,700.0,04/02/19 00:00,"414 5th St, Portland, OR 97035",525
182391,iPhone,1.0,700.0,04/02/19 15:43,"389 Church St, Atlanta, GA 30301",525
182397,Macbook Pro Laptop,1.0,1700.0,04/05/19 19:08,"333 9th St, San Francisco, CA 94016",1275
182407,iPhone,1.0,700.0,04/10/19 07:18,"691 Elm St, Portland, OR 97035",525
182417,iPhone,1.0,700.0,04/04/19 07:42,"610 Meadow St, San Francisco, CA 94016",525
182420,iPhone,1.0,700.0,04/08/19 12:55,"253 River St, Atlanta, GA 30301",525
182428,Google Phone,1.0,600.0,04/16/19 15:18,"510 Wilson St, Boston, MA 02215",450
182429,Macbook Pro Laptop,1.0,1700.0,04/07/19 13:27,"985 Lakeview St, San Francisco, CA 94016",1275
182434,ThinkPad Laptop,1.0,999.99,04/25/19 17:59,"965 Sunset St, Boston, MA 02215",750
182437,Macbook Pro Laptop,1.0,1700.0,04/18/19 11:56,"782 Willow St, Boston, MA 02215",1275
182443,iPhone,1.0,700.0,04/30/19 11:06,"386 1st St, Dallas, TX 75001",525
182444,iPhone,1.0,700.0,04/11/19 10:15,"722 Main St, Los Angeles, CA 90001",525
182446,Google Phone,1.0,600.0,04/07/19 17:54,"191 Lake St, Boston, MA 02215",450
182467,LG Dryer,1.0,600.0,04/12/19 15:34,"571 Hill St, Boston, MA 02215",600
182481,iPhone,1.0,700.0,04/13/19 09:32,"792 River St, Dallas, TX 75001",525
182482,ThinkPad Laptop,1.0,999.99,04/24/19 14:59,"178 Park St, Los Angeles, CA 90001",750
182491,iPhone,1.0,700.0,04/05/19 22:26,"912 9th St, San Francisco, CA 94016",525
182495,Macbook Pro Laptop,1.0,1700.0,04/18/19 18:40,"981 Spruce St, San Francisco, CA 94016",1275
182501,Google Phone,1.0,600.0,04/18/19 14:43,"953 5th St, Portland, OR 97035",450
182519,ThinkPad Laptop,1.0,999.99,04/29/19 11:44,"290 Ridge St, San Francisco, CA 94016",750
182523,iPhone,1.0,700.0,04/24/19 21:16,"990 River St, Boston, MA 02215",525
182525,ThinkPad Laptop,1.0,999.99,04/10/19 10:36,"972 Forest St, San Francisco, CA 94016",750
182527,Google Phone,1.0,600.0,04/19/19 22:42,"276 Main St, Portland, OR 97035",450
182530,iPhone,1.0,700.0,04/04/19 09:11,"485 North St, Los Angeles, CA 90001",525
182533,Macbook Pro Laptop,1.0,1700.0,04/09/19 02:26,"265 Lincoln St, Los Angeles, CA 90001",1275
182537,iPhone,1.0,700.0,04/18/19 16:31,"525 7th St, Dallas, TX 75001",525
182547,ThinkPad Laptop,1.0,999.99,04/03/19 14:48,"522 Hill St, San Francisco, CA 94016",750
182550,ThinkPad Laptop,1.0,999.99,04/02/19 14:42,"111 Washington St, Los Angeles, CA 90001",750
182552,iPhone,1.0,700.0,04/27/19 11:42,"500 9th St, Boston, MA 02215",525
182561,ThinkPad Laptop,1.0,999.99,04/11/19 09:00,"634 8th St, Boston, MA 02215",750
182568,iPhone,1.0,700.0,04/26/19 20:34,"641 River St, New York City, NY 10001",525
182581,Google Phone,1.0,600.0,04/10/19 15:24,"778 River St, Boston, MA 02215",450
182587,Macbook Pro Laptop,1.0,1700.0,04/02/19 16:18,"247 Hickory St, Portland, OR 97035",1275
182608,iPhone,1.0,700.0,04/17/19 11:59,"476 Forest St, Los Angeles, CA 90001",525
182615,Macbook Pro Laptop,1.0,1700.0,04/23/19 17:57,"14 North St, Dallas, TX 75001",1275
182621,Google Phone,1.0,600.0,04/23/19 09:14,"184 Spruce St, Los Angeles, CA 90001",450
182633,Macbook Pro Laptop,1.0,1700.0,04/23/19 10:53,"985 South St, San Francisco, CA 94016",1275
182635,ThinkPad Laptop,1.0,999.99,04/19/19 12:47,"41 7th St, Dallas, TX 75001",750
182643,iPhone,1.0,700.0,04/15/19 14:14,"132 Jefferson St, San Francisco, CA 94016",525
182670,LG Dryer,1.0,600.0,04/20/19 11:19,"128 Lake St, San Francisco, CA 94016",600
182677,iPhone,1.0,700.0,04/03/19 11:57,"55 6th St, Seattle, WA 98101",525
182689,iPhone,1.0,700.0,04/04/19 21:43,"220 Pine St, Los Angeles, CA 90001",525
182696,iPhone,1.0,700.0,04/19/19 07:30,"942 Lincoln St, Seattle, WA 98101",525
182705,LG Dryer,1.0,600.0,04/21/19 10:49,"137 2nd St, San Francisco, CA 94016",600
182713,Macbook Pro Laptop,1.0,1700.0,04/15/19 17:15,"960 Pine St, San Francisco, CA 94016",1275
182719,iPhone,1.0,700.0,04/16/19 23:51,"521 Dogwood St, San Francisco, CA 94016",525
182721,iPhone,1.0,700.0,04/10/19 22:16,"164 10th St, Los Angeles, CA 90001",525
182723,Google Phone,1.0,600.0,04/09/19 19:52,"352 6th St, San Francisco, CA 94016",450
182725,iPhone,1.0,700.0,04/20/19 12:15,"645 Meadow St, Dallas, TX 75001",525
182731,iPhone,1.0,700.0,04/30/19 11:40,"600 Highland St, Dallas, TX 75001",525
182751,Macbook Pro Laptop,1.0,1700.0,04/12/19 19:29,"233 Main St, San Francisco, CA 94016",1275
182755,Google Phone,1.0,600.0,04/29/19 12:14,"371 Spruce St, New York City, NY 10001",450
182758,iPhone,1.0,700.0,04/23/19 09:06,"231 11th St, San Francisco, CA 94016",525
182766,Google Phone,1.0,600.0,04/24/19 22:21,"321 6th St, New York City, NY 10001",450
182768,iPhone,1.0,700.0,04/22/19 11:46,"506 8th St, Boston, MA 02215",525
182773,Macbook Pro Laptop,1.0,1700.0,04/06/19 21:24,"649 Lincoln St, Atlanta, GA 30301",1275
182776,Google Phone,1.0,600.0,04/13/19 16:46,"948 5th St, San Francisco, CA 94016",450
182781,Macbook Pro Laptop,1.0,1700.0,04/18/19 07:45,"220 10th St, Dallas, TX 75001",1275
182795,ThinkPad Laptop,1.0,999.99,04/16/19 11:18,"553 Lakeview St, San Francisco, CA 94016",750
182809,Macbook Pro Laptop,1.0,1700.0,04/10/19 18:15,"858 Meadow St, Portland, OR 97035",1275
182828,ThinkPad Laptop,1.0,999.99,04/04/19 12:25,"95 Jackson St, Boston, MA 02215",750
182830,Google Phone,1.0,600.0,04/30/19 15:52,"694 Wilson St, New York City, NY 10001",450
182838,Macbook Pro Laptop,1.0,1700.0,04/26/19 17:25,"880 Jefferson St, San Francisco, CA 94016",1275
182846,iPhone,1.0,700.0,04/04/19 16:12,"422 Washington St, Atlanta, GA 30301",525
182854,iPhone,1.0,700.0,04/17/19 13:48,"10 4th St, Los Angeles, CA 90001",525
182887,ThinkPad Laptop,1.0,999.99,04/29/19 14:58,"483 Church St, Boston, MA 02215",750
182901,Google Phone,1.0,600.0,04/23/19 18:22,"728 Meadow St, Austin, TX 73301",450
182902,iPhone,1.0,700.0,04/09/19 11:18,"744 Sunset St, San Francisco, CA 94016",525
182905,Google Phone,1.0,600.0,04/22/19 20:30,"394 Spruce St, Seattle, WA 98101",450
182908,Google Phone,1.0,600.0,04/19/19 17:40,"452 Highland St, New York City, NY 10001",450
182917,iPhone,1.0,700.0,04/29/19 15:19,"143 Sunset St, San Francisco, CA 94016",525
182938,iPhone,1.0,700.0,04/14/19 19:58,"416 Highland St, San Francisco, CA 94016",525
182956,Macbook Pro Laptop,1.0,1700.0,04/29/19 13:55,"740 Meadow St, Dallas, TX 75001",1275
182970,LG Dryer,1.0,600.0,04/16/19 17:10,"76 12th St, Austin, TX 73301",600
182979,Macbook Pro Laptop,1.0,1700.0,04/10/19 21:30,"542 Jefferson St, San Francisco, CA 94016",1275
182984,Macbook Pro Laptop,1.0,1700.0,04/28/19 01:10,"83 Willow St, Boston, MA 02215",1275
182986,ThinkPad Laptop,1.0,999.99,04/14/19 18:40,"731 Lakeview St, San Francisco, CA 94016",750
182987,iPhone,1.0,700.0,04/25/19 07:00,"678 Cherry St, Los Angeles, CA 90001",525
182988,iPhone,1.0,700.0,04/20/19 22:51,"921 9th St, New York City, NY 10001",525
182989,iPhone,1.0,700.0,04/21/19 13:52,"834 Johnson St, Boston, MA 02215",525
182992,ThinkPad Laptop,1.0,999.99,04/08/19 10:35,"3 Johnson St, San Francisco, CA 94016",750
183001,ThinkPad Laptop,1.0,999.99,04/13/19 17:56,"462 Highland St, New York City, NY 10001",750
183014,Google Phone,1.0,600.0,04/12/19 12:02,"403 Cherry St, Dallas, TX 75001",450
183016,Google Phone,1.0,600.0,04/30/19 19:50,"492 Willow St, San Francisco, CA 94016",450
183017,ThinkPad Laptop,1.0,999.99,04/14/19 16:17,"856 Highland St, New York City, NY 10001",750
183018,iPhone,1.0,700.0,04/12/19 20:10,"539 Washington St, New York City, NY 10001",525
183024,Google Phone,1.0,600.0,04/01/19 20:51,"342 1st St, Los Angeles, CA 90001",450
183034,iPhone,1.0,700.0,04/16/19 20:52,"127 Pine St, Boston, MA 02215",525
183044,ThinkPad Laptop,1.0,999.99,04/23/19 21:03,"938 Elm St, San Francisco, CA 94016",750
183049,Macbook Pro Laptop,1.0,1700.0,04/09/19 14:14,"32 Center St, Los Angeles, CA 90001",1275
183059,ThinkPad Laptop,1.0,999.99,04/19/19 09:54,"306 1st St, Boston, MA 02215",750
183064,ThinkPad Laptop,1.0,999.99,04/17/19 19:45,"238 Cherry St, San Francisco, CA 94016",750
183072,Macbook Pro Laptop,1.0,1700.0,04/26/19 10:06,"798 Highland St, New York City, NY 10001",1275
183076,Google Phone,1.0,600.0,04/26/19 09:47,"311 Hill St, San Francisco, CA 94016",450
183085,iPhone,1.0,700.0,04/15/19 12:33,"985 Highland St, Atlanta, GA 30301",525
183087,Google Phone,1.0,600.0,04/05/19 11:16,"411 1st St, Austin, TX 73301",450
183093,ThinkPad Laptop,1.0,999.99,04/17/19 16:57,"606 4th St, Dallas, TX 75001",750
183104,iPhone,1.0,700.0,04/20/19 12:56,"533 11th St, San Francisco, CA 94016",525
183111,LG Washing Machine,1.0,600.0,04/19/19 22:03,"308 12th St, Dallas, TX 75001",600
183116,Google Phone,1.0,600.0,04/24/19 00:56,"112 Pine St, Los Angeles, CA 90001",450
183122,Google Phone,1.0,600.0,04/12/19 06:16,"1 Adams St, Austin, TX 73301",450
183126,Google Phone,1.0,600.0,04/24/19 23:15,"249 13th St, Portland, OR 97035",450
183131,ThinkPad Laptop,1.0,999.99,04/26/19 00:32,"887 Hill St, Boston, MA 02215",750
183139,Google Phone,1.0,600.0,04/02/19 11:02,"836 Sunset St, Seattle, WA 98101",450
183140,Google Phone,1.0,600.0,04/17/19 19:05,"508 14th St, New York City, NY 10001",450
183146,iPhone,1.0,700.0,04/09/19 12:23,"667 Hill St, Boston, MA 02215",525
183153,iPhone,1.0,700.0,04/15/19 11:27,"410 Elm St, Seattle, WA 98101",525
183168,Macbook Pro Laptop,1.0,1700.0,04/27/19 11:28,"875 Pine St, Portland, OR 97035",1275
183177,iPhone,1.0,700.0,04/24/19 12:43,"337 14th St, Atlanta, GA 30301",525
183179,Macbook Pro Laptop,1.0,1700.0,04/03/19 17:27,"519 5th St, San Francisco, CA 94016",1275
183199,Macbook Pro Laptop,1.0,1700.0,04/10/19 10:59,"629 Madison St, New York City, NY 10001",1275
183214,Google Phone,1.0,600.0,04/10/19 11:09,"868 Center St, San Francisco, CA 94016",450
183220,iPhone,1.0,700.0,04/17/19 19:59,"313 Church St, New York City, NY 10001",525
183230,Google Phone,1.0,600.0,04/04/19 11:09,"528 South St, San Francisco, CA 94016",450
183233,iPhone,1.0,700.0,04/24/19 09:37,"535 Center St, San Francisco, CA 94016",525
183256,LG Washing Machine,1.0,600.0,04/27/19 15:16,"17 Pine St, Dallas, TX 75001",600
183257,Macbook Pro Laptop,1.0,1700.0,04/27/19 10:46,"910 5th St, Los Angeles, CA 90001",1275
183266,ThinkPad Laptop,1.0,999.99,04/12/19 19:44,"304 Elm St, Los Angeles, CA 90001",750
183270,iPhone,1.0,700.0,04/02/19 09:03,"80 Cedar St, New York City, NY 10001",525
183274,iPhone,1.0,700.0,04/05/19 06:56,"336 13th St, Dallas, TX 75001",525
183278,Google Phone,1.0,600.0,04/20/19 00:26,"278 6th St, New York City, NY 10001",450
183286,ThinkPad Laptop,1.0,999.99,04/18/19 13:14,"327 Ridge St, Boston, MA 02215",750
183296,iPhone,1.0,700.0,04/03/19 20:49,"94 Madison St, Seattle, WA 98101",525
183303,iPhone,1.0,700.0,04/19/19 16:08,"193 West St, Atlanta, GA 30301",525
183309,Google Phone,1.0,600.0,04/23/19 13:03,"277 2nd St, New York City, NY 10001",450
183310,Google Phone,1.0,600.0,04/22/19 13:26,"89 Dogwood St, San Francisco, CA 94016",450
183315,Google Phone,1.0,600.0,04/29/19 23:55,"312 9th St, Atlanta, GA 30301",450
183320,Macbook Pro Laptop,1.0,1700.0,04/23/19 15:25,"151 Highland St, New York City, NY 10001",1275
183330,Macbook Pro Laptop,1.0,1700.0,04/18/19 02:07,"197 6th St, San Francisco, CA 94016",1275
183361,iPhone,1.0,700.0,04/12/19 21:36,"912 5th St, Boston, MA 02215",525
183363,Macbook Pro Laptop,1.0,1700.0,04/21/19 12:17,"120 Wilson St, Austin, TX 73301",1275
183373,iPhone,1.0,700.0,04/09/19 10:46,"216 4th St, Portland, ME 04101",525
183376,iPhone,1.0,700.0,04/13/19 09:09,"638 Forest St, San Francisco, CA 94016",525
183379,Macbook Pro Laptop,1.0,1700.0,04/18/19 09:40,"553 12th St, San Francisco, CA 94016",1275
183383,iPhone,1.0,700.0,04/16/19 14:47,"696 Jackson St, Los Angeles, CA 90001",525
183385,Macbook Pro Laptop,1.0,1700.0,04/29/19 11:54,"263 South St, Austin, TX 73301",1275
183387,ThinkPad Laptop,1.0,999.99,04/16/19 11:07,"604 Lincoln St, Los Angeles, CA 90001",750
183388,iPhone,1.0,700.0,04/23/19 10:51,"560 Wilson St, Austin, TX 73301",525
183391,Google Phone,1.0,600.0,04/16/19 11:37,"517 River St, Austin, TX 73301",450
183404,Macbook Pro Laptop,1.0,1700.0,04/28/19 09:34,"962 Maple St, Seattle, WA 98101",1275
183409,iPhone,1.0,700.0,04/08/19 18:27,"198 Wilson St, Austin, TX 73301",525
183420,LG Washing Machine,1.0,600.0,04/27/19 18:54,"835 South St, Boston, MA 02215",600
183422,Google Phone,1.0,600.0,04/26/19 06:16,"60 Lake St, Atlanta, GA 30301",450
183434,Macbook Pro Laptop,1.0,1700.0,04/26/19 15:46,"419 6th St, Atlanta, GA 30301",1275
183435,ThinkPad Laptop,1.0,999.99,04/24/19 05:56,"474 2nd St, Dallas, TX 75001",750
183436,iPhone,1.0,700.0,04/03/19 18:25,"491 14th St, San Francisco, CA 94016",525
183437,Google Phone,1.0,600.0,04/12/19 17:06,"694 Walnut St, San Francisco, CA 94016",450
183450,iPhone,1.0,700.0,04/02/19 09:15,"142 10th St, San Francisco, CA 94016",525
183454,iPhone,1.0,700.0,04/07/19 11:33,"604 Park St, Portland, ME 04101",525
183455,iPhone,1.0,700.0,04/19/19 18:46,"975 Pine St, Boston, MA 02215",525
183457,Google Phone,1.0,600.0,04/05/19 13:52,"234 Jackson St, Seattle, WA 98101",450
183464,Google Phone,1.0,600.0,04/23/19 22:08,"476 Jackson St, Seattle, WA 98101",450
183468,Google Phone,1.0,600.0,04/04/19 11:34,"179 Lincoln St, Los Angeles, CA 90001",450
183473,Google Phone,1.0,600.0,04/10/19 13:25,"373 Meadow St, Boston, MA 02215",450
183493,Google Phone,1.0,600.0,04/17/19 09:47,"955 Jackson St, Los Angeles, CA 90001",450
183497,iPhone,1.0,700.0,04/05/19 23:52,"41 1st St, Portland, OR 97035",525
183500,Google Phone,1.0,600.0,04/05/19 09:47,"789 Madison St, Dallas, TX 75001",450
183503,iPhone,1.0,700.0,04/08/19 09:35,"881 Cedar St, Seattle, WA 98101",525
183513,ThinkPad Laptop,1.0,999.99,04/29/19 21:42,"557 12th St, Los Angeles, CA 90001",750
183514,Macbook Pro Laptop,1.0,1700.0,04/09/19 18:36,"261 Main St, Boston, MA 02215",1275
183523,iPhone,1.0,700.0,04/03/19 19:21,"484 Lakeview St, Los Angeles, CA 90001",525
183528,ThinkPad Laptop,1.0,999.99,04/30/19 15:51,"860 Church St, New York City, NY 10001",750
183530,LG Dryer,1.0,600.0,04/11/19 07:56,"486 8th St, Portland, OR 97035",600
183531,ThinkPad Laptop,1.0,999.99,04/25/19 22:05,"269 Lake St, Boston, MA 02215",750
183542,ThinkPad Laptop,1.0,999.99,04/09/19 11:35,"883 Cedar St, San Francisco, CA 94016",750
183548,iPhone,1.0,700.0,04/26/19 23:28,"385 Cherry St, Boston, MA 02215",525
183559,ThinkPad Laptop,1.0,999.99,04/23/19 10:35,"452 Madison St, New York City, NY 10001",750
183566,Google Phone,1.0,600.0,04/15/19 20:50,"801 Church St, Boston, MA 02215",450
183567,iPhone,1.0,700.0,04/03/19 10:30,"400 Lakeview St, Atlanta, GA 30301",525
183573,Macbook Pro Laptop,1.0,1700.0,04/18/19 19:52,"91 7th St, Seattle, WA 98101",1275
183585,Google Phone,1.0,600.0,04/19/19 10:19,"704 Park St, Los Angeles, CA 90001",450
183594,ThinkPad Laptop,1.0,999.99,04/28/19 11:34,"503 Cedar St, New York City, NY 10001",750
183604,ThinkPad Laptop,1.0,999.99,04/24/19 17:16,"690 Cedar St, San Francisco, CA 94016",750
183605,iPhone,1.0,700.0,04/24/19 22:47,"271 Forest St, Austin, TX 73301",525
183613,iPhone,1.0,700.0,04/14/19 21:16,"329 Sunset St, Los Angeles, CA 90001",525
183618,ThinkPad Laptop,1.0,999.99,04/28/19 22:25,"532 Lakeview St, Boston, MA 02215",750
183619,ThinkPad Laptop,1.0,999.99,04/30/19 20:46,"660 Spruce St, Los Angeles, CA 90001",750
183622,Google Phone,1.0,600.0,04/17/19 12:36,"624 Sunset St, San Francisco, CA 94016",450
183629,iPhone,1.0,700.0,04/12/19 08:01,"557 8th St, San Francisco, CA 94016",525
183640,iPhone,1.0,700.0,04/26/19 16:41,"423 Hickory St, San Francisco, CA 94016",525
183641,iPhone,1.0,700.0,04/13/19 21:55,"116 Lake St, San Francisco, CA 94016",525
183655,Google Phone,1.0,600.0,04/16/19 09:04,"4 North St, San Francisco, CA 94016",450
183660,ThinkPad Laptop,1.0,999.99,04/28/19 17:32,"694 6th St, New York City, NY 10001",750
183669,ThinkPad Laptop,1.0,999.99,05/01/19 02:02,"186 Lake St, Los Angeles, CA 90001",750
183681,Google Phone,1.0,600.0,04/23/19 19:06,"869 12th St, Los Angeles, CA 90001",450
183700,iPhone,1.0,700.0,04/06/19 15:42,"694 14th St, San Francisco, CA 94016",525
183715,iPhone,1.0,700.0,04/28/19 21:52,"461 13th St, Austin, TX 73301",525
183717,ThinkPad Laptop,1.0,999.99,04/14/19 19:30,"844 Jefferson St, Boston, MA 02215",750
183726,iPhone,1.0,700.0,04/16/19 15:31,"863 Hickory St, Atlanta, GA 30301",525
183728,ThinkPad Laptop,1.0,999.99,04/15/19 21:06,"869 Wilson St, Atlanta, GA 30301",750
183733,iPhone,1.0,700.0,04/05/19 15:01,"834 6th St, Boston, MA 02215",525
183737,Macbook Pro Laptop,1.0,1700.0,04/24/19 23:43,"381 Maple St, Boston, MA 02215",1275
183750,ThinkPad Laptop,1.0,999.99,04/23/19 08:05,"456 West St, Dallas, TX 75001",750
183755,Google Phone,1.0,600.0,04/04/19 20:36,"757 Dogwood St, San Francisco, CA 94016",450
183756,iPhone,1.0,700.0,04/10/19 14:02,"684 Cedar St, New York City, NY 10001",525
183759,Google Phone,1.0,600.0,04/28/19 16:44,"353 14th St, Los Angeles, CA 90001",450
183786,LG Dryer,1.0,600.0,04/23/19 09:49,"206 Maple St, New York City, NY 10001",600
183787,Google Phone,1.0,600.0,04/03/19 20:22,"739 Ridge St, New York City, NY 10001",450
183790,LG Dryer,1.0,600.0,04/19/19 19:24,"582 6th St, Los Angeles, CA 90001",600
183791,iPhone,1.0,700.0,04/16/19 16:54,"937 Madison St, Boston, MA 02215",525
183796,iPhone,1.0,700.0,04/06/19 20:56,"849 Jefferson St, Dallas, TX 75001",525
183806,Macbook Pro Laptop,1.0,1700.0,04/23/19 15:04,"572 River St, New York City, NY 10001",1275
183807,iPhone,1.0,700.0,04/15/19 12:30,"220 Maple St, Dallas, TX 75001",525
183814,Macbook Pro Laptop,1.0,1700.0,04/10/19 12:36,"901 Center St, Portland, OR 97035",1275
183816,ThinkPad Laptop,1.0,999.99,04/02/19 10:56,"311 River St, San Francisco, CA 94016",750
183830,Macbook Pro Laptop,1.0,1700.0,04/25/19 16:04,"747 12th St, San Francisco, CA 94016",1275
183831,Google Phone,1.0,600.0,04/06/19 23:06,"251 2nd St, Austin, TX 73301",450
183832,ThinkPad Laptop,1.0,999.99,04/24/19 20:59,"224 2nd St, Boston, MA 02215",750
183837,iPhone,1.0,700.0,04/04/19 09:17,"716 5th St, San Francisco, CA 94016",525
183838,LG Washing Machine,1.0,600.0,04/24/19 19:57,"210 Church St, Austin, TX 73301",600
183853,iPhone,1.0,700.0,04/09/19 18:28,"8 West St, Boston, MA 02215",525
183863,iPhone,1.0,700.0,04/06/19 18:04,"117 14th St, New York City, NY 10001",525
183868,Google Phone,1.0,600.0,04/19/19 18:54,"975 Dogwood St, Seattle, WA 98101",450
183890,Google Phone,1.0,600.0,04/11/19 21:20,"73 Elm St, Los Angeles, CA 90001",450
183891,Macbook Pro Laptop,1.0,1700.0,04/14/19 17:31,"705 Jackson St, San Francisco, CA 94016",1275
183895,ThinkPad Laptop,1.0,999.99,04/04/19 11:55,"556 Center St, Seattle, WA 98101",750
183903,iPhone,1.0,700.0,04/08/19 01:03,"822 4th St, San Francisco, CA 94016",525
183910,iPhone,1.0,700.0,04/17/19 08:22,"845 West St, San Francisco, CA 94016",525
183911,iPhone,1.0,700.0,04/03/19 16:50,"159 12th St, Atlanta, GA 30301",525
183933,Google Phone,1.0,600.0,04/06/19 14:07,"223 Main St, Seattle, WA 98101",450
183937,iPhone,1.0,700.0,04/09/19 18:17,"138 1st St, Boston, MA 02215",525
183938,Macbook Pro Laptop,1.0,1700.0,04/26/19 09:09,"932 Dogwood St, Los Angeles, CA 90001",1275
183971,iPhone,1.0,700.0,04/14/19 11:43,"743 4th St, Austin, TX 73301",525
183973,Macbook Pro Laptop,1.0,1700.0,04/05/19 15:59,"171 Jackson St, Los Angeles, CA 90001",1275
183980,Google Phone,1.0,600.0,04/27/19 14:01,"298 Wilson St, San Francisco, CA 94016",450
183981,Macbook Pro Laptop,1.0,1700.0,04/29/19 14:18,"353 Adams St, Los Angeles, CA 90001",1275
183985,iPhone,1.0,700.0,04/17/19 21:01,"534 Jackson St, Dallas, TX 75001",525
183993,iPhone,1.0,700.0,04/11/19 14:46,"547 Highland St, San Francisco, CA 94016",525
184000,Macbook Pro Laptop,1.0,1700.0,04/05/19 11:09,"13 Ridge St, New York City, NY 10001",1275
184007,Google Phone,1.0,600.0,04/05/19 11:18,"950 13th St, San Francisco, CA 94016",450
184021,Google Phone,1.0,600.0,04/29/19 15:37,"168 Elm St, Boston, MA 02215",450
184022,Google Phone,1.0,600.0,04/13/19 08:06,"437 Spruce St, Los Angeles, CA 90001",450
184025,LG Washing Machine,1.0,600.0,04/09/19 16:07,"986 Spruce St, Dallas, TX 75001",600
184043,Macbook Pro Laptop,1.0,1700.0,04/05/19 12:15,"310 Main St, Austin, TX 73301",1275
184054,Google Phone,1.0,600.0,04/01/19 10:31,"425 Church St, Atlanta, GA 30301",450
184055,iPhone,1.0,700.0,04/30/19 20:08,"743 6th St, Los Angeles, CA 90001",525
184058,Google Phone,1.0,600.0,04/13/19 17:19,"165 Walnut St, New York City, NY 10001",450
184071,Macbook Pro Laptop,1.0,1700.0,04/07/19 21:17,"710 Willow St, Dallas, TX 75001",1275
184082,LG Dryer,1.0,600.0,04/07/19 17:08,"849 Wilson St, San Francisco, CA 94016",600
184084,Google Phone,1.0,600.0,04/02/19 18:00,"630 Hill St, Boston, MA 02215",450
184097,Google Phone,1.0,600.0,04/12/19 13:00,"485 Highland St, Portland, OR 97035",450
184100,Macbook Pro Laptop,1.0,1700.0,04/10/19 21:56,"543 9th St, New York City, NY 10001",1275
184103,iPhone,1.0,700.0,04/05/19 00:17,"226 1st St, Los Angeles, CA 90001",525
184106,iPhone,1.0,700.0,04/11/19 09:15,"255 Washington St, Seattle, WA 98101",525
184116,Google Phone,1.0,600.0,04/07/19 10:21,"640 Church St, New York City, NY 10001",450
184123,iPhone,1.0,700.0,04/06/19 10:40,"832 1st St, Seattle, WA 98101",525
184124,Google Phone,1.0,600.0,04/05/19 16:12,"439 4th St, Los Angeles, CA 90001",450
184127,iPhone,1.0,700.0,04/11/19 08:18,"612 Lakeview St, Seattle, WA 98101",525
184137,Macbook Pro Laptop,1.0,1700.0,04/23/19 15:43,"689 Center St, New York City, NY 10001",1275
184139,iPhone,1.0,700.0,04/03/19 12:16,"580 Dogwood St, San Francisco, CA 94016",525
184140,LG Washing Machine,1.0,600.0,04/09/19 22:00,"810 Walnut St, San Francisco, CA 94016",600
184141,iPhone,1.0,700.0,04/11/19 07:03,"818 Wilson St, Boston, MA 02215",525
184154,Google Phone,1.0,600.0,04/06/19 12:27,"821 Walnut St, Los Angeles, CA 90001",450
184161,iPhone,1.0,700.0,04/04/19 22:12,"649 Washington St, Portland, OR 97035",525
184169,LG Washing Machine,1.0,600.0,04/27/19 20:14,"37 Church St, Los Angeles, CA 90001",600
184172,Google Phone,1.0,600.0,04/26/19 14:50,"900 Wilson St, Atlanta, GA 30301",450
184175,ThinkPad Laptop,1.0,999.99,04/25/19 13:29,"6 Johnson St, New York City, NY 10001",750
184189,Google Phone,1.0,600.0,04/10/19 18:44,"158 1st St, Atlanta, GA 30301",450
184194,ThinkPad Laptop,1.0,999.99,04/08/19 22:07,"447 Spruce St, Atlanta, GA 30301",750
184196,Macbook Pro Laptop,1.0,1700.0,04/17/19 22:35,"634 Ridge St, Los Angeles, CA 90001",1275
184197,Google Phone,1.0,600.0,04/27/19 15:22,"109 Cherry St, New York City, NY 10001",450
184199,Google Phone,1.0,600.0,04/15/19 01:27,"296 South St, Portland, OR 97035",450
184200,iPhone,1.0,700.0,04/23/19 23:13,"98 Dogwood St, Atlanta, GA 30301",525
184201,ThinkPad Laptop,1.0,999.99,04/19/19 21:13,"221 Sunset St, Austin, TX 73301",750
184217,iPhone,1.0,700.0,04/14/19 10:55,"756 Cedar St, Austin, TX 73301",525
184221,iPhone,1.0,700.0,04/20/19 09:09,"830 Ridge St, Seattle, WA 98101",525
184252,ThinkPad Laptop,1.0,999.99,04/05/19 21:18,"334 13th St, Seattle, WA 98101",750
184259,Macbook Pro Laptop,1.0,1700.0,04/27/19 18:31,"931 Lake St, Los Angeles, CA 90001",1275
184260,iPhone,1.0,700.0,04/10/19 10:10,"147 Lincoln St, San Francisco, CA 94016",525
184264,Macbook Pro Laptop,1.0,1700.0,04/24/19 22:17,"325 Meadow St, Atlanta, GA 30301",1275
184272,iPhone,1.0,700.0,04/21/19 19:49,"637 Cedar St, San Francisco, CA 94016",525
184273,iPhone,1.0,700.0,04/23/19 20:38,"423 4th St, Austin, TX 73301",525
184276,ThinkPad Laptop,1.0,999.99,04/08/19 17:41,"551 Walnut St, San Francisco, CA 94016",750
184281,iPhone,1.0,700.0,04/17/19 14:23,"345 Main St, Los Angeles, CA 90001",525
184290,ThinkPad Laptop,1.0,999.99,04/26/19 15:22,"755 Dogwood St, Seattle, WA 98101",750
184309,LG Dryer,1.0,600.0,04/25/19 08:43,"403 Johnson St, San Francisco, CA 94016",600
184331,iPhone,1.0,700.0,04/14/19 09:43,"289 11th St, Atlanta, GA 30301",525
184339,iPhone,1.0,700.0,04/22/19 17:03,"185 Cherry St, Los Angeles, CA 90001",525
184341,iPhone,1.0,700.0,04/16/19 14:30,"730 2nd St, Portland, OR 97035",525
184349,Macbook Pro Laptop,1.0,1700.0,04/24/19 12:59,"158 Jackson St, Boston, MA 02215",1275
184362,Google Phone,1.0,600.0,04/30/19 14:59,"105 Main St, San Francisco, CA 94016",450
184370,ThinkPad Laptop,1.0,999.99,04/30/19 18:07,"630 1st St, Seattle, WA 98101",750
184382,Macbook Pro Laptop,1.0,1700.0,04/22/19 12:19,"796 Sunset St, Boston, MA 02215",1275
184384,Google Phone,1.0,600.0,04/23/19 20:26,"417 Willow St, Atlanta, GA 30301",450
184386,Macbook Pro Laptop,1.0,1700.0,04/09/19 15:03,"807 Willow St, Los Angeles, CA 90001",1275
184404,Macbook Pro Laptop,1.0,1700.0,04/07/19 20:13,"842 West St, San Francisco, CA 94016",1275
184411,iPhone,1.0,700.0,04/14/19 13:27,"487 Cherry St, Los Angeles, CA 90001",525
184432,ThinkPad Laptop,1.0,999.99,04/24/19 23:48,"66 2nd St, Boston, MA 02215",750
184435,iPhone,1.0,700.0,04/10/19 08:06,"531 Park St, Portland, OR 97035",525
184447,iPhone,1.0,700.0,04/19/19 21:49,"695 Cherry St, New York City, NY 10001",525
184451,ThinkPad Laptop,1.0,999.99,04/18/19 08:13,"169 13th St, Boston, MA 02215",750
184453,iPhone,1.0,700.0,04/29/19 09:15,"669 Chestnut St, San Francisco, CA 94016",525
184460,iPhone,1.0,700.0,04/08/19 18:38,"315 5th St, Los Angeles, CA 90001",525
184471,Google Phone,1.0,600.0,04/05/19 10:39,"437 Chestnut St, San Francisco, CA 94016",450
184472,iPhone,1.0,700.0,04/11/19 12:16,"573 Adams St, Austin, TX 73301",525
184494,Google Phone,1.0,600.0,04/18/19 23:08,"502 Sunset St, San Francisco, CA 94016",450
184498,iPhone,1.0,700.0,04/19/19 06:51,"294 1st St, San Francisco, CA 94016",525
184503,iPhone,1.0,700.0,04/10/19 16:23,"415 South St, Atlanta, GA 30301",525
184504,Google Phone,1.0,600.0,04/11/19 14:26,"808 4th St, Los Angeles, CA 90001",450
184508,Google Phone,1.0,600.0,04/26/19 11:15,"723 Hickory St, Los Angeles, CA 90001",450
184513,iPhone,1.0,700.0,04/07/19 13:00,"368 Walnut St, San Francisco, CA 94016",525
184524,Google Phone,1.0,600.0,04/13/19 21:12,"346 Willow St, Boston, MA 02215",450
184532,iPhone,1.0,700.0,04/01/19 19:28,"676 Adams St, Seattle, WA 98101",525
184536,LG Dryer,1.0,600.0,04/28/19 13:09,"60 10th St, New York City, NY 10001",600
184543,iPhone,1.0,700.0,04/06/19 19:12,"803 Chestnut St, San Francisco, CA 94016",525
184568,iPhone,1.0,700.0,04/07/19 09:26,"103 Washington St, Los Angeles, CA 90001",525
184577,iPhone,1.0,700.0,04/15/19 00:03,"803 Lincoln St, Portland, OR 97035",525
184601,LG Dryer,1.0,600.0,04/30/19 14:29,"25 Lakeview St, Boston, MA 02215",600
184602,Macbook Pro Laptop,1.0,1700.0,04/25/19 15:58,"254 Park St, Austin, TX 73301",1275
184618,Google Phone,1.0,600.0,04/14/19 09:27,"26 Center St, Portland, OR 97035",450
184620,iPhone,1.0,700.0,04/20/19 19:31,"369 Madison St, Atlanta, GA 30301",525
184621,iPhone,1.0,700.0,04/19/19 10:49,"547 5th St, Austin, TX 73301",525
184626,Macbook Pro Laptop,1.0,1700.0,04/04/19 15:34,"126 Main St, Boston, MA 02215",1275
184638,Macbook Pro Laptop,1.0,1700.0,04/07/19 17:14,"374 Hickory St, Atlanta, GA 30301",1275
184645,Macbook Pro Laptop,1.0,1700.0,04/04/19 18:51,"437 Jackson St, Atlanta, GA 30301",1275
184651,Macbook Pro Laptop,1.0,1700.0,04/25/19 09:21,"429 Ridge St, Atlanta, GA 30301",1275
184661,ThinkPad Laptop,1.0,999.99,04/08/19 12:04,"688 Willow St, Seattle, WA 98101",750
184671,Macbook Pro Laptop,1.0,1700.0,04/12/19 11:52,"717 6th St, San Francisco, CA 94016",1275
184674,Google Phone,1.0,600.0,04/28/19 14:09,"228 Dogwood St, New York City, NY 10001",450
184710,iPhone,1.0,700.0,04/21/19 13:57,"921 12th St, Dallas, TX 75001",525
184716,Macbook Pro Laptop,1.0,1700.0,04/20/19 10:33,"192 2nd St, Atlanta, GA 30301",1275
184726,Google Phone,1.0,600.0,04/23/19 11:26,"142 Lakeview St, Seattle, WA 98101",450
184733,Google Phone,1.0,600.0,04/11/19 10:08,"421 Forest St, Los Angeles, CA 90001",450
184734,Google Phone,1.0,600.0,04/08/19 09:16,"670 Sunset St, Atlanta, GA 30301",450
184740,iPhone,1.0,700.0,04/19/19 11:08,"807 12th St, Atlanta, GA 30301",525
184750,Macbook Pro Laptop,1.0,1700.0,04/07/19 18:39,"650 Johnson St, Austin, TX 73301",1275
184758,iPhone,1.0,700.0,04/13/19 20:02,"306 7th St, New York City, NY 10001",525
184759,Google Phone,1.0,600.0,04/17/19 21:05,"803 Church St, Boston, MA 02215",450
184765,Google Phone,1.0,600.0,04/15/19 21:32,"995 Lake St, San Francisco, CA 94016",450
184766,iPhone,1.0,700.0,04/16/19 14:36,"349 12th St, Seattle, WA 98101",525
184784,Macbook Pro Laptop,1.0,1700.0,04/14/19 10:43,"150 Cherry St, Atlanta, GA 30301",1275
184785,Macbook Pro Laptop,1.0,1700.0,04/30/19 19:58,"552 Hickory St, San Francisco, CA 94016",1275
184790,Macbook Pro Laptop,1.0,1700.0,04/01/19 20:34,"68 Jackson St, San Francisco, CA 94016",1275
184794,Macbook Pro Laptop,1.0,1700.0,04/13/19 18:04,"321 Jefferson St, New York City, NY 10001",1275
184795,iPhone,1.0,700.0,04/18/19 13:59,"41 Jackson St, Austin, TX 73301",525
184799,Macbook Pro Laptop,1.0,1700.0,04/17/19 17:24,"527 Willow St, San Francisco, CA 94016",1275
184803,iPhone,1.0,700.0,04/11/19 23:32,"380 14th St, San Francisco, CA 94016",525
184815,ThinkPad Laptop,1.0,999.99,04/18/19 13:15,"141 Highland St, Boston, MA 02215",750
184819,Macbook Pro Laptop,1.0,1700.0,04/04/19 10:21,"587 Lakeview St, San Francisco, CA 94016",1275
184843,iPhone,1.0,700.0,04/29/19 18:30,"415 2nd St, Los Angeles, CA 90001",525
184844,LG Washing Machine,1.0,600.0,04/05/19 18:57,"154 Jefferson St, Los Angeles, CA 90001",600
184858,iPhone,1.0,700.0,04/09/19 22:38,"747 2nd St, Atlanta, GA 30301",525
184859,iPhone,1.0,700.0,04/26/19 10:33,"92 Jackson St, Boston, MA 02215",525
184874,iPhone,1.0,700.0,04/22/19 19:23,"600 Main St, Austin, TX 73301",525
184882,iPhone,1.0,700.0,04/01/19 17:32,"183 Lakeview St, New York City, NY 10001",525
184886,Google Phone,1.0,600.0,04/17/19 20:32,"875 Hickory St, Los Angeles, CA 90001",450
184890,iPhone,1.0,700.0,04/13/19 12:13,"543 5th St, San Francisco, CA 94016",525
184896,LG Dryer,1.0,600.0,04/12/19 06:12,"549 Maple St, Austin, TX 73301",600
184900,Macbook Pro Laptop,1.0,1700.0,04/23/19 18:04,"137 Main St, Austin, TX 73301",1275
184919,Google Phone,1.0,600.0,04/07/19 16:38,"343 10th St, Boston, MA 02215",450
184921,LG Dryer,1.0,600.0,04/12/19 21:50,"284 Hill St, Los Angeles, CA 90001",600
184923,iPhone,1.0,700.0,04/29/19 19:35,"426 5th St, Atlanta, GA 30301",525
184927,Google Phone,1.0,600.0,04/17/19 19:35,"673 Highland St, Seattle, WA 98101",450
184939,Google Phone,1.0,600.0,04/24/19 00:24,"476 2nd St, New York City, NY 10001",450
184945,Google Phone,1.0,600.0,04/24/19 05:41,"57 Highland St, New York City, NY 10001",450
184949,Google Phone,1.0,600.0,04/13/19 06:28,"312 10th St, San Francisco, CA 94016",450
184953,Google Phone,1.0,600.0,04/26/19 12:48,"702 River St, Austin, TX 73301",450
184965,Macbook Pro Laptop,1.0,1700.0,04/30/19 01:30,"757 6th St, Austin, TX 73301",1275
184966,Google Phone,1.0,600.0,04/11/19 16:43,"233 10th St, Portland, OR 97035",450
184981,iPhone,1.0,700.0,04/29/19 11:56,"662 Washington St, New York City, NY 10001",525
184982,iPhone,1.0,700.0,04/27/19 10:01,"517 1st St, Boston, MA 02215",525
184984,Google Phone,1.0,600.0,04/05/19 03:44,"115 Highland St, San Francisco, CA 94016",450
184990,iPhone,1.0,700.0,04/05/19 21:01,"136 7th St, Los Angeles, CA 90001",525
185003,ThinkPad Laptop,1.0,999.99,04/06/19 20:12,"195 Hickory St, Portland, OR 97035",750
185016,LG Dryer,1.0,600.0,04/22/19 13:20,"801 Hickory St, San Francisco, CA 94016",600
185020,Macbook Pro Laptop,1.0,1700.0,04/09/19 18:03,"208 Jefferson St, San Francisco, CA 94016",1275
185025,ThinkPad Laptop,1.0,999.99,04/15/19 12:51,"24 2nd St, Atlanta, GA 30301",750
185027,Macbook Pro Laptop,1.0,1700.0,04/25/19 19:20,"141 Washington St, Los Angeles, CA 90001",1275
185029,LG Dryer,1.0,600.0,04/23/19 14:02,"487 Lake St, San Francisco, CA 94016",600
185031,iPhone,1.0,700.0,04/01/19 17:14,"352 8th St, Los Angeles, CA 90001",525
185048,Macbook Pro Laptop,1.0,1700.0,04/22/19 12:21,"53 9th St, San Francisco, CA 94016",1275
185050,ThinkPad Laptop,1.0,999.99,04/12/19 10:00,"994 River St, Dallas, TX 75001",750
185052,Google Phone,1.0,600.0,04/24/19 21:51,"33 Lincoln St, Seattle, WA 98101",450
185060,iPhone,1.0,700.0,04/16/19 19:16,"180 8th St, Portland, OR 97035",525
185063,iPhone,1.0,700.0,04/02/19 15:17,"529 Jefferson St, San Francisco, CA 94016",525
185068,ThinkPad Laptop,1.0,999.99,04/09/19 20:04,"784 Wilson St, Portland, OR 97035",750
185073,Macbook Pro Laptop,1.0,1700.0,04/14/19 12:01,"736 1st St, Portland, OR 97035",1275
185076,Google Phone,1.0,600.0,04/13/19 11:00,"922 10th St, San Francisco, CA 94016",450
185081,Google Phone,1.0,600.0,04/11/19 08:34,"132 Center St, San Francisco, CA 94016",450
185090,Macbook Pro Laptop,1.0,1700.0,04/15/19 09:21,"255 Sunset St, Seattle, WA 98101",1275
185100,iPhone,1.0,700.0,04/30/19 13:16,"533 Washington St, San Francisco, CA 94016",525
185119,Macbook Pro Laptop,1.0,1700.0,04/21/19 12:53,"336 Johnson St, Boston, MA 02215",1275
185120,Macbook Pro Laptop,1.0,1700.0,04/28/19 12:29,"731 Spruce St, San Francisco, CA 94016",1275
185123,ThinkPad Laptop,1.0,999.99,04/24/19 15:00,"717 Elm St, San Francisco, CA 94016",750
185130,iPhone,1.0,700.0,04/15/19 10:51,"798 Church St, San Francisco, CA 94016",525
185160,iPhone,1.0,700.0,04/17/19 22:11,"854 Hill St, New York City, NY 10001",525
185161,Macbook Pro Laptop,1.0,1700.0,04/16/19 19:50,"870 Lincoln St, Boston, MA 02215",1275
185166,ThinkPad Laptop,1.0,999.99,04/12/19 12:00,"591 Jackson St, Dallas, TX 75001",750
185173,iPhone,1.0,700.0,04/17/19 20:32,"573 Cherry St, Boston, MA 02215",525
185174,iPhone,1.0,700.0,04/17/19 10:44,"189 Lincoln St, Los Angeles, CA 90001",525
185178,ThinkPad Laptop,1.0,999.99,04/12/19 23:25,"701 Cedar St, San Francisco, CA 94016",750
185184,Macbook Pro Laptop,1.0,1700.0,04/03/19 18:33,"685 Sunset St, New York City, NY 10001",1275
185185,ThinkPad Laptop,1.0,999.99,04/29/19 08:06,"485 Johnson St, Portland, ME 04101",750
185200,ThinkPad Laptop,1.0,999.99,04/02/19 13:45,"446 7th St, Los Angeles, CA 90001",750
185227,Google Phone,1.0,600.0,04/14/19 17:32,"16 Dogwood St, Atlanta, GA 30301",450
185236,LG Washing Machine,1.0,600.0,04/17/19 21:31,"475 13th St, San Francisco, CA 94016",600
185243,iPhone,1.0,700.0,04/05/19 21:20,"728 South St, Austin, TX 73301",525
185244,iPhone,1.0,700.0,04/10/19 02:15,"614 Spruce St, San Francisco, CA 94016",525
185251,Macbook Pro Laptop,1.0,1700.0,04/25/19 14:31,"22 Willow St, San Francisco, CA 94016",1275
185255,iPhone,1.0,700.0,04/17/19 13:46,"636 Adams St, Los Angeles, CA 90001",525
185260,Macbook Pro Laptop,1.0,1700.0,04/18/19 09:56,"701 6th St, San Francisco, CA 94016",1275
185275,Google Phone,1.0,600.0,04/15/19 17:56,"912 Adams St, Los Angeles, CA 90001",450
185282,LG Washing Machine,1.0,600.0,04/12/19 23:10,"827 Lincoln St, Austin, TX 73301",600
185283,iPhone,1.0,700.0,04/23/19 14:26,"391 1st St, San Francisco, CA 94016",525
185303,LG Dryer,1.0,600.0,04/01/19 17:34,"257 Highland St, New York City, NY 10001",600
185306,iPhone,1.0,700.0,04/14/19 13:12,"366 Lake St, Los Angeles, CA 90001",525
185311,Google Phone,1.0,600.0,04/21/19 18:57,"308 Forest St, New York City, NY 10001",450
185312,iPhone,1.0,700.0,04/05/19 20:11,"35 South St, Los Angeles, CA 90001",525
185320,Google Phone,1.0,600.0,04/02/19 17:42,"88 Highland St, Portland, OR 97035",450
185322,LG Dryer,1.0,600.0,04/18/19 12:49,"269 5th St, Boston, MA 02215",600
185323,Google Phone,1.0,600.0,04/30/19 13:50,"866 Dogwood St, Atlanta, GA 30301",450
185338,iPhone,1.0,700.0,04/19/19 06:52,"988 Dogwood St, Los Angeles, CA 90001",525
185343,Google Phone,1.0,600.0,04/02/19 19:39,"495 Hickory St, San Francisco, CA 94016",450
185368,iPhone,1.0,700.0,04/08/19 16:48,"169 Hill St, Boston, MA 02215",525
185371,Macbook Pro Laptop,1.0,1700.0,04/21/19 11:37,"417 4th St, New York City, NY 10001",1275
185380,iPhone,1.0,700.0,04/17/19 14:21,"842 Madison St, San Francisco, CA 94016",525
185405,iPhone,1.0,700.0,04/20/19 18:33,"7 13th St, Seattle, WA 98101",525
185410,Macbook Pro Laptop,1.0,1700.0,04/14/19 21:44,"217 Washington St, Seattle, WA 98101",1275
185413,ThinkPad Laptop,1.0,999.99,04/02/19 18:11,"435 Elm St, Portland, OR 97035",750
185425,iPhone,1.0,700.0,04/11/19 19:58,"302 Meadow St, Seattle, WA 98101",525
185441,ThinkPad Laptop,1.0,999.99,04/24/19 18:58,"674 Lake St, Seattle, WA 98101",750
185450,ThinkPad Laptop,1.0,999.99,04/06/19 15:54,"489 Walnut St, Los Angeles, CA 90001",750
185452,Google Phone,1.0,600.0,04/04/19 00:49,"490 5th St, Atlanta, GA 30301",450
185454,iPhone,1.0,700.0,04/04/19 13:32,"782 Wilson St, San Francisco, CA 94016",525
185459,Google Phone,1.0,600.0,04/02/19 22:35,"712 Dogwood St, Los Angeles, CA 90001",450
185483,iPhone,1.0,700.0,04/16/19 15:27,"423 Forest St, New York City, NY 10001",525
185486,Google Phone,1.0,600.0,04/10/19 21:08,"986 13th St, San Francisco, CA 94016",450
185490,ThinkPad Laptop,1.0,999.99,04/07/19 15:15,"325 12th St, Los Angeles, CA 90001",750
185494,ThinkPad Laptop,1.0,999.99,04/24/19 16:11,"260 8th St, San Francisco, CA 94016",750
185497,Macbook Pro Laptop,1.0,1700.0,04/28/19 01:52,"621 2nd St, San Francisco, CA 94016",1275
185500,ThinkPad Laptop,1.0,999.99,04/01/19 17:22,"983 8th St, San Francisco, CA 94016",750
185510,iPhone,1.0,700.0,04/02/19 17:46,"779 10th St, Boston, MA 02215",525
185518,Google Phone,1.0,600.0,04/23/19 22:07,"427 Ridge St, Boston, MA 02215",450
185524,iPhone,1.0,700.0,04/26/19 12:02,"971 South St, Seattle, WA 98101",525
185526,iPhone,1.0,700.0,04/25/19 18:32,"478 River St, Dallas, TX 75001",525
185534,iPhone,1.0,700.0,04/18/19 00:30,"122 West St, San Francisco, CA 94016",525
185548,ThinkPad Laptop,1.0,999.99,04/21/19 12:10,"362 13th St, Atlanta, GA 30301",750
185558,LG Dryer,1.0,600.0,04/24/19 13:14,"201 North St, Los Angeles, CA 90001",600
185561,iPhone,1.0,700.0,04/29/19 04:11,"220 Spruce St, San Francisco, CA 94016",525
185572,LG Washing Machine,1.0,600.0,04/22/19 09:12,"9 Lincoln St, San Francisco, CA 94016",600
185576,Macbook Pro Laptop,1.0,1700.0,04/15/19 22:11,"794 Jackson St, Los Angeles, CA 90001",1275
185580,iPhone,1.0,700.0,04/16/19 04:49,"355 Cherry St, Los Angeles, CA 90001",525
185584,iPhone,1.0,700.0,04/16/19 23:28,"204 12th St, Atlanta, GA 30301",525
185593,Google Phone,1.0,600.0,04/04/19 09:09,"298 Willow St, Los Angeles, CA 90001",450
185594,Google Phone,1.0,600.0,04/02/19 09:07,"158 7th St, San Francisco, CA 94016",450
185604,Google Phone,1.0,600.0,04/05/19 10:31,"98 6th St, San Francisco, CA 94016",450
185620,Google Phone,1.0,600.0,04/15/19 13:50,"374 7th St, Atlanta, GA 30301",450
185632,Macbook Pro Laptop,1.0,1700.0,04/07/19 19:06,"747 8th St, Los Angeles, CA 90001",1275
185635,Google Phone,1.0,600.0,04/12/19 21:32,"901 Hill St, Los Angeles, CA 90001",450
185651,Macbook Pro Laptop,1.0,1700.0,04/18/19 01:16,"172 Spruce St, Los Angeles, CA 90001",1275
185658,LG Washing Machine,1.0,600.0,04/24/19 13:22,"744 Park St, Seattle, WA 98101",600
185665,Google Phone,1.0,600.0,04/28/19 21:27,"250 Johnson St, Portland, OR 97035",450
185667,iPhone,1.0,700.0,04/22/19 19:46,"83 Cedar St, Boston, MA 02215",525
185672,ThinkPad Laptop,1.0,999.99,04/18/19 21:00,"410 12th St, San Francisco, CA 94016",750
185681,Google Phone,1.0,600.0,04/24/19 12:02,"105 2nd St, Seattle, WA 98101",450
185684,ThinkPad Laptop,1.0,999.99,04/22/19 11:50,"369 Jackson St, San Francisco, CA 94016",750
185696,Macbook Pro Laptop,1.0,1700.0,04/16/19 13:16,"957 Elm St, Los Angeles, CA 90001",1275
185701,iPhone,1.0,700.0,04/26/19 09:37,"29 Elm St, New York City, NY 10001",525
185712,Macbook Pro Laptop,1.0,1700.0,04/27/19 19:57,"230 5th St, Portland, ME 04101",1275
185714,LG Dryer,1.0,600.0,04/05/19 19:20,"413 Maple St, Boston, MA 02215",600
185732,iPhone,1.0,700.0,04/06/19 16:36,"276 9th St, Portland, OR 97035",525
185751,iPhone,1.0,700.0,04/25/19 12:18,"593 4th St, New York City, NY 10001",525
185764,ThinkPad Laptop,1.0,999.99,04/09/19 19:01,"440 7th St, Los Angeles, CA 90001",750
185768,ThinkPad Laptop,1.0,999.99,04/24/19 09:51,"146 West St, Atlanta, GA 30301",750
185771,Macbook Pro Laptop,1.0,1700.0,04/07/19 13:47,"387 10th St, Atlanta, GA 30301",1275
185775,ThinkPad Laptop,1.0,999.99,04/27/19 17:28,"512 Main St, New York City, NY 10001",750
185777,LG Dryer,1.0,600.0,04/04/19 14:15,"130 Hill St, Los Angeles, CA 90001",600
185788,ThinkPad Laptop,1.0,999.99,04/10/19 21:42,"654 Cedar St, Dallas, TX 75001",750
185811,ThinkPad Laptop,1.0,999.99,04/17/19 08:54,"972 10th St, Atlanta, GA 30301",750
185813,Macbook Pro Laptop,1.0,1700.0,04/23/19 21:15,"643 10th St, San Francisco, CA 94016",1275
185817,ThinkPad Laptop,1.0,999.99,04/25/19 21:54,"277 Chestnut St, New York City, NY 10001",750
185820,ThinkPad Laptop,1.0,999.99,04/23/19 19:32,"593 Washington St, Los Angeles, CA 90001",750
185827,iPhone,1.0,700.0,04/05/19 18:10,"158 Dogwood St, San Francisco, CA 94016",525
185835,Macbook Pro Laptop,1.0,1700.0,04/05/19 08:11,"125 South St, San Francisco, CA 94016",1275
185837,Macbook Pro Laptop,1.0,1700.0,04/07/19 19:59,"822 Madison St, San Francisco, CA 94016",1275
185855,ThinkPad Laptop,1.0,999.99,04/19/19 13:11,"255 1st St, Seattle, WA 98101",750
185856,ThinkPad Laptop,1.0,999.99,04/26/19 20:14,"3 Chestnut St, Austin, TX 73301",750
185862,iPhone,1.0,700.0,04/06/19 19:08,"998 Lake St, San Francisco, CA 94016",525
185872,Macbook Pro Laptop,1.0,1700.0,04/27/19 20:53,"953 Lake St, Los Angeles, CA 90001",1275
185890,Google Phone,1.0,600.0,04/22/19 09:14,"72 1st St, Los Angeles, CA 90001",450
185891,ThinkPad Laptop,1.0,999.99,04/21/19 19:54,"78 Cherry St, Seattle, WA 98101",750
185897,LG Washing Machine,1.0,600.0,04/03/19 10:31,"842 Highland St, Austin, TX 73301",600
185929,Google Phone,1.0,600.0,04/19/19 12:09,"458 9th St, New York City, NY 10001",450
185934,Google Phone,1.0,600.0,04/22/19 09:04,"759 12th St, Portland, OR 97035",450
185968,Macbook Pro Laptop,1.0,1700.0,04/22/19 17:12,"87 1st St, Los Angeles, CA 90001",1275
185972,ThinkPad Laptop,1.0,999.99,04/19/19 23:30,"328 Willow St, Los Angeles, CA 90001",750
185973,iPhone,1.0,700.0,04/12/19 17:24,"967 13th St, Los Angeles, CA 90001",525
185997,ThinkPad Laptop,1.0,999.99,04/22/19 10:58,"457 14th St, Atlanta, GA 30301",750
186007,iPhone,1.0,700.0,04/07/19 14:23,"990 Pine St, Los Angeles, CA 90001",525
186017,iPhone,1.0,700.0,04/04/19 00:32,"915 1st St, Los Angeles, CA 90001",525
186026,Macbook Pro Laptop,1.0,1700.0,04/29/19 21:44,"213 Washington St, Boston, MA 02215",1275
186029,ThinkPad Laptop,1.0,999.99,04/01/19 19:36,"466 Pine St, San Francisco, CA 94016",750
186057,iPhone,1.0,700.0,04/06/19 20:47,"694 West St, New York City, NY 10001",525
186071,Google Phone,1.0,600.0,04/18/19 17:35,"529 Cherry St, Boston, MA 02215",450
186075,ThinkPad Laptop,1.0,999.99,04/15/19 17:38,"579 Willow St, San Francisco, CA 94016",750
186085,iPhone,1.0,700.0,04/07/19 09:39,"68 Walnut St, Seattle, WA 98101",525
186087,Macbook Pro Laptop,1.0,1700.0,04/18/19 12:11,"271 Main St, Boston, MA 02215",1275
186096,Google Phone,1.0,600.0,04/10/19 21:02,"918 Adams St, New York City, NY 10001",450
186098,iPhone,1.0,700.0,04/29/19 18:09,"890 8th St, Los Angeles, CA 90001",525
186102,Google Phone,1.0,600.0,04/14/19 14:50,"876 Spruce St, Dallas, TX 75001",450
186105,iPhone,1.0,700.0,04/08/19 14:30,"736 12th St, Boston, MA 02215",525
186117,Google Phone,1.0,600.0,04/03/19 11:54,"494 Cedar St, Atlanta, GA 30301",450
186124,ThinkPad Laptop,1.0,999.99,04/06/19 11:18,"152 8th St, New York City, NY 10001",750
186137,Google Phone,1.0,600.0,04/13/19 09:40,"685 Pine St, San Francisco, CA 94016",450
186139,iPhone,1.0,700.0,04/06/19 17:57,"842 Meadow St, Los Angeles, CA 90001",525
186152,iPhone,1.0,700.0,04/26/19 23:56,"360 14th St, San Francisco, CA 94016",525
186158,iPhone,1.0,700.0,04/08/19 08:13,"344 Elm St, Boston, MA 02215",525
186177,Google Phone,1.0,600.0,04/30/19 13:53,"885 Johnson St, Dallas, TX 75001",450
186178,ThinkPad Laptop,1.0,999.99,04/07/19 15:27,"604 Center St, Seattle, WA 98101",750
186179,Google Phone,1.0,600.0,04/03/19 20:35,"845 Dogwood St, Boston, MA 02215",450
186218,Google Phone,1.0,600.0,04/22/19 13:24,"224 Cherry St, Boston, MA 02215",450
186226,Google Phone,1.0,600.0,04/30/19 07:43,"799 Johnson St, Los Angeles, CA 90001",450
186247,Google Phone,1.0,600.0,04/30/19 09:43,"661 Willow St, Los Angeles, CA 90001",450
186250,LG Washing Machine,1.0,600.0,04/16/19 11:14,"276 Maple St, Portland, OR 97035",600
186252,Macbook Pro Laptop,1.0,1700.0,04/12/19 08:41,"408 Johnson St, Dallas, TX 75001",1275
186273,ThinkPad Laptop,1.0,999.99,04/26/19 11:48,"753 1st St, Portland, OR 97035",750
186284,iPhone,1.0,700.0,04/06/19 01:13,"30 10th St, Dallas, TX 75001",525
186285,iPhone,1.0,700.0,04/29/19 14:58,"500 Chestnut St, San Francisco, CA 94016",525
186288,iPhone,1.0,700.0,04/07/19 09:41,"204 Spruce St, Austin, TX 73301",525
186296,Macbook Pro Laptop,1.0,1700.0,04/04/19 15:16,"491 4th St, San Francisco, CA 94016",1275
186302,LG Dryer,1.0,600.0,04/13/19 18:35,"505 Johnson St, Boston, MA 02215",600
186306,Macbook Pro Laptop,1.0,1700.0,04/14/19 19:52,"447 12th St, Atlanta, GA 30301",1275
186323,Google Phone,1.0,600.0,04/20/19 10:42,"185 10th St, New York City, NY 10001",450
186335,Macbook Pro Laptop,1.0,1700.0,04/18/19 11:57,"211 Hill St, San Francisco, CA 94016",1275
186336,ThinkPad Laptop,1.0,999.99,04/08/19 23:29,"785 13th St, Seattle, WA 98101",750
186344,Google Phone,1.0,600.0,04/04/19 10:14,"809 Hill St, Seattle, WA 98101",450
186367,Google Phone,1.0,600.0,04/18/19 23:39,"318 Spruce St, Dallas, TX 75001",450
186369,Google Phone,1.0,600.0,04/05/19 10:37,"930 Church St, Atlanta, GA 30301",450
186370,Google Phone,1.0,600.0,04/14/19 09:27,"927 Madison St, Portland, OR 97035",450
186382,Google Phone,1.0,600.0,04/13/19 18:30,"651 West St, New York City, NY 10001",450
186384,iPhone,1.0,700.0,04/02/19 00:00,"445 Madison St, San Francisco, CA 94016",525
186387,Macbook Pro Laptop,1.0,1700.0,04/05/19 15:10,"792 Hill St, Portland, ME 04101",1275
186398,iPhone,1.0,700.0,04/25/19 13:41,"156 Dogwood St, San Francisco, CA 94016",525
186403,LG Dryer,1.0,600.0,04/21/19 05:43,"995 12th St, Boston, MA 02215",600
186416,Google Phone,1.0,600.0,04/02/19 18:09,"23 Wilson St, New York City, NY 10001",450
186419,iPhone,1.0,700.0,04/17/19 17:15,"944 Sunset St, Dallas, TX 75001",525
186435,iPhone,1.0,700.0,04/04/19 19:21,"387 Highland St, Boston, MA 02215",525
186436,Google Phone,1.0,600.0,04/13/19 14:00,"366 Cherry St, Los Angeles, CA 90001",450
186444,iPhone,1.0,700.0,04/08/19 06:14,"535 South St, Dallas, TX 75001",525
186455,iPhone,1.0,700.0,04/08/19 10:27,"131 11th St, Los Angeles, CA 90001",525
186460,iPhone,1.0,700.0,04/22/19 08:47,"951 Cedar St, Atlanta, GA 30301",525
186468,iPhone,1.0,700.0,04/08/19 13:57,"887 Willow St, Los Angeles, CA 90001",525
186477,Google Phone,1.0,600.0,04/14/19 11:33,"312 10th St, New York City, NY 10001",450
186484,Macbook Pro Laptop,1.0,1700.0,04/24/19 16:42,"184 10th St, San Francisco, CA 94016",1275
186489,iPhone,1.0,700.0,04/12/19 12:30,"281 Cherry St, San Francisco, CA 94016",525
186492,Macbook Pro Laptop,1.0,1700.0,04/07/19 23:34,"606 7th St, New York City, NY 10001",1275
186501,Macbook Pro Laptop,1.0,1700.0,04/09/19 06:03,"475 Lake St, Atlanta, GA 30301",1275
186509,LG Washing Machine,1.0,600.0,04/27/19 11:49,"428 Dogwood St, Los Angeles, CA 90001",600
186510,Google Phone,1.0,600.0,04/25/19 23:15,"785 Center St, Seattle, WA 98101",450
186516,Google Phone,1.0,600.0,04/23/19 04:36,"687 Willow St, Seattle, WA 98101",450
186531,Macbook Pro Laptop,1.0,1700.0,04/09/19 07:38,"659 11th St, New York City, NY 10001",1275
186532,Google Phone,1.0,600.0,04/27/19 10:22,"860 Elm St, San Francisco, CA 94016",450
186533,Google Phone,1.0,600.0,04/18/19 00:14,"733 Main St, Austin, TX 73301",450
186534,Macbook Pro Laptop,1.0,1700.0,04/05/19 10:36,"689 4th St, San Francisco, CA 94016",1275
186541,ThinkPad Laptop,1.0,999.99,04/28/19 20:42,"957 Lakeview St, Los Angeles, CA 90001",750
186557,Macbook Pro Laptop,1.0,1700.0,04/18/19 20:35,"755 Willow St, Portland, OR 97035",1275
186558,iPhone,1.0,700.0,04/29/19 21:32,"167 Center St, Dallas, TX 75001",525
186561,Google Phone,1.0,600.0,04/03/19 06:48,"671 Dogwood St, San Francisco, CA 94016",450
186581,iPhone,1.0,700.0,04/22/19 18:28,"463 Jackson St, Los Angeles, CA 90001",525
186582,LG Dryer,1.0,600.0,04/19/19 20:34,"198 12th St, Dallas, TX 75001",600
186583,Google Phone,1.0,600.0,04/10/19 17:21,"777 North St, New York City, NY 10001",450
186587,Macbook Pro Laptop,1.0,1700.0,04/21/19 17:52,"483 Church St, Los Angeles, CA 90001",1275
186589,Macbook Pro Laptop,1.0,1700.0,04/24/19 19:05,"699 4th St, San Francisco, CA 94016",1275
186592,iPhone,1.0,700.0,04/14/19 12:15,"586 7th St, Seattle, WA 98101",525
186593,Google Phone,1.0,600.0,04/11/19 08:44,"970 River St, San Francisco, CA 94016",450
186594,iPhone,1.0,700.0,04/17/19 10:29,"200 Maple St, Boston, MA 02215",525
186600,Google Phone,1.0,600.0,04/06/19 19:45,"814 14th St, San Francisco, CA 94016",450
186618,Macbook Pro Laptop,1.0,1700.0,04/25/19 14:05,"851 Pine St, Dallas, TX 75001",1275
186622,Macbook Pro Laptop,1.0,1700.0,04/30/19 15:42,"666 Park St, Los Angeles, CA 90001",1275
186625,Google Phone,1.0,600.0,04/28/19 13:00,"930 Jefferson St, San Francisco, CA 94016",450
186640,iPhone,1.0,700.0,04/05/19 14:01,"886 Hickory St, San Francisco, CA 94016",525
186646,Macbook Pro Laptop,1.0,1700.0,04/24/19 21:31,"979 10th St, San Francisco, CA 94016",1275
186668,Google Phone,1.0,600.0,04/03/19 11:23,"72 Jackson St, San Francisco, CA 94016",450
186669,Google Phone,1.0,600.0,04/09/19 23:09,"651 Meadow St, Portland, OR 97035",450
186674,LG Washing Machine,1.0,600.0,04/19/19 17:52,"393 Hill St, Portland, OR 97035",600
186681,ThinkPad Laptop,1.0,999.99,04/13/19 17:53,"396 1st St, Los Angeles, CA 90001",750
186685,iPhone,1.0,700.0,04/13/19 19:03,"894 Cedar St, Austin, TX 73301",525
186688,Macbook Pro Laptop,1.0,1700.0,04/27/19 14:52,"944 Main St, New York City, NY 10001",1275
186698,Macbook Pro Laptop,1.0,1700.0,04/17/19 14:09,"823 Lincoln St, Los Angeles, CA 90001",1275
186713,iPhone,1.0,700.0,04/11/19 13:08,"297 Hickory St, Portland, OR 97035",525
186719,iPhone,1.0,700.0,04/28/19 19:20,"168 Forest St, Los Angeles, CA 90001",525
186722,Google Phone,1.0,600.0,04/11/19 23:58,"731 Dogwood St, San Francisco, CA 94016",450
186731,ThinkPad Laptop,1.0,999.99,04/04/19 14:57,"232 Main St, Dallas, TX 75001",750
186753,Google Phone,1.0,600.0,04/18/19 09:38,"529 8th St, Portland, OR 97035",450
186755,Google Phone,1.0,600.0,04/03/19 07:23,"477 Walnut St, Austin, TX 73301",450
186769,Macbook Pro Laptop,1.0,1700.0,04/24/19 08:33,"888 Highland St, Seattle, WA 98101",1275
186774,ThinkPad Laptop,1.0,999.99,04/17/19 07:16,"278 Center St, San Francisco, CA 94016",750
186781,iPhone,1.0,700.0,04/13/19 12:23,"778 Cedar St, Los Angeles, CA 90001",525
186787,iPhone,1.0,700.0,04/12/19 20:05,"888 Meadow St, San Francisco, CA 94016",525
186805,Macbook Pro Laptop,1.0,1700.0,04/03/19 11:51,"784 Wilson St, New York City, NY 10001",1275
186814,Google Phone,1.0,600.0,04/02/19 01:28,"456 South St, Boston, MA 02215",450
186816,iPhone,1.0,700.0,04/18/19 18:39,"671 Hickory St, San Francisco, CA 94016",525
186828,Google Phone,1.0,600.0,04/21/19 12:46,"282 Hickory St, Seattle, WA 98101",450
186831,iPhone,1.0,700.0,04/14/19 20:42,"599 12th St, Portland, OR 97035",525
186836,Google Phone,1.0,600.0,04/10/19 12:52,"424 10th St, Atlanta, GA 30301",450
186837,iPhone,1.0,700.0,04/18/19 09:36,"453 Chestnut St, Austin, TX 73301",525
186845,iPhone,1.0,700.0,04/13/19 11:23,"97 Hill St, Los Angeles, CA 90001",525
186870,ThinkPad Laptop,1.0,999.99,04/28/19 22:54,"666 Lake St, New York City, NY 10001",750
186873,ThinkPad Laptop,1.0,999.99,04/08/19 18:29,"787 Sunset St, Atlanta, GA 30301",750
186876,Google Phone,1.0,600.0,04/16/19 16:52,"106 6th St, Seattle, WA 98101",450
186879,Google Phone,1.0,600.0,04/09/19 18:40,"959 Jackson St, Seattle, WA 98101",450
186884,iPhone,1.0,700.0,04/24/19 07:24,"874 Hill St, San Francisco, CA 94016",525
186899,LG Dryer,1.0,600.0,04/05/19 21:07,"72 7th St, New York City, NY 10001",600
186904,Google Phone,1.0,600.0,04/07/19 10:55,"143 5th St, San Francisco, CA 94016",450
186916,Macbook Pro Laptop,1.0,1700.0,04/03/19 08:32,"344 Washington St, New York City, NY 10001",1275
186922,Google Phone,1.0,600.0,04/25/19 23:49,"124 Chestnut St, Austin, TX 73301",450
186927,ThinkPad Laptop,1.0,999.99,04/30/19 18:12,"572 Hickory St, New York City, NY 10001",750
186929,iPhone,1.0,700.0,04/30/19 10:05,"159 Cedar St, San Francisco, CA 94016",525
186935,Macbook Pro Laptop,1.0,1700.0,04/05/19 03:05,"437 Cherry St, New York City, NY 10001",1275
186939,Macbook Pro Laptop,1.0,1700.0,04/28/19 18:10,"991 Park St, New York City, NY 10001",1275
186943,Google Phone,1.0,600.0,04/02/19 13:14,"377 Main St, Boston, MA 02215",450
186947,Google Phone,1.0,600.0,04/05/19 05:22,"912 Johnson St, San Francisco, CA 94016",450
186955,Macbook Pro Laptop,1.0,1700.0,04/01/19 20:58,"621 Jefferson St, Portland, OR 97035",1275
186964,Macbook Pro Laptop,1.0,1700.0,04/28/19 20:34,"642 12th St, Los Angeles, CA 90001",1275
186974,iPhone,1.0,700.0,04/01/19 16:23,"860 Park St, Portland, OR 97035",525
186982,ThinkPad Laptop,1.0,999.99,04/25/19 10:11,"318 13th St, San Francisco, CA 94016",750
186986,ThinkPad Laptop,1.0,999.99,04/23/19 18:35,"677 7th St, New York City, NY 10001",750
187016,ThinkPad Laptop,1.0,999.99,04/23/19 10:04,"149 North St, Boston, MA 02215",750
187018,iPhone,1.0,700.0,04/11/19 17:03,"301 Walnut St, San Francisco, CA 94016",525
187030,Google Phone,1.0,600.0,04/17/19 15:11,"928 7th St, Boston, MA 02215",450
187037,Google Phone,1.0,600.0,04/05/19 15:16,"765 Spruce St, San Francisco, CA 94016",450
187040,Google Phone,1.0,600.0,04/23/19 16:37,"359 Johnson St, Seattle, WA 98101",450
187043,iPhone,1.0,700.0,04/25/19 16:47,"78 Ridge St, San Francisco, CA 94016",525
187047,iPhone,1.0,700.0,04/12/19 22:24,"624 14th St, Dallas, TX 75001",525
187053,LG Washing Machine,1.0,600.0,04/26/19 20:32,"564 Sunset St, New York City, NY 10001",600
187072,ThinkPad Laptop,1.0,999.99,04/01/19 21:13,"62 6th St, Atlanta, GA 30301",750
187081,Google Phone,1.0,600.0,04/08/19 15:31,"975 Forest St, Portland, OR 97035",450
187084,Google Phone,1.0,600.0,04/13/19 11:05,"507 Johnson St, San Francisco, CA 94016",450
187088,ThinkPad Laptop,1.0,999.99,04/13/19 13:48,"982 Sunset St, San Francisco, CA 94016",750
187108,iPhone,1.0,700.0,04/28/19 01:43,"298 Wilson St, Atlanta, GA 30301",525
187136,Google Phone,1.0,600.0,04/27/19 00:29,"171 Sunset St, San Francisco, CA 94016",450
187144,Google Phone,1.0,600.0,04/12/19 12:40,"154 12th St, Los Angeles, CA 90001",450
187145,iPhone,1.0,700.0,04/24/19 21:50,"166 West St, Atlanta, GA 30301",525
187146,Google Phone,1.0,600.0,04/07/19 13:12,"122 13th St, Portland, OR 97035",450
187169,ThinkPad Laptop,1.0,999.99,04/22/19 14:26,"300 Cedar St, Seattle, WA 98101",750
187175,Google Phone,1.0,600.0,04/18/19 13:37,"111 Elm St, Los Angeles, CA 90001",450
187177,Macbook Pro Laptop,1.0,1700.0,04/25/19 10:23,"979 Park St, Boston, MA 02215",1275
187179,iPhone,1.0,700.0,04/22/19 19:31,"476 Maple St, Los Angeles, CA 90001",525
187185,LG Washing Machine,1.0,600.0,04/08/19 14:05,"321 South St, Los Angeles, CA 90001",600
187189,LG Dryer,1.0,600.0,04/10/19 09:14,"938 10th St, New York City, NY 10001",600
187196,Google Phone,1.0,600.0,04/29/19 10:29,"249 Pine St, Seattle, WA 98101",450
187208,Google Phone,1.0,600.0,04/19/19 18:44,"505 Center St, Dallas, TX 75001",450
187212,ThinkPad Laptop,1.0,999.99,04/18/19 09:38,"155 6th St, Boston, MA 02215",750
187215,iPhone,1.0,700.0,04/01/19 22:34,"695 8th St, Boston, MA 02215",525
187229,Macbook Pro Laptop,1.0,1700.0,04/29/19 11:24,"247 Wilson St, Austin, TX 73301",1275
187232,LG Dryer,1.0,600.0,04/14/19 00:46,"797 Church St, Portland, OR 97035",600
187234,Macbook Pro Laptop,1.0,1700.0,04/09/19 07:57,"266 14th St, San Francisco, CA 94016",1275
187243,iPhone,1.0,700.0,04/15/19 17:40,"292 13th St, Boston, MA 02215",525
187246,Google Phone,1.0,600.0,04/14/19 21:16,"713 9th St, Dallas, TX 75001",450
187261,iPhone,1.0,700.0,04/21/19 14:22,"453 Park St, San Francisco, CA 94016",525
187274,Google Phone,1.0,600.0,04/17/19 19:15,"214 Jefferson St, Seattle, WA 98101",450
187300,Google Phone,1.0,600.0,04/21/19 16:11,"764 Highland St, Seattle, WA 98101",450
187312,Google Phone,1.0,600.0,04/05/19 20:33,"15 Main St, Atlanta, GA 30301",450
187330,LG Washing Machine,1.0,600.0,04/28/19 16:46,"823 River St, San Francisco, CA 94016",600
187333,LG Washing Machine,1.0,600.0,04/21/19 18:22,"18 Jefferson St, Los Angeles, CA 90001",600
187347,Macbook Pro Laptop,1.0,1700.0,04/27/19 13:43,"289 Hickory St, San Francisco, CA 94016",1275
187352,ThinkPad Laptop,1.0,999.99,04/20/19 09:27,"517 Wilson St, San Francisco, CA 94016",750
187353,Google Phone,1.0,600.0,04/17/19 16:02,"559 South St, San Francisco, CA 94016",450
187354,iPhone,1.0,700.0,04/04/19 08:11,"966 Meadow St, Dallas, TX 75001",525
187357,iPhone,1.0,700.0,04/26/19 11:58,"944 North St, San Francisco, CA 94016",525
187360,Macbook Pro Laptop,1.0,1700.0,04/06/19 15:41,"383 8th St, Los Angeles, CA 90001",1275
187366,ThinkPad Laptop,1.0,999.99,04/21/19 19:51,"706 14th St, San Francisco, CA 94016",750
187367,iPhone,1.0,700.0,04/22/19 21:30,"841 Church St, Boston, MA 02215",525
187369,Google Phone,1.0,600.0,04/30/19 19:50,"99 Cedar St, New York City, NY 10001",450
187370,iPhone,1.0,700.0,04/19/19 21:59,"958 Hill St, Los Angeles, CA 90001",525
187374,Google Phone,1.0,600.0,04/06/19 18:42,"112 Hickory St, Los Angeles, CA 90001",450
187385,Google Phone,1.0,600.0,04/18/19 20:26,"369 11th St, Seattle, WA 98101",450
187405,iPhone,1.0,700.0,04/11/19 07:33,"95 12th St, Portland, OR 97035",525
187407,iPhone,1.0,700.0,04/01/19 23:59,"229 Park St, Seattle, WA 98101",525
187412,Macbook Pro Laptop,1.0,1700.0,04/10/19 14:07,"951 Dogwood St, New York City, NY 10001",1275
187431,ThinkPad Laptop,1.0,999.99,04/11/19 18:15,"178 12th St, New York City, NY 10001",750
187433,LG Dryer,1.0,600.0,04/18/19 16:32,"141 Church St, Los Angeles, CA 90001",600
187460,Macbook Pro Laptop,1.0,1700.0,04/16/19 16:52,"187 Hickory St, Seattle, WA 98101",1275
187463,Google Phone,1.0,600.0,04/11/19 08:16,"842 Madison St, Los Angeles, CA 90001",450
187464,iPhone,1.0,700.0,04/05/19 22:30,"460 Center St, Austin, TX 73301",525
187478,ThinkPad Laptop,1.0,999.99,04/24/19 15:08,"680 Dogwood St, Boston, MA 02215",750
187481,Macbook Pro Laptop,1.0,1700.0,04/13/19 09:18,"979 Forest St, Seattle, WA 98101",1275
187489,ThinkPad Laptop,1.0,999.99,04/18/19 12:38,"365 Lincoln St, Boston, MA 02215",750
187496,Macbook Pro Laptop,1.0,1700.0,04/12/19 15:12,"645 Maple St, New York City, NY 10001",1275
187517,iPhone,1.0,700.0,04/17/19 08:58,"689 9th St, Dallas, TX 75001",525
187518,iPhone,1.0,700.0,04/22/19 11:36,"114 11th St, San Francisco, CA 94016",525
187521,iPhone,1.0,700.0,04/02/19 18:46,"535 14th St, Los Angeles, CA 90001",525
187529,ThinkPad Laptop,1.0,999.99,04/19/19 11:38,"649 Lincoln St, Austin, TX 73301",750
187534,Google Phone,1.0,600.0,04/01/19 09:39,"312 Church St, Atlanta, GA 30301",450
187547,Google Phone,1.0,600.0,04/25/19 09:43,"687 West St, Atlanta, GA 30301",450
187557,ThinkPad Laptop,1.0,999.99,04/29/19 09:23,"161 Walnut St, Austin, TX 73301",750
187559,iPhone,1.0,700.0,04/01/19 09:12,"828 Washington St, San Francisco, CA 94016",525
187565,Macbook Pro Laptop,1.0,1700.0,04/29/19 14:19,"35 13th St, Portland, ME 04101",1275
187577,iPhone,1.0,700.0,04/10/19 19:20,"727 13th St, San Francisco, CA 94016",525
187595,iPhone,1.0,700.0,04/28/19 18:26,"628 10th St, Los Angeles, CA 90001",525
187600,Macbook Pro Laptop,1.0,1700.0,04/26/19 22:28,"301 9th St, Atlanta, GA 30301",1275
187609,iPhone,1.0,700.0,04/08/19 08:30,"737 9th St, San Francisco, CA 94016",525
187616,Google Phone,1.0,600.0,04/13/19 19:19,"14 Jackson St, San Francisco, CA 94016",450
187629,LG Dryer,1.0,600.0,04/21/19 17:43,"389 Lakeview St, Atlanta, GA 30301",600
187632,Macbook Pro Laptop,1.0,1700.0,04/03/19 12:46,"704 Washington St, San Francisco, CA 94016",1275
187636,iPhone,1.0,700.0,04/04/19 10:58,"516 South St, Boston, MA 02215",525
187639,Macbook Pro Laptop,1.0,1700.0,04/29/19 01:13,"533 Maple St, Boston, MA 02215",1275
187647,Google Phone,1.0,600.0,04/21/19 13:44,"852 Highland St, Austin, TX 73301",450
187657,Macbook Pro Laptop,1.0,1700.0,04/19/19 20:52,"605 Sunset St, Los Angeles, CA 90001",1275
187672,iPhone,1.0,700.0,04/10/19 15:15,"836 Sunset St, Boston, MA 02215",525
187678,iPhone,1.0,700.0,04/13/19 19:26,"833 Main St, New York City, NY 10001",525
187687,Google Phone,1.0,600.0,04/16/19 16:00,"866 7th St, San Francisco, CA 94016",450
187689,Macbook Pro Laptop,1.0,1700.0,04/01/19 10:27,"195 Walnut St, Los Angeles, CA 90001",1275
187697,iPhone,1.0,700.0,04/11/19 21:15,"610 Hickory St, Atlanta, GA 30301",525
187703,iPhone,1.0,700.0,04/06/19 19:12,"228 Cedar St, Austin, TX 73301",525
187711,Google Phone,1.0,600.0,04/30/19 23:34,"755 Adams St, San Francisco, CA 94016",450
187724,ThinkPad Laptop,1.0,999.99,04/23/19 13:44,"965 Hill St, Boston, MA 02215",750
187741,Google Phone,1.0,600.0,04/09/19 14:13,"510 Ridge St, San Francisco, CA 94016",450
187742,Google Phone,1.0,600.0,04/24/19 19:24,"224 Cherry St, New York City, NY 10001",450
187743,ThinkPad Laptop,1.0,999.99,04/18/19 14:26,"475 Cherry St, Seattle, WA 98101",750
187750,iPhone,1.0,700.0,04/10/19 18:34,"221 7th St, San Francisco, CA 94016",525
187754,iPhone,1.0,700.0,04/03/19 11:45,"75 7th St, Atlanta, GA 30301",525
187760,Google Phone,1.0,600.0,04/10/19 08:20,"764 Madison St, Boston, MA 02215",450
187767,Macbook Pro Laptop,1.0,1700.0,04/11/19 17:19,"351 Forest St, Dallas, TX 75001",1275
187778,Macbook Pro Laptop,1.0,1700.0,04/18/19 18:31,"280 Dogwood St, Boston, MA 02215",1275
187782,Google Phone,1.0,600.0,04/30/19 08:57,"590 South St, Los Angeles, CA 90001",450
187821,ThinkPad Laptop,1.0,999.99,04/29/19 15:02,"981 Main St, San Francisco, CA 94016",750
187822,iPhone,1.0,700.0,04/11/19 16:58,"571 Jefferson St, New York City, NY 10001",525
187828,iPhone,1.0,700.0,04/23/19 19:20,"376 11th St, Atlanta, GA 30301",525
187836,iPhone,1.0,700.0,04/13/19 10:36,"364 9th St, San Francisco, CA 94016",525
187848,iPhone,1.0,700.0,04/03/19 16:49,"387 Maple St, Atlanta, GA 30301",525
187849,iPhone,1.0,700.0,04/25/19 12:54,"39 Chestnut St, Portland, OR 97035",525
187850,ThinkPad Laptop,1.0,999.99,04/05/19 18:26,"559 Main St, Portland, OR 97035",750
187853,iPhone,1.0,700.0,04/15/19 18:41,"872 South St, Portland, OR 97035",525
187854,Macbook Pro Laptop,1.0,1700.0,04/06/19 19:07,"579 Madison St, Portland, OR 97035",1275
187856,Google Phone,1.0,600.0,04/25/19 20:18,"432 Lake St, New York City, NY 10001",450
187872,ThinkPad Laptop,1.0,999.99,04/03/19 20:44,"237 11th St, Los Angeles, CA 90001",750
187881,ThinkPad Laptop,1.0,999.99,04/11/19 17:56,"45 11th St, New York City, NY 10001",750
187883,Google Phone,1.0,600.0,04/30/19 16:10,"22 6th St, Portland, OR 97035",450
187888,iPhone,1.0,700.0,04/30/19 19:20,"387 12th St, San Francisco, CA 94016",525
187893,Google Phone,1.0,600.0,04/12/19 19:50,"616 8th St, Portland, OR 97035",450
187898,Macbook Pro Laptop,1.0,1700.0,04/15/19 14:06,"26 Highland St, San Francisco, CA 94016",1275
187901,Google Phone,1.0,600.0,04/03/19 10:44,"441 Chestnut St, Los Angeles, CA 90001",450
187951,iPhone,1.0,700.0,04/25/19 20:27,"83 Elm St, Atlanta, GA 30301",525
187955,Google Phone,1.0,600.0,04/03/19 14:51,"818 River St, Dallas, TX 75001",450
187965,Google Phone,1.0,600.0,04/22/19 23:49,"307 5th St, Seattle, WA 98101",450
187970,Google Phone,1.0,600.0,04/20/19 17:07,"11 Madison St, New York City, NY 10001",450
187974,Macbook Pro Laptop,1.0,1700.0,04/03/19 10:58,"325 Wilson St, Los Angeles, CA 90001",1275
187976,LG Dryer,1.0,600.0,04/19/19 17:13,"398 Cherry St, Atlanta, GA 30301",600
187978,Google Phone,1.0,600.0,04/02/19 12:57,"810 Sunset St, New York City, NY 10001",450
187980,Google Phone,1.0,600.0,04/18/19 13:40,"857 2nd St, Los Angeles, CA 90001",450
187982,iPhone,2.0,700.0,04/06/19 22:03,"213 6th St, Atlanta, GA 30301",525
187984,Macbook Pro Laptop,1.0,1700.0,04/02/19 06:00,"153 Walnut St, Portland, ME 04101",1275
188001,iPhone,1.0,700.0,04/04/19 07:08,"721 Sunset St, Dallas, TX 75001",525
188003,Google Phone,1.0,600.0,04/25/19 12:54,"643 14th St, Los Angeles, CA 90001",450
188013,iPhone,1.0,700.0,04/23/19 23:17,"65 Cherry St, Dallas, TX 75001",525
188021,Macbook Pro Laptop,1.0,1700.0,04/11/19 18:07,"3 Adams St, New York City, NY 10001",1275
188029,Google Phone,1.0,600.0,04/07/19 14:13,"389 8th St, Atlanta, GA 30301",450
188038,iPhone,1.0,700.0,04/30/19 02:43,"133 Chestnut St, Portland, OR 97035",525
188041,iPhone,1.0,700.0,04/27/19 12:29,"395 Washington St, San Francisco, CA 94016",525
188060,Macbook Pro Laptop,1.0,1700.0,04/08/19 08:15,"521 Pine St, Seattle, WA 98101",1275
188061,Google Phone,1.0,600.0,04/18/19 11:24,"349 Hickory St, San Francisco, CA 94016",450
188064,Google Phone,1.0,600.0,04/09/19 16:26,"857 Lake St, Los Angeles, CA 90001",450
188066,Macbook Pro Laptop,1.0,1700.0,04/25/19 09:20,"845 Jefferson St, Los Angeles, CA 90001",1275
188077,iPhone,1.0,700.0,04/15/19 22:26,"884 Highland St, San Francisco, CA 94016",525
188086,Macbook Pro Laptop,1.0,1700.0,04/24/19 12:04,"895 Jackson St, San Francisco, CA 94016",1275
188087,ThinkPad Laptop,1.0,999.99,04/01/19 21:03,"748 12th St, Seattle, WA 98101",750
188087,Macbook Pro Laptop,1.0,1700.0,04/01/19 21:03,"748 12th St, Seattle, WA 98101",1275
188090,Macbook Pro Laptop,1.0,1700.0,04/28/19 11:04,"194 Center St, Los Angeles, CA 90001",1275
188095,LG Washing Machine,1.0,600.0,04/05/19 09:26,"590 1st St, Boston, MA 02215",600
188097,Google Phone,1.0,600.0,04/17/19 10:49,"92 5th St, Atlanta, GA 30301",450
188098,iPhone,1.0,700.0,04/19/19 20:49,"419 Main St, Dallas, TX 75001",525
188104,ThinkPad Laptop,1.0,999.99,04/23/19 11:03,"148 13th St, San Francisco, CA 94016",750
188112,Google Phone,1.0,600.0,04/26/19 20:05,"839 Lakeview St, Los Angeles, CA 90001",450
188122,iPhone,1.0,700.0,04/13/19 19:03,"352 Ridge St, Los Angeles, CA 90001",525
188127,Google Phone,1.0,600.0,04/17/19 08:32,"49 Lincoln St, San Francisco, CA 94016",450
188129,Macbook Pro Laptop,1.0,1700.0,04/05/19 04:35,"65 9th St, Atlanta, GA 30301",1275
188142,ThinkPad Laptop,1.0,999.99,04/13/19 19:01,"127 Main St, Los Angeles, CA 90001",750
188162,iPhone,1.0,700.0,04/16/19 14:38,"368 5th St, Seattle, WA 98101",525
188170,Macbook Pro Laptop,1.0,1700.0,04/20/19 16:08,"461 Elm St, New York City, NY 10001",1275
188187,ThinkPad Laptop,1.0,999.99,04/08/19 11:55,"611 12th St, San Francisco, CA 94016",750
188207,Macbook Pro Laptop,1.0,1700.0,04/27/19 22:19,"156 Ridge St, Boston, MA 02215",1275
188217,iPhone,1.0,700.0,04/20/19 12:28,"218 Walnut St, Portland, OR 97035",525
188219,Google Phone,1.0,600.0,04/24/19 07:54,"671 Ridge St, Boston, MA 02215",450
188223,Macbook Pro Laptop,1.0,1700.0,04/26/19 10:49,"890 Washington St, Boston, MA 02215",1275
188226,ThinkPad Laptop,1.0,999.99,04/10/19 18:05,"748 Walnut St, New York City, NY 10001",750
188230,Google Phone,1.0,600.0,04/01/19 10:05,"595 Park St, Los Angeles, CA 90001",450
188239,Google Phone,1.0,600.0,04/22/19 13:17,"962 Sunset St, San Francisco, CA 94016",450
188242,Google Phone,1.0,600.0,04/23/19 19:03,"93 Jefferson St, Dallas, TX 75001",450
188253,Google Phone,1.0,600.0,04/11/19 12:23,"751 2nd St, Boston, MA 02215",450
188263,Google Phone,1.0,600.0,04/28/19 09:51,"814 Jackson St, Los Angeles, CA 90001",450
188265,iPhone,1.0,700.0,04/15/19 14:45,"594 Church St, New York City, NY 10001",525
188266,Google Phone,1.0,600.0,04/02/19 08:51,"877 Church St, San Francisco, CA 94016",450
188269,iPhone,1.0,700.0,04/01/19 10:17,"518 Pine St, Dallas, TX 75001",525
188273,iPhone,1.0,700.0,04/17/19 10:47,"357 Jackson St, Boston, MA 02215",525
188275,Macbook Pro Laptop,1.0,1700.0,04/20/19 15:05,"353 Jackson St, New York City, NY 10001",1275
188299,Google Phone,1.0,600.0,04/13/19 21:24,"198 Adams St, Boston, MA 02215",450
188301,ThinkPad Laptop,1.0,999.99,04/18/19 14:42,"418 West St, Los Angeles, CA 90001",750
188303,iPhone,1.0,700.0,04/25/19 00:34,"211 10th St, San Francisco, CA 94016",525
188327,Macbook Pro Laptop,1.0,1700.0,04/17/19 17:17,"660 Chestnut St, Los Angeles, CA 90001",1275
188328,Google Phone,1.0,600.0,04/14/19 23:56,"613 Lincoln St, Austin, TX 73301",450
188339,ThinkPad Laptop,1.0,999.99,04/06/19 22:35,"560 12th St, Atlanta, GA 30301",750
188343,iPhone,1.0,700.0,04/22/19 18:46,"172 5th St, Boston, MA 02215",525
188345,iPhone,1.0,700.0,04/03/19 22:37,"590 14th St, San Francisco, CA 94016",525
188369,Google Phone,1.0,600.0,04/18/19 22:01,"346 Hill St, San Francisco, CA 94016",450
188374,Google Phone,1.0,600.0,04/25/19 23:53,"787 Jackson St, Seattle, WA 98101",450
188387,LG Dryer,1.0,600.0,04/04/19 14:43,"494 Hill St, San Francisco, CA 94016",600
188401,Macbook Pro Laptop,1.0,1700.0,04/05/19 12:56,"265 Walnut St, New York City, NY 10001",1275
188409,iPhone,1.0,700.0,04/01/19 19:54,"879 Cedar St, San Francisco, CA 94016",525
188417,Macbook Pro Laptop,1.0,1700.0,04/25/19 13:03,"836 Lakeview St, Atlanta, GA 30301",1275
188420,iPhone,1.0,700.0,04/30/19 11:13,"765 Main St, San Francisco, CA 94016",525
188433,iPhone,1.0,700.0,04/30/19 14:46,"753 Washington St, Atlanta, GA 30301",525
188438,iPhone,1.0,700.0,04/22/19 04:15,"574 Walnut St, San Francisco, CA 94016",525
188454,iPhone,1.0,700.0,04/22/19 09:16,"799 7th St, Dallas, TX 75001",525
188465,iPhone,1.0,700.0,04/06/19 03:15,"271 Elm St, New York City, NY 10001",525
188466,Macbook Pro Laptop,1.0,1700.0,04/21/19 19:38,"133 Main St, Portland, OR 97035",1275
188468,Google Phone,1.0,600.0,04/01/19 16:17,"742 Elm St, New York City, NY 10001",450
188471,iPhone,1.0,700.0,04/12/19 07:53,"661 Cedar St, New York City, NY 10001",525
188477,ThinkPad Laptop,1.0,999.99,04/15/19 12:31,"561 Madison St, Boston, MA 02215",750
188479,ThinkPad Laptop,1.0,999.99,04/03/19 21:47,"481 11th St, New York City, NY 10001",750
188482,iPhone,1.0,700.0,04/15/19 18:17,"397 South St, New York City, NY 10001",525
188502,Google Phone,1.0,600.0,04/05/19 11:12,"152 Madison St, Los Angeles, CA 90001",450
188508,Google Phone,1.0,600.0,04/30/19 18:22,"52 Wilson St, San Francisco, CA 94016",450
188523,ThinkPad Laptop,1.0,999.99,04/23/19 08:58,"286 Maple St, Boston, MA 02215",750
188526,Google Phone,1.0,600.0,04/11/19 12:57,"744 Lincoln St, New York City, NY 10001",450
188538,Google Phone,1.0,600.0,04/25/19 10:17,"385 7th St, New York City, NY 10001",450
188541,Macbook Pro Laptop,1.0,1700.0,04/18/19 16:20,"925 Sunset St, Portland, OR 97035",1275
188543,Macbook Pro Laptop,1.0,1700.0,04/10/19 21:57,"117 Dogwood St, San Francisco, CA 94016",1275
188548,LG Washing Machine,1.0,600.0,04/22/19 14:29,"704 Jefferson St, Los Angeles, CA 90001",600
188549,ThinkPad Laptop,1.0,999.99,04/24/19 19:47,"519 Lake St, Seattle, WA 98101",750
188559,iPhone,1.0,700.0,04/17/19 22:26,"159 4th St, Atlanta, GA 30301",525
188560,Macbook Pro Laptop,1.0,1700.0,04/04/19 10:43,"937 Hickory St, Seattle, WA 98101",1275
188561,Google Phone,1.0,600.0,04/10/19 10:50,"393 Dogwood St, New York City, NY 10001",450
188581,iPhone,1.0,700.0,04/09/19 16:03,"626 Lakeview St, Boston, MA 02215",525
188589,iPhone,1.0,700.0,04/01/19 21:23,"454 Madison St, New York City, NY 10001",525
188598,Macbook Pro Laptop,1.0,1700.0,04/12/19 09:05,"796 Highland St, Seattle, WA 98101",1275
188599,iPhone,1.0,700.0,04/26/19 12:01,"698 Lakeview St, Boston, MA 02215",525
188603,iPhone,1.0,700.0,04/24/19 12:32,"980 10th St, San Francisco, CA 94016",525
188617,iPhone,1.0,700.0,04/05/19 05:54,"727 9th St, San Francisco, CA 94016",525
188619,iPhone,1.0,700.0,04/09/19 13:41,"156 10th St, Boston, MA 02215",525
188622,ThinkPad Laptop,1.0,999.99,04/07/19 13:18,"15 5th St, Atlanta, GA 30301",750
188625,LG Washing Machine,1.0,600.0,04/09/19 16:29,"886 Jackson St, San Francisco, CA 94016",600
188630,Macbook Pro Laptop,1.0,1700.0,04/25/19 19:01,"616 Chestnut St, New York City, NY 10001",1275
188638,iPhone,1.0,700.0,04/30/19 23:10,"149 Chestnut St, Seattle, WA 98101",525
188639,iPhone,1.0,700.0,04/01/19 18:12,"631 Lake St, New York City, NY 10001",525
188641,LG Dryer,1.0,600.0,04/09/19 20:53,"246 Highland St, Los Angeles, CA 90001",600
188644,Google Phone,1.0,600.0,04/15/19 18:10,"316 Hill St, Seattle, WA 98101",450
188650,ThinkPad Laptop,1.0,999.99,04/25/19 13:02,"323 Meadow St, San Francisco, CA 94016",750
188657,iPhone,1.0,700.0,04/04/19 08:28,"916 Sunset St, Portland, OR 97035",525
188659,Google Phone,1.0,600.0,04/18/19 17:15,"770 Chestnut St, Atlanta, GA 30301",450
188671,Google Phone,1.0,600.0,04/29/19 12:21,"608 Wilson St, Atlanta, GA 30301",450
188672,iPhone,1.0,700.0,04/06/19 17:03,"831 Lincoln St, Boston, MA 02215",525
188680,Macbook Pro Laptop,1.0,1700.0,04/15/19 20:44,"880 Willow St, San Francisco, CA 94016",1275
188689,ThinkPad Laptop,1.0,999.99,04/04/19 08:32,"370 Church St, San Francisco, CA 94016",750
188708,iPhone,1.0,700.0,04/26/19 15:08,"148 Sunset St, Austin, TX 73301",525
188710,ThinkPad Laptop,1.0,999.99,04/26/19 19:58,"345 Lake St, Atlanta, GA 30301",750
188719,iPhone,1.0,700.0,04/19/19 18:07,"100 Main St, San Francisco, CA 94016",525
188747,Macbook Pro Laptop,1.0,1700.0,04/20/19 00:23,"336 Park St, Boston, MA 02215",1275
188751,Google Phone,1.0,600.0,04/01/19 19:48,"109 Hill St, San Francisco, CA 94016",450
188753,Google Phone,1.0,600.0,04/09/19 00:17,"915 6th St, Boston, MA 02215",450
188757,iPhone,1.0,700.0,04/14/19 16:21,"835 Madison St, New York City, NY 10001",525
188782,Google Phone,1.0,600.0,04/29/19 23:39,"994 14th St, New York City, NY 10001",450
188785,Macbook Pro Laptop,1.0,1700.0,04/16/19 14:38,"917 Forest St, New York City, NY 10001",1275
188788,Macbook Pro Laptop,1.0,1700.0,04/25/19 04:56,"86 Park St, Los Angeles, CA 90001",1275
188819,Macbook Pro Laptop,1.0,1700.0,04/29/19 20:43,"812 Wilson St, Dallas, TX 75001",1275
188841,Google Phone,1.0,600.0,04/19/19 09:10,"577 10th St, Los Angeles, CA 90001",450
188854,Google Phone,1.0,600.0,04/01/19 17:11,"216 2nd St, Boston, MA 02215",450
188859,iPhone,1.0,700.0,04/22/19 11:13,"19 Pine St, Portland, OR 97035",525
188865,Macbook Pro Laptop,1.0,1700.0,04/04/19 12:45,"939 Adams St, Dallas, TX 75001",1275
188869,Google Phone,1.0,600.0,04/03/19 12:59,"134 Spruce St, Los Angeles, CA 90001",450
188876,LG Dryer,1.0,600.0,04/14/19 12:48,"16 Madison St, Los Angeles, CA 90001",600
188881,Google Phone,1.0,600.0,04/19/19 18:18,"872 7th St, Los Angeles, CA 90001",450
188904,iPhone,1.0,700.0,04/20/19 15:01,"281 Church St, Portland, OR 97035",525
188906,LG Dryer,1.0,600.0,04/27/19 15:47,"230 8th St, Los Angeles, CA 90001",600
188909,Google Phone,1.0,600.0,04/18/19 08:31,"815 Forest St, Los Angeles, CA 90001",450
188914,iPhone,1.0,700.0,04/19/19 18:55,"327 Dogwood St, San Francisco, CA 94016",525
188920,Google Phone,1.0,600.0,04/09/19 23:03,"250 North St, San Francisco, CA 94016",450
188922,Macbook Pro Laptop,1.0,1700.0,04/13/19 16:39,"904 Jefferson St, San Francisco, CA 94016",1275
188927,ThinkPad Laptop,1.0,999.99,04/16/19 19:16,"58 2nd St, San Francisco, CA 94016",750
188931,Macbook Pro Laptop,1.0,1700.0,04/08/19 22:26,"488 Ridge St, Atlanta, GA 30301",1275
188936,iPhone,1.0,700.0,04/14/19 13:27,"953 Ridge St, Los Angeles, CA 90001",525
188945,Google Phone,1.0,600.0,04/09/19 15:58,"119 Hickory St, Portland, OR 97035",450
188985,Macbook Pro Laptop,1.0,1700.0,04/12/19 00:38,"962 Forest St, Austin, TX 73301",1275
188994,ThinkPad Laptop,1.0,999.99,04/27/19 23:47,"682 Ridge St, Los Angeles, CA 90001",750
188997,Google Phone,1.0,600.0,04/11/19 19:56,"653 Dogwood St, Los Angeles, CA 90001",450
189003,LG Washing Machine,1.0,600.0,04/26/19 17:12,"358 Main St, San Francisco, CA 94016",600
189008,Macbook Pro Laptop,1.0,1700.0,04/26/19 23:39,"754 Hickory St, Dallas, TX 75001",1275
189010,Macbook Pro Laptop,1.0,1700.0,04/25/19 13:10,"256 Washington St, San Francisco, CA 94016",1275
189013,Google Phone,1.0,600.0,04/18/19 16:01,"401 8th St, Dallas, TX 75001",450
189019,iPhone,1.0,700.0,04/28/19 13:46,"327 12th St, Boston, MA 02215",525
189029,iPhone,1.0,700.0,04/16/19 18:45,"163 Johnson St, San Francisco, CA 94016",525
189032,iPhone,1.0,700.0,04/18/19 08:51,"962 West St, San Francisco, CA 94016",525
189042,Macbook Pro Laptop,1.0,1700.0,04/13/19 17:49,"791 Cedar St, Seattle, WA 98101",1275
189060,ThinkPad Laptop,1.0,999.99,04/11/19 15:07,"70 Wilson St, Atlanta, GA 30301",750
189064,ThinkPad Laptop,1.0,999.99,04/11/19 06:47,"360 5th St, Seattle, WA 98101",750
189068,Macbook Pro Laptop,1.0,1700.0,04/24/19 11:42,"402 Walnut St, Los Angeles, CA 90001",1275
189071,iPhone,1.0,700.0,04/11/19 15:05,"483 Pine St, Boston, MA 02215",525
189073,LG Washing Machine,1.0,600.0,04/02/19 19:11,"819 14th St, Boston, MA 02215",600
189077,iPhone,1.0,700.0,04/07/19 18:05,"596 12th St, Boston, MA 02215",525
189079,Macbook Pro Laptop,1.0,1700.0,04/16/19 20:21,"360 14th St, San Francisco, CA 94016",1275
189089,Macbook Pro Laptop,1.0,1700.0,04/13/19 22:00,"704 Maple St, San Francisco, CA 94016",1275
189091,ThinkPad Laptop,1.0,999.99,04/26/19 16:05,"852 12th St, Atlanta, GA 30301",750
189108,Google Phone,1.0,600.0,04/10/19 07:22,"196 Meadow St, Boston, MA 02215",450
189117,Macbook Pro Laptop,1.0,1700.0,04/24/19 09:43,"779 West St, Atlanta, GA 30301",1275
189129,ThinkPad Laptop,1.0,999.99,04/26/19 16:49,"616 South St, San Francisco, CA 94016",750
189133,Google Phone,1.0,600.0,04/18/19 11:01,"701 10th St, Portland, ME 04101",450
189134,iPhone,1.0,700.0,04/15/19 15:42,"186 4th St, New York City, NY 10001",525
189152,Google Phone,1.0,600.0,04/01/19 07:40,"809 North St, San Francisco, CA 94016",450
189157,ThinkPad Laptop,1.0,999.99,04/29/19 21:32,"385 2nd St, Dallas, TX 75001",750
189163,iPhone,1.0,700.0,04/30/19 19:33,"310 4th St, San Francisco, CA 94016",525
189164,Google Phone,1.0,600.0,04/12/19 12:40,"707 Center St, San Francisco, CA 94016",450
189169,iPhone,1.0,700.0,04/14/19 21:01,"343 Main St, Dallas, TX 75001",525
189183,Macbook Pro Laptop,1.0,1700.0,04/05/19 00:00,"778 Madison St, New York City, NY 10001",1275
189191,ThinkPad Laptop,1.0,999.99,04/23/19 08:49,"326 Johnson St, New York City, NY 10001",750
189193,Google Phone,1.0,600.0,04/27/19 13:39,"532 Elm St, Portland, ME 04101",450
189194,Macbook Pro Laptop,1.0,1700.0,04/18/19 20:03,"966 Hill St, San Francisco, CA 94016",1275
189201,Google Phone,1.0,600.0,04/22/19 11:38,"399 Main St, Seattle, WA 98101",450
189207,Macbook Pro Laptop,1.0,1700.0,04/18/19 09:42,"801 6th St, Dallas, TX 75001",1275
189207,ThinkPad Laptop,1.0,999.99,04/18/19 09:42,"801 6th St, Dallas, TX 75001",750
189208,Google Phone,1.0,600.0,04/07/19 22:00,"930 4th St, San Francisco, CA 94016",450
189212,Google Phone,1.0,600.0,04/12/19 13:12,"214 11th St, New York City, NY 10001",450
189224,ThinkPad Laptop,1.0,999.99,04/16/19 09:55,"865 Center St, Portland, OR 97035",750
189243,Google Phone,1.0,600.0,04/28/19 13:01,"629 Jackson St, New York City, NY 10001",450
189252,Google Phone,1.0,600.0,04/19/19 19:54,"93 West St, Boston, MA 02215",450
189262,Google Phone,1.0,600.0,04/01/19 13:02,"230 Dogwood St, Atlanta, GA 30301",450
189268,Google Phone,1.0,600.0,04/11/19 20:23,"68 11th St, Los Angeles, CA 90001",450
189269,Macbook Pro Laptop,1.0,1700.0,04/26/19 21:05,"596 Lakeview St, New York City, NY 10001",1275
189273,Macbook Pro Laptop,1.0,1700.0,04/14/19 00:52,"553 West St, Dallas, TX 75001",1275
189280,iPhone,1.0,700.0,04/16/19 09:57,"242 13th St, Austin, TX 73301",525
189282,Google Phone,1.0,600.0,04/30/19 10:45,"803 1st St, Boston, MA 02215",450
189285,ThinkPad Laptop,1.0,999.99,04/24/19 18:35,"283 Forest St, Los Angeles, CA 90001",750
189290,Google Phone,1.0,600.0,04/17/19 09:18,"482 Wilson St, Dallas, TX 75001",450
189301,iPhone,1.0,700.0,04/05/19 23:49,"562 Hickory St, Boston, MA 02215",525
189312,Google Phone,1.0,600.0,04/18/19 15:09,"411 Hickory St, Atlanta, GA 30301",450
189316,LG Dryer,1.0,600.0,04/23/19 20:36,"13 Main St, Boston, MA 02215",600
189332,iPhone,1.0,700.0,04/15/19 01:06,"349 1st St, Boston, MA 02215",525
189336,Google Phone,1.0,600.0,04/03/19 21:59,"940 Washington St, San Francisco, CA 94016",450
189349,iPhone,1.0,700.0,04/23/19 16:21,"884 Hill St, San Francisco, CA 94016",525
189354,ThinkPad Laptop,1.0,999.99,04/15/19 08:00,"987 6th St, Atlanta, GA 30301",750
189359,ThinkPad Laptop,1.0,999.99,04/14/19 17:26,"431 Highland St, New York City, NY 10001",750
189361,Google Phone,1.0,600.0,04/28/19 12:58,"695 Willow St, Austin, TX 73301",450
189369,Macbook Pro Laptop,1.0,1700.0,04/21/19 09:13,"816 5th St, San Francisco, CA 94016",1275
189370,Macbook Pro Laptop,1.0,1700.0,04/22/19 13:26,"572 Lakeview St, Dallas, TX 75001",1275
189395,ThinkPad Laptop,1.0,999.99,04/03/19 20:15,"496 Johnson St, Austin, TX 73301",750
189413,iPhone,1.0,700.0,04/30/19 12:41,"94 Meadow St, Austin, TX 73301",525
189414,iPhone,1.0,700.0,04/25/19 14:49,"426 West St, Dallas, TX 75001",525
189425,Google Phone,1.0,600.0,04/14/19 22:06,"581 Park St, Atlanta, GA 30301",450
189436,iPhone,1.0,700.0,04/15/19 10:08,"332 Sunset St, Boston, MA 02215",525
189457,iPhone,1.0,700.0,04/22/19 14:23,"649 South St, San Francisco, CA 94016",525
189458,iPhone,1.0,700.0,04/14/19 23:48,"297 11th St, San Francisco, CA 94016",525
189469,Macbook Pro Laptop,1.0,1700.0,04/11/19 22:12,"282 Ridge St, Austin, TX 73301",1275
189473,iPhone,1.0,700.0,04/18/19 20:45,"952 Ridge St, New York City, NY 10001",525
189477,Macbook Pro Laptop,1.0,1700.0,04/11/19 21:31,"445 Walnut St, New York City, NY 10001",1275
189479,Macbook Pro Laptop,1.0,1700.0,04/12/19 03:02,"28 Jackson St, San Francisco, CA 94016",1275
189495,iPhone,1.0,700.0,04/09/19 11:59,"589 7th St, Atlanta, GA 30301",525
189496,ThinkPad Laptop,1.0,999.99,04/17/19 23:29,"242 Forest St, San Francisco, CA 94016",750
189508,Macbook Pro Laptop,1.0,1700.0,04/14/19 10:51,"508 Hill St, San Francisco, CA 94016",1275
189514,Google Phone,1.0,600.0,04/12/19 22:19,"774 West St, New York City, NY 10001",450
189517,Macbook Pro Laptop,1.0,1700.0,04/23/19 14:57,"126 Lakeview St, New York City, NY 10001",1275
189526,ThinkPad Laptop,1.0,999.99,04/26/19 21:03,"320 10th St, Los Angeles, CA 90001",750
189547,Google Phone,1.0,600.0,04/17/19 18:39,"422 5th St, Los Angeles, CA 90001",450
189552,iPhone,1.0,700.0,04/25/19 20:03,"191 Chestnut St, Los Angeles, CA 90001",525
189555,LG Washing Machine,1.0,600.0,04/04/19 18:01,"729 Meadow St, Dallas, TX 75001",600
189557,iPhone,1.0,700.0,04/27/19 12:49,"967 Chestnut St, Seattle, WA 98101",525
189575,iPhone,1.0,700.0,04/18/19 21:54,"937 13th St, Atlanta, GA 30301",525
189580,Macbook Pro Laptop,1.0,1700.0,04/20/19 08:42,"40 South St, Seattle, WA 98101",1275
189583,Google Phone,1.0,600.0,04/30/19 18:43,"108 Washington St, San Francisco, CA 94016",450
189589,iPhone,1.0,700.0,04/19/19 09:04,"110 North St, San Francisco, CA 94016",525
189593,ThinkPad Laptop,1.0,999.99,04/24/19 21:39,"591 Lakeview St, Atlanta, GA 30301",750
189601,Macbook Pro Laptop,1.0,1700.0,04/25/19 19:47,"865 Hill St, San Francisco, CA 94016",1275
189613,Macbook Pro Laptop,1.0,1700.0,04/09/19 15:51,"312 Ridge St, San Francisco, CA 94016",1275
189617,iPhone,1.0,700.0,04/22/19 15:34,"902 5th St, Austin, TX 73301",525
189621,ThinkPad Laptop,1.0,999.99,04/28/19 00:14,"623 Church St, San Francisco, CA 94016",750
189629,iPhone,1.0,700.0,04/27/19 14:49,"650 West St, New York City, NY 10001",525
189633,ThinkPad Laptop,1.0,999.99,04/13/19 12:56,"645 12th St, Seattle, WA 98101",750
189636,Macbook Pro Laptop,1.0,1700.0,04/17/19 18:06,"410 Highland St, New York City, NY 10001",1275
189667,Macbook Pro Laptop,1.0,1700.0,04/06/19 19:13,"832 5th St, New York City, NY 10001",1275
189669,Google Phone,1.0,600.0,04/30/19 08:32,"90 12th St, Los Angeles, CA 90001",450
189678,Google Phone,1.0,600.0,04/06/19 20:44,"755 Chestnut St, New York City, NY 10001",450
189682,Google Phone,1.0,600.0,04/14/19 12:57,"470 11th St, Dallas, TX 75001",450
189687,iPhone,1.0,700.0,04/23/19 10:48,"929 Park St, New York City, NY 10001",525
189697,Macbook Pro Laptop,1.0,1700.0,04/08/19 18:23,"789 13th St, Seattle, WA 98101",1275
189704,iPhone,1.0,700.0,04/16/19 18:12,"203 13th St, Dallas, TX 75001",525
189730,ThinkPad Laptop,1.0,999.99,04/26/19 12:10,"895 11th St, Seattle, WA 98101",750
189745,Google Phone,1.0,600.0,04/17/19 19:29,"555 9th St, Boston, MA 02215",450
189746,Macbook Pro Laptop,1.0,1700.0,04/06/19 20:44,"304 9th St, Dallas, TX 75001",1275
189770,Macbook Pro Laptop,1.0,1700.0,04/23/19 13:56,"608 Park St, Los Angeles, CA 90001",1275
189774,Macbook Pro Laptop,1.0,1700.0,04/28/19 09:26,"673 Elm St, Portland, OR 97035",1275
189790,Google Phone,1.0,600.0,04/11/19 11:02,"496 Pine St, San Francisco, CA 94016",450
189805,Macbook Pro Laptop,1.0,1700.0,05/01/19 01:31,"919 Sunset St, San Francisco, CA 94016",1275
189806,Macbook Pro Laptop,1.0,1700.0,05/01/19 00:52,"928 Dogwood St, Dallas, TX 75001",1275
189809,iPhone,1.0,700.0,04/19/19 19:56,"871 Lincoln St, Los Angeles, CA 90001",525
189814,iPhone,1.0,700.0,04/03/19 09:14,"843 Wilson St, Dallas, TX 75001",525
189816,Macbook Pro Laptop,1.0,1700.0,04/26/19 14:54,"323 South St, New York City, NY 10001",1275
189817,ThinkPad Laptop,1.0,999.99,04/10/19 17:06,"740 Cedar St, Los Angeles, CA 90001",750
189821,ThinkPad Laptop,1.0,999.99,04/07/19 14:32,"129 Johnson St, San Francisco, CA 94016",750
189824,Google Phone,1.0,600.0,04/29/19 07:08,"311 Cherry St, Portland, OR 97035",450
189826,iPhone,1.0,700.0,04/16/19 09:16,"668 Highland St, Boston, MA 02215",525
189840,Macbook Pro Laptop,1.0,1700.0,04/04/19 15:19,"541 Cherry St, San Francisco, CA 94016",1275
189842,iPhone,1.0,700.0,04/16/19 13:56,"815 Washington St, Los Angeles, CA 90001",525
189845,Google Phone,1.0,600.0,04/28/19 16:46,"953 Chestnut St, San Francisco, CA 94016",450
189850,Macbook Pro Laptop,1.0,1700.0,04/27/19 12:42,"710 Cedar St, New York City, NY 10001",1275
189853,Macbook Pro Laptop,1.0,1700.0,04/15/19 03:16,"237 Hickory St, Los Angeles, CA 90001",1275
189863,ThinkPad Laptop,1.0,999.99,04/27/19 14:42,"77 Lincoln St, Los Angeles, CA 90001",750
189869,ThinkPad Laptop,1.0,999.99,04/09/19 12:31,"933 Hill St, San Francisco, CA 94016",750
189871,iPhone,1.0,700.0,04/24/19 22:25,"840 Jefferson St, Los Angeles, CA 90001",525
189873,Macbook Pro Laptop,1.0,1700.0,04/06/19 11:04,"654 Maple St, Boston, MA 02215",1275
189877,Macbook Pro Laptop,1.0,1700.0,04/28/19 18:17,"878 2nd St, Portland, OR 97035",1275
189910,Google Phone,1.0,600.0,04/07/19 21:59,"327 Adams St, San Francisco, CA 94016",450
189926,LG Washing Machine,1.0,600.0,04/10/19 14:15,"569 Main St, Atlanta, GA 30301",600
189942,Google Phone,1.0,600.0,04/01/19 22:07,"757 Cedar St, San Francisco, CA 94016",450
189945,iPhone,1.0,700.0,04/23/19 12:06,"17 Hickory St, Boston, MA 02215",525
189951,Macbook Pro Laptop,1.0,1700.0,04/30/19 19:26,"969 13th St, Portland, OR 97035",1275
189958,ThinkPad Laptop,1.0,999.99,04/13/19 19:13,"181 12th St, New York City, NY 10001",750
189959,Google Phone,1.0,600.0,04/10/19 11:57,"781 Hill St, Atlanta, GA 30301",450
189963,Google Phone,1.0,600.0,04/11/19 19:05,"637 13th St, Atlanta, GA 30301",450
189977,Google Phone,1.0,600.0,04/17/19 11:51,"190 Forest St, Atlanta, GA 30301",450
189986,Google Phone,1.0,600.0,04/13/19 22:14,"881 Lakeview St, Austin, TX 73301",450
190000,LG Dryer,1.0,600.0,04/11/19 23:21,"87 8th St, San Francisco, CA 94016",600
190007,iPhone,1.0,700.0,04/20/19 06:40,"797 Center St, Boston, MA 02215",525
190024,ThinkPad Laptop,1.0,999.99,04/18/19 14:41,"600 Maple St, Seattle, WA 98101",750
190029,ThinkPad Laptop,1.0,999.99,04/18/19 13:31,"106 Ridge St, Los Angeles, CA 90001",750
190031,ThinkPad Laptop,1.0,999.99,04/01/19 19:25,"600 Walnut St, Portland, OR 97035",750
190037,Google Phone,1.0,600.0,04/29/19 08:13,"455 Dogwood St, Austin, TX 73301",450
190044,iPhone,1.0,700.0,04/30/19 18:47,"958 Lakeview St, San Francisco, CA 94016",525
190079,Google Phone,1.0,600.0,04/19/19 09:12,"927 5th St, Los Angeles, CA 90001",450
190082,Google Phone,1.0,600.0,04/12/19 19:07,"743 Lincoln St, Boston, MA 02215",450
190094,iPhone,1.0,700.0,04/02/19 12:43,"371 2nd St, New York City, NY 10001",525
190105,iPhone,1.0,700.0,04/06/19 20:34,"490 Spruce St, San Francisco, CA 94016",525
190127,Google Phone,1.0,600.0,04/19/19 08:54,"676 Chestnut St, Atlanta, GA 30301",450
190128,Macbook Pro Laptop,1.0,1700.0,04/29/19 11:21,"655 North St, New York City, NY 10001",1275
190130,LG Washing Machine,1.0,600.0,04/21/19 18:04,"183 Lake St, Dallas, TX 75001",600
190136,Macbook Pro Laptop,1.0,1700.0,04/08/19 12:06,"172 Elm St, San Francisco, CA 94016",1275
190138,iPhone,1.0,700.0,04/20/19 22:10,"345 Park St, Austin, TX 73301",525
190165,Google Phone,1.0,600.0,04/10/19 17:36,"41 14th St, Seattle, WA 98101",450
190183,Google Phone,1.0,600.0,04/15/19 15:23,"92 Madison St, New York City, NY 10001",450
190187,Macbook Pro Laptop,1.0,1700.0,04/01/19 12:24,"170 Lake St, Los Angeles, CA 90001",1275
190191,iPhone,1.0,700.0,04/20/19 07:05,"804 Lincoln St, Austin, TX 73301",525
190199,ThinkPad Laptop,1.0,999.99,04/15/19 14:45,"890 Lincoln St, Los Angeles, CA 90001",750
190200,Macbook Pro Laptop,1.0,1700.0,04/18/19 13:02,"508 Main St, Portland, OR 97035",1275
190205,Google Phone,1.0,600.0,04/02/19 13:24,"526 Elm St, Dallas, TX 75001",450
190218,Google Phone,1.0,600.0,04/30/19 17:46,"510 Jackson St, Dallas, TX 75001",450
190230,Google Phone,1.0,600.0,04/04/19 20:02,"451 12th St, Austin, TX 73301",450
190234,Google Phone,1.0,600.0,04/17/19 15:37,"128 River St, Dallas, TX 75001",450
190235,iPhone,1.0,700.0,04/08/19 21:53,"425 2nd St, Austin, TX 73301",525
190239,LG Washing Machine,1.0,600.0,04/12/19 21:17,"59 Hill St, San Francisco, CA 94016",600
190254,ThinkPad Laptop,1.0,999.99,04/06/19 10:33,"546 Chestnut St, Atlanta, GA 30301",750
190271,Macbook Pro Laptop,1.0,1700.0,04/12/19 20:38,"901 Chestnut St, Atlanta, GA 30301",1275
190288,Google Phone,1.0,600.0,04/02/19 19:22,"802 Chestnut St, New York City, NY 10001",450
190300,iPhone,1.0,700.0,04/06/19 21:50,"817 Church St, Seattle, WA 98101",525
190306,Macbook Pro Laptop,1.0,1700.0,04/10/19 11:42,"853 Cherry St, Portland, OR 97035",1275
190308,ThinkPad Laptop,1.0,999.99,04/07/19 20:28,"89 Jefferson St, Portland, OR 97035",750
190309,iPhone,1.0,700.0,04/04/19 11:34,"286 5th St, Dallas, TX 75001",525
190320,iPhone,1.0,700.0,04/15/19 09:07,"917 12th St, Seattle, WA 98101",525
190334,Macbook Pro Laptop,1.0,1700.0,04/06/19 12:44,"229 Cedar St, Los Angeles, CA 90001",1275
190337,iPhone,1.0,700.0,04/24/19 21:01,"534 14th St, Boston, MA 02215",525
190344,iPhone,1.0,700.0,04/15/19 19:25,"423 Willow St, San Francisco, CA 94016",525
190349,Google Phone,1.0,600.0,04/09/19 09:37,"697 Chestnut St, Los Angeles, CA 90001",450
190356,ThinkPad Laptop,1.0,999.99,04/07/19 11:13,"488 Highland St, Los Angeles, CA 90001",750
190359,LG Washing Machine,1.0,600.0,04/04/19 19:15,"588 Washington St, New York City, NY 10001",600
190362,iPhone,1.0,700.0,04/01/19 12:35,"349 River St, Austin, TX 73301",525
190370,Macbook Pro Laptop,1.0,1700.0,04/21/19 20:04,"471 5th St, San Francisco, CA 94016",1275
190375,Macbook Pro Laptop,1.0,1700.0,04/30/19 00:17,"8 Lincoln St, Portland, OR 97035",1275
190383,Google Phone,1.0,600.0,04/01/19 20:37,"1 Lakeview St, Los Angeles, CA 90001",450
190385,Macbook Pro Laptop,1.0,1700.0,04/04/19 17:34,"817 Lake St, New York City, NY 10001",1275
190390,Google Phone,1.0,600.0,04/15/19 13:05,"151 Cherry St, Portland, OR 97035",450
190393,iPhone,1.0,700.0,04/22/19 17:21,"103 Park St, New York City, NY 10001",525
190405,ThinkPad Laptop,1.0,999.99,04/25/19 17:43,"833 4th St, Los Angeles, CA 90001",750
190413,iPhone,1.0,700.0,04/19/19 08:48,"554 Madison St, San Francisco, CA 94016",525
190418,Macbook Pro Laptop,1.0,1700.0,04/05/19 20:59,"548 Main St, San Francisco, CA 94016",1275
190424,Macbook Pro Laptop,1.0,1700.0,04/11/19 12:13,"806 Meadow St, San Francisco, CA 94016",1275
190426,ThinkPad Laptop,1.0,999.99,04/11/19 23:21,"683 Ridge St, Boston, MA 02215",750
190428,Google Phone,1.0,600.0,04/21/19 18:51,"304 Pine St, Los Angeles, CA 90001",450
190429,ThinkPad Laptop,1.0,999.99,04/14/19 09:28,"31 13th St, Boston, MA 02215",750
190450,Google Phone,1.0,600.0,04/30/19 19:19,"547 5th St, New York City, NY 10001",450
190460,Macbook Pro Laptop,1.0,1700.0,04/12/19 14:16,"256 Hill St, San Francisco, CA 94016",1275
190467,ThinkPad Laptop,1.0,999.99,04/17/19 00:14,"885 Cedar St, Portland, OR 97035",750
190472,Macbook Pro Laptop,1.0,1700.0,04/16/19 22:54,"293 Pine St, Boston, MA 02215",1275
190475,Macbook Pro Laptop,1.0,1700.0,04/16/19 14:50,"159 1st St, Los Angeles, CA 90001",1275
190491,iPhone,1.0,700.0,04/14/19 18:48,"231 Lincoln St, Los Angeles, CA 90001",525
190493,iPhone,1.0,700.0,04/15/19 13:29,"417 Johnson St, San Francisco, CA 94016",525
190501,Macbook Pro Laptop,1.0,1700.0,04/10/19 10:46,"818 Hickory St, Atlanta, GA 30301",1275
190508,iPhone,1.0,700.0,04/21/19 20:08,"704 Chestnut St, Atlanta, GA 30301",525
190512,iPhone,1.0,700.0,04/01/19 20:35,"360 5th St, Dallas, TX 75001",525
190519,Google Phone,1.0,600.0,04/20/19 08:53,"820 11th St, Portland, OR 97035",450
190525,iPhone,1.0,700.0,04/06/19 08:57,"581 Main St, Austin, TX 73301",525
190527,Google Phone,1.0,600.0,04/26/19 20:32,"901 Hill St, Los Angeles, CA 90001",450
190548,iPhone,1.0,700.0,04/04/19 19:00,"167 Lincoln St, Atlanta, GA 30301",525
190552,iPhone,1.0,700.0,04/06/19 08:24,"87 Lakeview St, New York City, NY 10001",525
190574,ThinkPad Laptop,1.0,999.99,04/22/19 09:03,"327 Willow St, Seattle, WA 98101",750
190576,iPhone,1.0,700.0,04/17/19 20:37,"219 Jackson St, Dallas, TX 75001",525
190585,iPhone,1.0,700.0,04/27/19 15:23,"631 Cedar St, San Francisco, CA 94016",525
190588,Google Phone,1.0,600.0,04/14/19 09:11,"22 Maple St, Dallas, TX 75001",450
190593,Macbook Pro Laptop,1.0,1700.0,04/16/19 07:40,"129 Elm St, Atlanta, GA 30301",1275
190595,Macbook Pro Laptop,1.0,1700.0,04/29/19 03:17,"25 Wilson St, San Francisco, CA 94016",1275
190597,iPhone,1.0,700.0,04/08/19 18:17,"915 14th St, Portland, OR 97035",525
190623,Google Phone,1.0,600.0,04/14/19 17:32,"493 Cedar St, New York City, NY 10001",450
190631,Google Phone,1.0,600.0,04/15/19 18:33,"333 Lincoln St, New York City, NY 10001",450
190637,iPhone,1.0,700.0,04/14/19 19:46,"931 Adams St, San Francisco, CA 94016",525
190640,Macbook Pro Laptop,1.0,1700.0,04/27/19 09:33,"146 12th St, Boston, MA 02215",1275
190643,Google Phone,1.0,600.0,04/01/19 21:08,"672 Meadow St, San Francisco, CA 94016",450
190652,iPhone,1.0,700.0,04/24/19 20:07,"812 11th St, Dallas, TX 75001",525
190653,Google Phone,1.0,600.0,04/07/19 16:29,"869 Dogwood St, Los Angeles, CA 90001",450
190655,Macbook Pro Laptop,1.0,1700.0,04/10/19 06:24,"681 5th St, New York City, NY 10001",1275
190657,ThinkPad Laptop,1.0,999.99,04/23/19 17:07,"647 Walnut St, New York City, NY 10001",750
190662,Google Phone,1.0,600.0,04/04/19 08:49,"91 Ridge St, New York City, NY 10001",450
190666,Google Phone,1.0,600.0,04/17/19 07:20,"965 Main St, Dallas, TX 75001",450
190674,Macbook Pro Laptop,1.0,1700.0,04/08/19 16:19,"724 1st St, San Francisco, CA 94016",1275
190696,Google Phone,1.0,600.0,04/12/19 20:03,"736 River St, San Francisco, CA 94016",450
190716,Macbook Pro Laptop,1.0,1700.0,04/20/19 18:15,"81 11th St, New York City, NY 10001",1275
190729,ThinkPad Laptop,1.0,999.99,04/24/19 20:25,"88 Lincoln St, Atlanta, GA 30301",750
190735,Macbook Pro Laptop,1.0,1700.0,04/15/19 11:10,"558 Lake St, Atlanta, GA 30301",1275
190751,Google Phone,1.0,600.0,04/23/19 00:32,"113 Lincoln St, Atlanta, GA 30301",450
190753,Macbook Pro Laptop,1.0,1700.0,04/20/19 19:01,"590 Cedar St, Boston, MA 02215",1275
190764,iPhone,1.0,700.0,04/28/19 15:12,"355 Park St, Los Angeles, CA 90001",525
190769,LG Washing Machine,1.0,600.0,04/07/19 19:12,"84 Hickory St, Seattle, WA 98101",600
190778,Macbook Pro Laptop,1.0,1700.0,04/24/19 10:11,"540 Meadow St, Seattle, WA 98101",1275
190808,ThinkPad Laptop,1.0,999.99,04/13/19 21:34,"680 Walnut St, New York City, NY 10001",750
190809,iPhone,1.0,700.0,04/30/19 14:42,"585 Chestnut St, San Francisco, CA 94016",525
190836,ThinkPad Laptop,1.0,999.99,04/06/19 12:28,"136 Cedar St, Austin, TX 73301",750
190837,iPhone,1.0,700.0,04/07/19 14:09,"379 Church St, San Francisco, CA 94016",525
190840,iPhone,1.0,700.0,04/30/19 17:25,"379 Willow St, Seattle, WA 98101",525
190850,ThinkPad Laptop,1.0,999.99,04/28/19 12:27,"796 Hickory St, Portland, OR 97035",750
190851,Google Phone,1.0,600.0,04/07/19 14:50,"292 Washington St, Boston, MA 02215",450
190855,Macbook Pro Laptop,1.0,1700.0,04/24/19 11:00,"200 6th St, Atlanta, GA 30301",1275
190857,Google Phone,1.0,600.0,04/24/19 00:05,"733 2nd St, San Francisco, CA 94016",450
190863,iPhone,1.0,700.0,04/27/19 12:44,"297 14th St, Dallas, TX 75001",525
190871,Google Phone,1.0,600.0,04/12/19 15:14,"208 Lakeview St, Seattle, WA 98101",450
190880,iPhone,1.0,700.0,04/15/19 11:36,"625 Hickory St, San Francisco, CA 94016",525
190882,Google Phone,1.0,600.0,04/07/19 13:04,"489 1st St, New York City, NY 10001",450
190895,ThinkPad Laptop,1.0,999.99,04/04/19 16:30,"891 Lincoln St, Los Angeles, CA 90001",750
190901,ThinkPad Laptop,1.0,999.99,04/08/19 18:00,"809 South St, San Francisco, CA 94016",750
190903,Macbook Pro Laptop,1.0,1700.0,04/02/19 19:45,"939 Maple St, New York City, NY 10001",1275
190908,LG Dryer,1.0,600.0,04/09/19 14:38,"806 11th St, Austin, TX 73301",600
190912,Macbook Pro Laptop,1.0,1700.0,04/28/19 16:22,"427 7th St, Los Angeles, CA 90001",1275
190924,ThinkPad Laptop,1.0,999.99,04/22/19 21:09,"493 Spruce St, Seattle, WA 98101",750
190934,Google Phone,1.0,600.0,04/13/19 05:33,"896 Lake St, Dallas, TX 75001",450
190942,iPhone,1.0,700.0,04/09/19 20:41,"308 Willow St, Dallas, TX 75001",525
190971,Macbook Pro Laptop,1.0,1700.0,04/24/19 09:27,"687 Park St, Los Angeles, CA 90001",1275
190982,LG Washing Machine,1.0,600.0,04/02/19 14:17,"574 River St, San Francisco, CA 94016",600
190986,ThinkPad Laptop,1.0,999.99,04/09/19 19:41,"860 Sunset St, San Francisco, CA 94016",750
190999,ThinkPad Laptop,1.0,999.99,04/07/19 14:34,"176 10th St, San Francisco, CA 94016",750
191001,Macbook Pro Laptop,1.0,1700.0,04/11/19 19:19,"640 West St, Dallas, TX 75001",1275
191012,iPhone,1.0,700.0,04/23/19 19:02,"6 Forest St, San Francisco, CA 94016",525
191014,ThinkPad Laptop,1.0,999.99,04/08/19 19:59,"690 Walnut St, San Francisco, CA 94016",750
191018,ThinkPad Laptop,1.0,999.99,04/28/19 14:06,"336 11th St, Dallas, TX 75001",750
191019,Google Phone,1.0,600.0,04/17/19 15:28,"225 8th St, Seattle, WA 98101",450
191031,ThinkPad Laptop,1.0,999.99,04/03/19 12:43,"851 Pine St, Dallas, TX 75001",750
191040,ThinkPad Laptop,1.0,999.99,04/23/19 21:15,"830 Chestnut St, San Francisco, CA 94016",750
191041,Macbook Pro Laptop,1.0,1700.0,04/20/19 11:43,"15 West St, San Francisco, CA 94016",1275
191044,Macbook Pro Laptop,1.0,1700.0,04/06/19 09:51,"503 Sunset St, Seattle, WA 98101",1275
191047,iPhone,1.0,700.0,04/09/19 08:52,"988 Elm St, Los Angeles, CA 90001",525
191049,LG Dryer,1.0,600.0,04/14/19 14:45,"523 West St, Dallas, TX 75001",600
191050,iPhone,1.0,700.0,04/01/19 17:43,"67 Cedar St, New York City, NY 10001",525
191060,LG Dryer,1.0,600.0,04/13/19 22:15,"869 Chestnut St, Boston, MA 02215",600
191064,Macbook Pro Laptop,1.0,1700.0,04/03/19 10:11,"214 11th St, Atlanta, GA 30301",1275
191080,iPhone,1.0,700.0,04/17/19 09:24,"510 Lake St, San Francisco, CA 94016",525
191089,iPhone,1.0,700.0,04/25/19 21:07,"415 Forest St, Los Angeles, CA 90001",525
191107,iPhone,1.0,700.0,04/16/19 10:37,"583 4th St, Atlanta, GA 30301",525
191112,LG Dryer,1.0,600.0,04/15/19 20:08,"252 4th St, Atlanta, GA 30301",600
191121,Macbook Pro Laptop,1.0,1700.0,04/24/19 02:05,"77 Chestnut St, Los Angeles, CA 90001",1275
191124,iPhone,1.0,700.0,04/07/19 08:28,"416 Cedar St, Austin, TX 73301",525
191145,iPhone,1.0,700.0,04/14/19 22:08,"577 9th St, Atlanta, GA 30301",525
191154,iPhone,1.0,700.0,04/22/19 18:04,"459 South St, Dallas, TX 75001",525
191155,Google Phone,1.0,600.0,04/30/19 13:53,"733 Highland St, San Francisco, CA 94016",450
191162,iPhone,1.0,700.0,04/15/19 18:47,"58 Spruce St, Boston, MA 02215",525
191174,ThinkPad Laptop,1.0,999.99,04/04/19 19:36,"516 9th St, San Francisco, CA 94016",750
191178,iPhone,1.0,700.0,04/05/19 19:06,"119 Lake St, Los Angeles, CA 90001",525
191193,iPhone,1.0,700.0,04/21/19 22:37,"721 Elm St, New York City, NY 10001",525
191202,ThinkPad Laptop,1.0,999.99,04/26/19 13:43,"6 11th St, Austin, TX 73301",750
191209,LG Washing Machine,1.0,600.0,04/24/19 21:46,"48 Cedar St, Atlanta, GA 30301",600
191216,ThinkPad Laptop,1.0,999.99,04/12/19 14:09,"606 Hill St, Portland, ME 04101",750
191222,Google Phone,1.0,600.0,04/16/19 17:42,"93 13th St, New York City, NY 10001",450
191235,Macbook Pro Laptop,1.0,1700.0,04/07/19 08:10,"505 Pine St, San Francisco, CA 94016",1275
191240,Google Phone,1.0,600.0,04/07/19 08:03,"293 River St, San Francisco, CA 94016",450
191251,Google Phone,1.0,600.0,04/17/19 23:38,"440 Jackson St, Portland, OR 97035",450
191252,ThinkPad Laptop,1.0,999.99,04/26/19 16:54,"989 Elm St, Los Angeles, CA 90001",750
191257,ThinkPad Laptop,1.0,999.99,04/28/19 01:34,"458 Lakeview St, New York City, NY 10001",750
191269,Google Phone,1.0,600.0,04/12/19 00:28,"223 13th St, San Francisco, CA 94016",450
191282,iPhone,1.0,700.0,04/29/19 18:28,"994 Ridge St, San Francisco, CA 94016",525
191295,Macbook Pro Laptop,1.0,1700.0,04/02/19 11:02,"703 Spruce St, Los Angeles, CA 90001",1275
191308,Google Phone,1.0,600.0,04/28/19 13:04,"606 Hickory St, Boston, MA 02215",450
191335,iPhone,1.0,700.0,04/08/19 12:58,"122 12th St, Seattle, WA 98101",525
191339,Google Phone,1.0,600.0,04/12/19 10:43,"757 2nd St, Boston, MA 02215",450
191352,Macbook Pro Laptop,1.0,1700.0,04/24/19 01:10,"536 Highland St, Atlanta, GA 30301",1275
191364,LG Washing Machine,1.0,600.0,04/24/19 16:56,"274 Lake St, San Francisco, CA 94016",600
191373,Google Phone,1.0,600.0,04/04/19 13:23,"245 Johnson St, San Francisco, CA 94016",450
191382,Google Phone,1.0,600.0,04/29/19 00:13,"796 6th St, San Francisco, CA 94016",450
191412,Google Phone,1.0,600.0,04/10/19 18:11,"681 River St, San Francisco, CA 94016",450
191420,Google Phone,1.0,600.0,04/19/19 12:52,"38 12th St, Los Angeles, CA 90001",450
191422,Google Phone,1.0,600.0,04/06/19 19:29,"710 Chestnut St, Atlanta, GA 30301",450
191433,iPhone,1.0,700.0,04/10/19 00:34,"706 Jackson St, Seattle, WA 98101",525
191434,Macbook Pro Laptop,1.0,1700.0,04/21/19 21:17,"369 Jackson St, San Francisco, CA 94016",1275
191443,iPhone,1.0,700.0,04/04/19 14:05,"323 14th St, Austin, TX 73301",525
191453,iPhone,1.0,700.0,04/10/19 20:47,"930 Lincoln St, Los Angeles, CA 90001",525
191455,Macbook Pro Laptop,1.0,1700.0,04/30/19 16:23,"320 Main St, San Francisco, CA 94016",1275
191468,Macbook Pro Laptop,1.0,1700.0,04/29/19 16:59,"911 10th St, Atlanta, GA 30301",1275
191497,Google Phone,1.0,600.0,04/11/19 23:29,"881 Elm St, Austin, TX 73301",450
191508,Macbook Pro Laptop,1.0,1700.0,04/18/19 08:47,"250 Madison St, Seattle, WA 98101",1275
191521,ThinkPad Laptop,1.0,999.99,04/02/19 09:59,"530 Willow St, San Francisco, CA 94016",750
191527,iPhone,1.0,700.0,04/28/19 11:53,"516 10th St, Boston, MA 02215",525
191538,Google Phone,1.0,600.0,04/01/19 16:29,"278 Madison St, Los Angeles, CA 90001",450
191545,iPhone,1.0,700.0,04/22/19 03:45,"438 Willow St, Los Angeles, CA 90001",525
191547,iPhone,1.0,700.0,04/12/19 15:01,"984 14th St, Los Angeles, CA 90001",525
191550,Macbook Pro Laptop,1.0,1700.0,04/18/19 01:11,"17 Church St, Boston, MA 02215",1275
191568,Google Phone,1.0,600.0,04/01/19 19:38,"954 Johnson St, Boston, MA 02215",450
191579,Google Phone,1.0,600.0,04/10/19 18:25,"144 Hickory St, Boston, MA 02215",450
191580,ThinkPad Laptop,1.0,999.99,04/18/19 15:02,"963 Maple St, Seattle, WA 98101",750
191597,Google Phone,1.0,600.0,04/14/19 12:08,"464 Willow St, Los Angeles, CA 90001",450
191598,Google Phone,1.0,600.0,04/28/19 13:25,"512 7th St, Atlanta, GA 30301",450
191608,Google Phone,1.0,600.0,04/21/19 22:47,"172 Chestnut St, Seattle, WA 98101",450
191613,Macbook Pro Laptop,1.0,1700.0,04/28/19 12:36,"275 Highland St, San Francisco, CA 94016",1275
191614,iPhone,1.0,700.0,04/06/19 00:37,"689 Park St, Seattle, WA 98101",525
191626,Macbook Pro Laptop,1.0,1700.0,04/18/19 20:38,"178 Chestnut St, Boston, MA 02215",1275
191631,iPhone,1.0,700.0,04/29/19 14:44,"63 Ridge St, Los Angeles, CA 90001",525
191634,Macbook Pro Laptop,1.0,1700.0,04/27/19 13:00,"343 Wilson St, Portland, OR 97035",1275
191642,ThinkPad Laptop,1.0,999.99,04/17/19 12:47,"805 Dogwood St, New York City, NY 10001",750
191655,ThinkPad Laptop,1.0,999.99,04/23/19 14:26,"829 11th St, Boston, MA 02215",750
191657,Google Phone,1.0,600.0,04/14/19 08:31,"594 Adams St, San Francisco, CA 94016",450
191659,LG Washing Machine,1.0,600.0,04/12/19 11:37,"3 Pine St, Dallas, TX 75001",600
191660,iPhone,1.0,700.0,04/23/19 21:08,"673 Hill St, San Francisco, CA 94016",525
191665,iPhone,1.0,700.0,04/10/19 22:58,"127 6th St, New York City, NY 10001",525
191668,ThinkPad Laptop,1.0,999.99,04/04/19 10:25,"187 Jefferson St, New York City, NY 10001",750
191680,iPhone,1.0,700.0,04/11/19 11:51,"895 Adams St, Dallas, TX 75001",525
191688,Macbook Pro Laptop,1.0,1700.0,04/26/19 05:45,"207 Meadow St, Los Angeles, CA 90001",1275
191699,Macbook Pro Laptop,1.0,1700.0,04/19/19 21:34,"894 8th St, Portland, OR 97035",1275
191703,Google Phone,1.0,600.0,04/05/19 18:05,"689 11th St, San Francisco, CA 94016",450
191711,ThinkPad Laptop,1.0,999.99,04/29/19 09:56,"728 Meadow St, Boston, MA 02215",750
191715,iPhone,1.0,700.0,04/02/19 11:58,"345 Church St, Atlanta, GA 30301",525
191720,ThinkPad Laptop,1.0,999.99,04/30/19 09:48,"719 2nd St, San Francisco, CA 94016",750
191726,ThinkPad Laptop,1.0,999.99,04/11/19 07:46,"507 Adams St, Los Angeles, CA 90001",750
191735,iPhone,1.0,700.0,04/30/19 11:13,"607 Pine St, Boston, MA 02215",525
191741,Google Phone,1.0,600.0,04/04/19 23:35,"191 South St, Los Angeles, CA 90001",450
191742,iPhone,1.0,700.0,04/03/19 16:03,"108 1st St, Boston, MA 02215",525
191753,Macbook Pro Laptop,1.0,1700.0,04/26/19 23:03,"814 Maple St, New York City, NY 10001",1275
191768,iPhone,1.0,700.0,04/16/19 11:36,"195 Ridge St, San Francisco, CA 94016",525
191769,Google Phone,1.0,600.0,04/30/19 11:07,"499 Sunset St, Atlanta, GA 30301",450
191782,ThinkPad Laptop,1.0,999.99,04/23/19 01:58,"662 Lincoln St, Boston, MA 02215",750
191794,ThinkPad Laptop,1.0,999.99,04/13/19 16:12,"635 Wilson St, San Francisco, CA 94016",750
191809,LG Dryer,1.0,600.0,04/01/19 10:57,"986 Ridge St, San Francisco, CA 94016",600
191810,ThinkPad Laptop,1.0,999.99,04/03/19 13:12,"574 Cedar St, San Francisco, CA 94016",750
191828,Macbook Pro Laptop,1.0,1700.0,04/08/19 15:07,"119 West St, Portland, OR 97035",1275
191834,iPhone,1.0,700.0,04/26/19 13:17,"433 9th St, New York City, NY 10001",525
191837,iPhone,1.0,700.0,04/15/19 12:57,"521 12th St, Boston, MA 02215",525
191850,Macbook Pro Laptop,1.0,1700.0,04/01/19 12:06,"579 Wilson St, Los Angeles, CA 90001",1275
191853,ThinkPad Laptop,1.0,999.99,04/13/19 13:58,"359 Ridge St, San Francisco, CA 94016",750
191864,ThinkPad Laptop,1.0,999.99,04/11/19 18:52,"431 Lincoln St, Boston, MA 02215",750
191868,Macbook Pro Laptop,1.0,1700.0,04/16/19 15:08,"814 Church St, Los Angeles, CA 90001",1275
191885,Google Phone,1.0,600.0,04/27/19 13:13,"138 Spruce St, Seattle, WA 98101",450
191892,ThinkPad Laptop,1.0,999.99,04/10/19 18:58,"714 Church St, Los Angeles, CA 90001",750
191899,Macbook Pro Laptop,1.0,1700.0,04/07/19 23:45,"819 Johnson St, Portland, ME 04101",1275
191901,iPhone,1.0,700.0,04/04/19 17:04,"329 Johnson St, Boston, MA 02215",525
191903,iPhone,1.0,700.0,04/15/19 14:10,"702 8th St, Los Angeles, CA 90001",525
191906,Macbook Pro Laptop,1.0,1700.0,04/21/19 13:25,"168 Lakeview St, Boston, MA 02215",1275
191910,Macbook Pro Laptop,1.0,1700.0,04/21/19 18:57,"753 Dogwood St, Atlanta, GA 30301",1275
191921,ThinkPad Laptop,1.0,999.99,04/06/19 13:55,"113 12th St, San Francisco, CA 94016",750
191924,ThinkPad Laptop,1.0,999.99,04/04/19 23:13,"421 5th St, Dallas, TX 75001",750
191938,Google Phone,1.0,600.0,04/27/19 11:13,"218 Elm St, Dallas, TX 75001",450
191948,Google Phone,1.0,600.0,04/10/19 08:56,"731 Center St, Dallas, TX 75001",450
191949,ThinkPad Laptop,1.0,999.99,04/16/19 21:37,"69 1st St, New York City, NY 10001",750
191957,iPhone,1.0,700.0,04/24/19 09:41,"824 Church St, Los Angeles, CA 90001",525
191962,Google Phone,1.0,600.0,04/18/19 11:31,"899 River St, Dallas, TX 75001",450
191963,Google Phone,1.0,600.0,04/08/19 12:04,"36 8th St, Atlanta, GA 30301",450
191977,ThinkPad Laptop,1.0,999.99,04/24/19 20:03,"20 Madison St, Dallas, TX 75001",750
191990,iPhone,1.0,700.0,04/23/19 18:00,"688 Wilson St, San Francisco, CA 94016",525
192001,iPhone,1.0,700.0,04/24/19 17:53,"579 4th St, Los Angeles, CA 90001",525
192010,Macbook Pro Laptop,1.0,1700.0,04/17/19 11:45,"891 North St, New York City, NY 10001",1275
192024,ThinkPad Laptop,1.0,999.99,04/04/19 18:40,"199 Meadow St, Dallas, TX 75001",750
192029,iPhone,1.0,700.0,04/04/19 00:05,"671 Church St, New York City, NY 10001",525
192040,iPhone,1.0,700.0,04/06/19 10:54,"935 Jefferson St, Atlanta, GA 30301",525
192045,ThinkPad Laptop,1.0,999.99,04/25/19 12:40,"180 South St, New York City, NY 10001",750
192047,Google Phone,1.0,600.0,04/18/19 11:50,"73 11th St, San Francisco, CA 94016",450
192052,LG Dryer,1.0,600.0,04/02/19 22:49,"455 West St, Atlanta, GA 30301",600
192059,ThinkPad Laptop,1.0,999.99,04/25/19 00:24,"267 Cedar St, Los Angeles, CA 90001",750
192061,Google Phone,1.0,600.0,04/27/19 21:19,"658 2nd St, New York City, NY 10001",450
192085,ThinkPad Laptop,1.0,999.99,04/07/19 10:36,"572 Lake St, San Francisco, CA 94016",750
192092,iPhone,1.0,700.0,04/03/19 23:21,"92 Church St, Seattle, WA 98101",525
192098,iPhone,1.0,700.0,04/11/19 10:55,"692 Washington St, San Francisco, CA 94016",525
192100,iPhone,1.0,700.0,04/17/19 19:20,"245 Jackson St, San Francisco, CA 94016",525
192104,ThinkPad Laptop,1.0,999.99,04/23/19 20:32,"255 Main St, Boston, MA 02215",750
192125,Macbook Pro Laptop,1.0,1700.0,04/02/19 00:13,"4 Elm St, Los Angeles, CA 90001",1275
192128,ThinkPad Laptop,1.0,999.99,04/27/19 12:33,"417 Johnson St, Los Angeles, CA 90001",750
192131,iPhone,1.0,700.0,04/20/19 14:47,"877 Meadow St, Boston, MA 02215",525
192135,iPhone,1.0,700.0,04/29/19 23:02,"926 14th St, Los Angeles, CA 90001",525
192138,iPhone,1.0,700.0,04/15/19 17:34,"678 Walnut St, Atlanta, GA 30301",525
192139,Macbook Pro Laptop,1.0,1700.0,04/03/19 14:27,"658 Adams St, San Francisco, CA 94016",1275
192189,iPhone,1.0,700.0,04/18/19 22:06,"402 Jefferson St, New York City, NY 10001",525
192190,iPhone,1.0,700.0,04/05/19 22:32,"50 4th St, New York City, NY 10001",525
192191,Macbook Pro Laptop,1.0,1700.0,04/21/19 17:14,"62 Center St, New York City, NY 10001",1275
192193,ThinkPad Laptop,1.0,999.99,04/21/19 11:12,"507 Johnson St, Los Angeles, CA 90001",750
192201,Google Phone,1.0,600.0,04/27/19 12:09,"980 5th St, Dallas, TX 75001",450
192211,ThinkPad Laptop,1.0,999.99,04/14/19 00:50,"552 4th St, Los Angeles, CA 90001",750
192214,Google Phone,1.0,600.0,04/14/19 12:09,"873 North St, New York City, NY 10001",450
192228,Google Phone,1.0,600.0,04/17/19 13:42,"878 7th St, Los Angeles, CA 90001",450
192233,Google Phone,1.0,600.0,04/13/19 09:08,"940 Jefferson St, Dallas, TX 75001",450
192234,ThinkPad Laptop,1.0,999.99,04/10/19 22:27,"174 12th St, Atlanta, GA 30301",750
192235,iPhone,1.0,700.0,04/13/19 21:02,"350 Walnut St, San Francisco, CA 94016",525
192238,Google Phone,1.0,600.0,04/05/19 17:03,"104 14th St, Austin, TX 73301",450
192244,Google Phone,1.0,600.0,04/03/19 13:51,"233 Highland St, Los Angeles, CA 90001",450
192259,iPhone,1.0,700.0,04/19/19 21:55,"947 Pine St, Portland, OR 97035",525
192261,Google Phone,1.0,600.0,04/01/19 09:35,"443 11th St, Austin, TX 73301",450
192268,Google Phone,1.0,600.0,04/11/19 20:15,"356 Cherry St, San Francisco, CA 94016",450
192271,iPhone,2.0,700.0,04/18/19 17:14,"770 14th St, Los Angeles, CA 90001",525
192274,Macbook Pro Laptop,1.0,1700.0,04/25/19 23:46,"32 9th St, Seattle, WA 98101",1275
192289,Macbook Pro Laptop,1.0,1700.0,04/29/19 23:39,"720 River St, Portland, OR 97035",1275
192295,ThinkPad Laptop,1.0,999.99,04/06/19 22:41,"894 Church St, Atlanta, GA 30301",750
192302,iPhone,1.0,700.0,04/17/19 22:09,"806 Pine St, San Francisco, CA 94016",525
192303,iPhone,1.0,700.0,04/21/19 07:39,"977 Center St, Portland, OR 97035",525
192305,LG Dryer,1.0,600.0,04/24/19 18:42,"99 Cedar St, Los Angeles, CA 90001",600
192309,Google Phone,1.0,600.0,04/23/19 18:42,"734 Main St, Los Angeles, CA 90001",450
192311,Macbook Pro Laptop,1.0,1700.0,04/11/19 21:54,"25 West St, Boston, MA 02215",1275
192312,Macbook Pro Laptop,1.0,1700.0,04/17/19 13:48,"86 Hickory St, Atlanta, GA 30301",1275
192314,Macbook Pro Laptop,1.0,1700.0,04/29/19 17:12,"360 7th St, Dallas, TX 75001",1275
192322,Google Phone,1.0,600.0,04/27/19 08:35,"48 Wilson St, Dallas, TX 75001",450
192326,iPhone,1.0,700.0,04/25/19 19:45,"324 13th St, San Francisco, CA 94016",525
192344,Google Phone,1.0,600.0,04/29/19 21:51,"133 Willow St, San Francisco, CA 94016",450
192348,iPhone,1.0,700.0,04/12/19 20:18,"358 Pine St, San Francisco, CA 94016",525
192351,Google Phone,1.0,600.0,04/30/19 14:28,"532 Center St, Portland, OR 97035",450
192355,iPhone,1.0,700.0,04/10/19 19:11,"103 Park St, San Francisco, CA 94016",525
192356,iPhone,1.0,700.0,04/16/19 09:21,"765 River St, Boston, MA 02215",525
192378,iPhone,1.0,700.0,04/28/19 10:07,"439 Jefferson St, Dallas, TX 75001",525
192381,Macbook Pro Laptop,1.0,1700.0,04/15/19 18:13,"471 Highland St, San Francisco, CA 94016",1275
192386,Google Phone,1.0,600.0,04/15/19 09:19,"780 Cedar St, Atlanta, GA 30301",450
192390,iPhone,1.0,700.0,04/23/19 19:53,"389 2nd St, Austin, TX 73301",525
192396,Google Phone,1.0,600.0,04/14/19 11:47,"939 4th St, Los Angeles, CA 90001",450
192410,iPhone,1.0,700.0,04/17/19 19:20,"757 Pine St, San Francisco, CA 94016",525
192430,iPhone,1.0,700.0,04/08/19 20:28,"876 1st St, Austin, TX 73301",525
192435,iPhone,1.0,700.0,04/18/19 20:21,"327 Jackson St, New York City, NY 10001",525
192439,Macbook Pro Laptop,1.0,1700.0,04/10/19 12:29,"252 Highland St, San Francisco, CA 94016",1275
192465,ThinkPad Laptop,1.0,999.99,04/12/19 20:51,"104 2nd St, New York City, NY 10001",750
192469,ThinkPad Laptop,1.0,999.99,04/25/19 19:01,"109 Jackson St, Austin, TX 73301",750
192476,Macbook Pro Laptop,1.0,1700.0,04/17/19 13:35,"646 Lakeview St, Boston, MA 02215",1275
192485,Google Phone,1.0,600.0,04/09/19 15:38,"83 Lake St, Los Angeles, CA 90001",450
192495,Google Phone,1.0,600.0,04/20/19 14:31,"302 River St, Portland, ME 04101",450
192520,iPhone,1.0,700.0,04/16/19 15:20,"359 Center St, Seattle, WA 98101",525
192527,Google Phone,1.0,600.0,04/25/19 01:08,"529 Forest St, Atlanta, GA 30301",450
192530,Google Phone,1.0,600.0,04/05/19 11:38,"28 Madison St, Seattle, WA 98101",450
192538,ThinkPad Laptop,1.0,999.99,04/07/19 22:20,"101 Cherry St, Los Angeles, CA 90001",750
192549,iPhone,1.0,700.0,04/11/19 11:16,"296 4th St, Dallas, TX 75001",525
192569,iPhone,1.0,700.0,04/30/19 22:55,"933 Washington St, New York City, NY 10001",525
192606,Google Phone,1.0,600.0,04/20/19 14:38,"492 12th St, Boston, MA 02215",450
192609,iPhone,1.0,700.0,04/08/19 15:45,"599 Johnson St, New York City, NY 10001",525
192614,ThinkPad Laptop,1.0,999.99,04/24/19 16:33,"668 Sunset St, Dallas, TX 75001",750
192615,ThinkPad Laptop,1.0,999.99,04/17/19 16:22,"141 West St, Seattle, WA 98101",750
192618,iPhone,1.0,700.0,04/25/19 04:32,"198 Pine St, Austin, TX 73301",525
192622,Google Phone,1.0,600.0,04/07/19 10:36,"317 Lincoln St, San Francisco, CA 94016",450
192630,Google Phone,1.0,600.0,04/23/19 15:23,"669 4th St, San Francisco, CA 94016",450
192637,ThinkPad Laptop,1.0,999.99,04/23/19 01:57,"432 Jackson St, Seattle, WA 98101",750
192643,Google Phone,1.0,600.0,04/19/19 22:33,"624 Center St, Boston, MA 02215",450
192643,ThinkPad Laptop,1.0,999.99,04/19/19 22:33,"624 Center St, Boston, MA 02215",750
192645,Google Phone,1.0,600.0,04/21/19 07:47,"932 Maple St, San Francisco, CA 94016",450
192654,iPhone,1.0,700.0,04/23/19 23:56,"287 Willow St, Atlanta, GA 30301",525
192658,iPhone,1.0,700.0,04/30/19 14:16,"9 Maple St, New York City, NY 10001",525
192659,Macbook Pro Laptop,1.0,1700.0,04/03/19 14:22,"84 5th St, Dallas, TX 75001",1275
192666,Macbook Pro Laptop,1.0,1700.0,04/17/19 10:20,"655 Madison St, San Francisco, CA 94016",1275
192669,iPhone,1.0,700.0,04/27/19 14:14,"759 Hickory St, Boston, MA 02215",525
192671,ThinkPad Laptop,1.0,999.99,04/07/19 11:32,"196 Dogwood St, Dallas, TX 75001",750
192676,iPhone,1.0,700.0,04/27/19 17:11,"412 Church St, Seattle, WA 98101",525
192677,iPhone,1.0,700.0,04/08/19 14:34,"75 Main St, Boston, MA 02215",525
192678,ThinkPad Laptop,1.0,999.99,04/24/19 11:44,"444 Lakeview St, Los Angeles, CA 90001",750
192681,Google Phone,1.0,600.0,04/09/19 16:41,"338 South St, Seattle, WA 98101",450
192687,iPhone,1.0,700.0,04/09/19 12:40,"115 8th St, Los Angeles, CA 90001",525
192695,Macbook Pro Laptop,1.0,1700.0,04/02/19 12:12,"236 Lincoln St, Los Angeles, CA 90001",1275
192697,Macbook Pro Laptop,1.0,1700.0,04/26/19 16:43,"810 7th St, Boston, MA 02215",1275
192700,Google Phone,1.0,600.0,04/09/19 10:53,"213 Hickory St, New York City, NY 10001",450
192718,ThinkPad Laptop,1.0,999.99,05/01/19 00:54,"342 8th St, Portland, OR 97035",750
192727,Macbook Pro Laptop,1.0,1700.0,04/19/19 10:54,"474 4th St, San Francisco, CA 94016",1275
192732,LG Dryer,1.0,600.0,04/06/19 16:01,"41 Forest St, Seattle, WA 98101",600
192751,ThinkPad Laptop,1.0,999.99,04/11/19 12:44,"435 Pine St, Los Angeles, CA 90001",750
192763,ThinkPad Laptop,1.0,999.99,04/17/19 09:17,"970 West St, Atlanta, GA 30301",750
192765,Macbook Pro Laptop,1.0,1700.0,04/25/19 15:59,"324 Jackson St, Atlanta, GA 30301",1275
192771,iPhone,1.0,700.0,04/17/19 00:08,"793 Elm St, San Francisco, CA 94016",525
192775,Google Phone,1.0,600.0,04/16/19 14:47,"161 4th St, Boston, MA 02215",450
192778,iPhone,1.0,700.0,04/20/19 11:29,"791 South St, New York City, NY 10001",525
192782,iPhone,1.0,700.0,04/15/19 22:16,"64 13th St, Boston, MA 02215",525
192797,iPhone,1.0,700.0,04/10/19 04:24,"905 Jefferson St, Los Angeles, CA 90001",525
192806,iPhone,1.0,700.0,04/29/19 19:48,"947 Lake St, San Francisco, CA 94016",525
192814,Macbook Pro Laptop,1.0,1700.0,04/21/19 19:22,"744 14th St, Seattle, WA 98101",1275
192829,Google Phone,1.0,600.0,04/12/19 17:16,"173 13th St, Austin, TX 73301",450
192831,ThinkPad Laptop,1.0,999.99,04/27/19 17:02,"194 4th St, Atlanta, GA 30301",750
192833,Google Phone,1.0,600.0,04/27/19 22:08,"592 Jefferson St, San Francisco, CA 94016",450
192839,Google Phone,1.0,600.0,04/28/19 09:10,"589 Cherry St, Austin, TX 73301",450
192840,Google Phone,1.0,600.0,04/27/19 09:54,"505 12th St, New York City, NY 10001",450
192844,ThinkPad Laptop,1.0,999.99,04/21/19 17:33,"927 5th St, Atlanta, GA 30301",750
192864,iPhone,1.0,700.0,04/13/19 10:02,"815 Maple St, San Francisco, CA 94016",525
192866,Macbook Pro Laptop,1.0,1700.0,04/28/19 07:54,"758 Forest St, Dallas, TX 75001",1275
192878,iPhone,1.0,700.0,04/25/19 17:20,"645 12th St, Seattle, WA 98101",525
192903,ThinkPad Laptop,1.0,999.99,04/01/19 18:50,"798 Sunset St, Atlanta, GA 30301",750
192907,Macbook Pro Laptop,1.0,1700.0,04/17/19 18:26,"811 Ridge St, Los Angeles, CA 90001",1275
192923,ThinkPad Laptop,1.0,999.99,04/11/19 15:56,"893 Johnson St, Seattle, WA 98101",750
192931,LG Dryer,1.0,600.0,04/25/19 13:21,"839 Willow St, San Francisco, CA 94016",600
192956,Google Phone,1.0,600.0,04/27/19 15:18,"194 Walnut St, Austin, TX 73301",450
192965,Google Phone,1.0,600.0,04/06/19 13:54,"91 Sunset St, Boston, MA 02215",450
192969,iPhone,1.0,700.0,04/07/19 07:46,"414 Lakeview St, Portland, OR 97035",525
192975,Google Phone,1.0,600.0,04/06/19 18:58,"965 Hickory St, Boston, MA 02215",450
192976,iPhone,1.0,700.0,04/30/19 07:51,"246 Park St, Portland, OR 97035",525
192985,Google Phone,1.0,600.0,04/20/19 18:46,"384 North St, Portland, ME 04101",450
192996,Macbook Pro Laptop,1.0,1700.0,04/16/19 06:56,"687 7th St, Boston, MA 02215",1275
192997,Google Phone,1.0,600.0,04/18/19 22:29,"370 Dogwood St, Dallas, TX 75001",450
192998,iPhone,1.0,700.0,04/25/19 19:04,"538 South St, Atlanta, GA 30301",525
193002,Macbook Pro Laptop,1.0,1700.0,04/29/19 20:26,"625 Madison St, Austin, TX 73301",1275
193004,Macbook Pro Laptop,1.0,1700.0,04/19/19 22:58,"797 Dogwood St, San Francisco, CA 94016",1275
193009,Google Phone,1.0,600.0,04/22/19 16:54,"571 6th St, Seattle, WA 98101",450
193019,iPhone,1.0,700.0,04/09/19 12:15,"438 8th St, Los Angeles, CA 90001",525
193040,iPhone,1.0,700.0,04/14/19 09:14,"855 13th St, Austin, TX 73301",525
193042,iPhone,1.0,700.0,04/05/19 20:40,"353 11th St, San Francisco, CA 94016",525
193050,Google Phone,1.0,600.0,04/19/19 18:45,"329 Sunset St, Dallas, TX 75001",450
193051,Macbook Pro Laptop,1.0,1700.0,04/21/19 13:50,"410 West St, Los Angeles, CA 90001",1275
193057,iPhone,1.0,700.0,04/29/19 23:09,"571 Center St, Los Angeles, CA 90001",525
193073,iPhone,1.0,700.0,04/10/19 05:02,"576 1st St, Boston, MA 02215",525
193075,Macbook Pro Laptop,1.0,1700.0,04/06/19 09:33,"183 Jefferson St, San Francisco, CA 94016",1275
193092,iPhone,1.0,700.0,04/15/19 20:33,"450 Lakeview St, San Francisco, CA 94016",525
193097,Google Phone,1.0,600.0,04/20/19 18:48,"637 Hill St, San Francisco, CA 94016",450
193100,Macbook Pro Laptop,1.0,1700.0,04/02/19 21:35,"341 Park St, Los Angeles, CA 90001",1275
193109,Google Phone,1.0,600.0,04/15/19 09:49,"252 Dogwood St, Atlanta, GA 30301",450
193114,Google Phone,1.0,600.0,04/10/19 14:25,"282 Jackson St, San Francisco, CA 94016",450
193121,Google Phone,1.0,600.0,04/04/19 09:48,"718 Lincoln St, San Francisco, CA 94016",450
193131,iPhone,1.0,700.0,04/16/19 15:50,"203 Highland St, Portland, OR 97035",525
193133,Macbook Pro Laptop,1.0,1700.0,04/28/19 18:16,"2 Church St, Portland, OR 97035",1275
193149,iPhone,1.0,700.0,04/30/19 08:41,"958 Adams St, Dallas, TX 75001",525
193157,ThinkPad Laptop,1.0,999.99,04/24/19 11:24,"87 Adams St, Seattle, WA 98101",750
193163,iPhone,1.0,700.0,04/26/19 11:53,"515 Willow St, Seattle, WA 98101",525
193178,ThinkPad Laptop,1.0,999.99,04/08/19 09:53,"631 4th St, Boston, MA 02215",750
193187,Macbook Pro Laptop,1.0,1700.0,04/03/19 18:36,"816 11th St, Atlanta, GA 30301",1275
193195,Google Phone,1.0,600.0,04/04/19 01:48,"915 Hill St, Los Angeles, CA 90001",450
193208,Google Phone,1.0,600.0,04/05/19 23:28,"477 Sunset St, Los Angeles, CA 90001",450
193211,Macbook Pro Laptop,1.0,1700.0,04/15/19 20:51,"44 6th St, Seattle, WA 98101",1275
193214,Macbook Pro Laptop,1.0,1700.0,04/20/19 06:54,"200 14th St, Boston, MA 02215",1275
193217,Macbook Pro Laptop,1.0,1700.0,04/12/19 21:35,"640 8th St, Atlanta, GA 30301",1275
193218,Google Phone,1.0,600.0,04/14/19 18:20,"459 13th St, Boston, MA 02215",450
193232,iPhone,1.0,700.0,04/26/19 19:20,"335 Hill St, Atlanta, GA 30301",525
193234,ThinkPad Laptop,1.0,999.99,04/29/19 18:57,"591 Johnson St, Austin, TX 73301",750
193236,iPhone,1.0,700.0,04/20/19 11:03,"782 13th St, Dallas, TX 75001",525
193245,iPhone,1.0,700.0,04/26/19 18:21,"586 9th St, San Francisco, CA 94016",525
193248,Google Phone,1.0,600.0,04/21/19 10:03,"103 Highland St, San Francisco, CA 94016",450
193260,Google Phone,1.0,600.0,04/01/19 16:37,"585 Hill St, Los Angeles, CA 90001",450
193261,iPhone,1.0,700.0,04/20/19 19:41,"350 Spruce St, Atlanta, GA 30301",525
193263,ThinkPad Laptop,1.0,999.99,04/27/19 12:01,"496 Sunset St, San Francisco, CA 94016",750
193277,Macbook Pro Laptop,1.0,1700.0,04/30/19 14:13,"139 2nd St, New York City, NY 10001",1275
193282,iPhone,1.0,700.0,04/21/19 08:15,"761 Church St, Los Angeles, CA 90001",525
193299,ThinkPad Laptop,1.0,999.99,04/17/19 12:08,"74 10th St, Boston, MA 02215",750
193307,Google Phone,1.0,600.0,04/30/19 22:36,"323 North St, Portland, OR 97035",450
193309,iPhone,1.0,700.0,04/19/19 23:16,"139 Cherry St, Boston, MA 02215",525
193328,ThinkPad Laptop,1.0,999.99,04/30/19 19:59,"222 2nd St, San Francisco, CA 94016",750
193334,Google Phone,1.0,600.0,04/19/19 16:34,"412 Forest St, Portland, ME 04101",450
193356,iPhone,1.0,700.0,04/17/19 09:23,"62 Lakeview St, San Francisco, CA 94016",525
193366,Macbook Pro Laptop,1.0,1700.0,04/01/19 14:51,"966 5th St, New York City, NY 10001",1275
193372,iPhone,1.0,700.0,04/02/19 12:13,"98 Chestnut St, Dallas, TX 75001",525
193373,Macbook Pro Laptop,1.0,1700.0,04/29/19 23:57,"744 Willow St, New York City, NY 10001",1275
193374,iPhone,1.0,700.0,04/14/19 18:26,"962 7th St, San Francisco, CA 94016",525
193380,Macbook Pro Laptop,1.0,1700.0,04/30/19 15:29,"3 Walnut St, Seattle, WA 98101",1275
193398,Google Phone,1.0,600.0,04/25/19 15:27,"983 5th St, San Francisco, CA 94016",450
193403,Google Phone,1.0,600.0,04/19/19 14:59,"814 Center St, Austin, TX 73301",450
193404,Macbook Pro Laptop,1.0,1700.0,04/19/19 09:00,"213 West St, San Francisco, CA 94016",1275
193405,iPhone,1.0,700.0,04/18/19 17:53,"103 Adams St, Atlanta, GA 30301",525
193413,ThinkPad Laptop,1.0,999.99,04/26/19 19:57,"888 River St, Los Angeles, CA 90001",750
193420,iPhone,1.0,700.0,04/30/19 11:37,"210 Walnut St, Atlanta, GA 30301",525
193429,Google Phone,1.0,600.0,04/17/19 22:23,"427 Madison St, Boston, MA 02215",450
193450,iPhone,1.0,700.0,04/19/19 02:05,"29 Park St, San Francisco, CA 94016",525
193451,iPhone,1.0,700.0,04/13/19 18:59,"622 9th St, San Francisco, CA 94016",525
193465,LG Washing Machine,1.0,600.0,04/15/19 16:10,"974 Lake St, Los Angeles, CA 90001",600
193475,iPhone,1.0,700.0,04/16/19 06:14,"479 Adams St, Dallas, TX 75001",525
193486,ThinkPad Laptop,1.0,999.99,04/03/19 11:08,"322 Hill St, Los Angeles, CA 90001",750
193489,ThinkPad Laptop,1.0,999.99,04/28/19 09:40,"328 Forest St, Seattle, WA 98101",750
193505,ThinkPad Laptop,1.0,999.99,04/04/19 22:58,"661 Elm St, Dallas, TX 75001",750
193507,iPhone,1.0,700.0,04/19/19 16:59,"16 West St, New York City, NY 10001",525
193511,Google Phone,1.0,600.0,04/21/19 11:14,"821 Elm St, Austin, TX 73301",450
193516,Google Phone,1.0,600.0,04/14/19 03:25,"584 13th St, Portland, OR 97035",450
193520,ThinkPad Laptop,1.0,999.99,04/07/19 11:52,"374 Maple St, Atlanta, GA 30301",750
193523,iPhone,1.0,700.0,04/23/19 14:54,"952 12th St, San Francisco, CA 94016",525
193525,LG Dryer,1.0,600.0,04/03/19 20:31,"785 Lake St, San Francisco, CA 94016",600
193530,LG Dryer,1.0,600.0,04/24/19 10:44,"1 6th St, Austin, TX 73301",600
193532,iPhone,1.0,700.0,04/13/19 19:05,"233 8th St, Dallas, TX 75001",525
193539,Google Phone,1.0,600.0,04/26/19 16:02,"148 Church St, Atlanta, GA 30301",450
193545,iPhone,1.0,700.0,04/04/19 20:21,"670 North St, New York City, NY 10001",525
193548,ThinkPad Laptop,1.0,999.99,04/26/19 11:02,"187 Cherry St, New York City, NY 10001",750
193561,iPhone,1.0,700.0,04/11/19 19:46,"836 Ridge St, New York City, NY 10001",525
193562,Google Phone,1.0,600.0,04/24/19 13:41,"526 9th St, Atlanta, GA 30301",450
193571,LG Washing Machine,1.0,600.0,04/13/19 17:46,"143 Spruce St, Portland, OR 97035",600
193576,ThinkPad Laptop,1.0,999.99,04/27/19 21:37,"439 Willow St, San Francisco, CA 94016",750
193577,ThinkPad Laptop,1.0,999.99,04/09/19 21:35,"201 Spruce St, San Francisco, CA 94016",750
193594,ThinkPad Laptop,1.0,999.99,04/22/19 16:36,"732 Jefferson St, Austin, TX 73301",750
193600,Macbook Pro Laptop,1.0,1700.0,04/23/19 22:12,"71 Cherry St, Portland, OR 97035",1275
193605,ThinkPad Laptop,1.0,999.99,04/02/19 16:16,"875 North St, Boston, MA 02215",750
193607,Google Phone,1.0,600.0,04/08/19 11:42,"94 Washington St, Los Angeles, CA 90001",450
193631,Google Phone,1.0,600.0,04/11/19 10:59,"963 Center St, Portland, OR 97035",450
193634,ThinkPad Laptop,1.0,999.99,04/05/19 19:15,"546 Hickory St, New York City, NY 10001",750
193643,iPhone,1.0,700.0,04/04/19 09:04,"163 7th St, Atlanta, GA 30301",525
193653,Google Phone,1.0,600.0,04/21/19 09:29,"168 Chestnut St, Los Angeles, CA 90001",450
193660,LG Washing Machine,1.0,600.0,04/07/19 16:01,"903 Main St, New York City, NY 10001",600
193665,ThinkPad Laptop,1.0,999.99,04/25/19 22:38,"651 1st St, Portland, OR 97035",750
193671,iPhone,1.0,700.0,04/02/19 20:18,"346 Hill St, Austin, TX 73301",525
193689,iPhone,1.0,700.0,04/17/19 10:54,"619 Hill St, Boston, MA 02215",525
193698,iPhone,1.0,700.0,04/01/19 11:30,"310 Madison St, San Francisco, CA 94016",525
193705,ThinkPad Laptop,1.0,999.99,04/16/19 06:29,"690 Lake St, Los Angeles, CA 90001",750
193715,ThinkPad Laptop,1.0,999.99,04/29/19 15:11,"765 Jackson St, New York City, NY 10001",750
193727,ThinkPad Laptop,1.0,999.99,04/29/19 16:28,"21 Walnut St, San Francisco, CA 94016",750
193730,ThinkPad Laptop,1.0,999.99,04/12/19 15:42,"102 Ridge St, Atlanta, GA 30301",750
193733,Google Phone,1.0,600.0,04/30/19 22:41,"464 Chestnut St, Austin, TX 73301",450
193738,iPhone,1.0,700.0,04/05/19 09:50,"707 Johnson St, Boston, MA 02215",525
193741,Google Phone,1.0,600.0,04/01/19 20:17,"779 Adams St, Boston, MA 02215",450
193753,ThinkPad Laptop,1.0,999.99,04/09/19 14:47,"251 Dogwood St, Atlanta, GA 30301",750
193765,Google Phone,1.0,600.0,04/21/19 12:04,"146 Cherry St, San Francisco, CA 94016",450
193766,iPhone,1.0,700.0,04/20/19 15:23,"435 Washington St, Los Angeles, CA 90001",525
193774,Google Phone,1.0,600.0,04/16/19 12:35,"655 Spruce St, Seattle, WA 98101",450
193777,LG Washing Machine,1.0,600.0,04/08/19 10:51,"94 Sunset St, New York City, NY 10001",600
193787,iPhone,1.0,700.0,04/27/19 08:15,"29 Willow St, Los Angeles, CA 90001",525
193789,Google Phone,1.0,600.0,04/21/19 22:22,"608 Chestnut St, Seattle, WA 98101",450
193791,iPhone,1.0,700.0,04/12/19 13:31,"761 9th St, Seattle, WA 98101",525
193793,Google Phone,1.0,600.0,04/20/19 17:55,"407 Sunset St, Austin, TX 73301",450
193796,Macbook Pro Laptop,1.0,1700.0,04/14/19 11:17,"649 River St, Austin, TX 73301",1275
193800,Google Phone,1.0,600.0,04/09/19 09:17,"479 Wilson St, Los Angeles, CA 90001",450
193801,iPhone,1.0,700.0,04/05/19 15:51,"258 13th St, Los Angeles, CA 90001",525
193806,Macbook Pro Laptop,1.0,1700.0,04/24/19 12:06,"631 Pine St, New York City, NY 10001",1275
193809,Macbook Pro Laptop,1.0,1700.0,04/11/19 15:29,"245 Dogwood St, Los Angeles, CA 90001",1275
193815,Macbook Pro Laptop,1.0,1700.0,04/03/19 23:47,"614 Washington St, San Francisco, CA 94016",1275
193824,Macbook Pro Laptop,1.0,1700.0,04/14/19 19:01,"359 9th St, San Francisco, CA 94016",1275
193838,Google Phone,1.0,600.0,04/24/19 15:52,"328 Walnut St, Los Angeles, CA 90001",450
193839,Macbook Pro Laptop,1.0,1700.0,04/05/19 14:46,"984 Sunset St, San Francisco, CA 94016",1275
193860,Google Phone,1.0,600.0,04/17/19 12:07,"612 10th St, Portland, OR 97035",450
193863,Google Phone,1.0,600.0,04/12/19 11:18,"79 12th St, Dallas, TX 75001",450
193885,Macbook Pro Laptop,1.0,1700.0,04/16/19 08:47,"837 6th St, Austin, TX 73301",1275
193897,Macbook Pro Laptop,1.0,1700.0,04/16/19 19:19,"489 Chestnut St, Los Angeles, CA 90001",1275
193903,iPhone,1.0,700.0,04/06/19 11:40,"335 12th St, Seattle, WA 98101",525
193927,iPhone,1.0,700.0,04/09/19 21:10,"680 North St, San Francisco, CA 94016",525
193933,iPhone,1.0,700.0,04/12/19 11:53,"172 Hill St, Austin, TX 73301",525
193952,LG Dryer,1.0,600.0,04/15/19 12:08,"548 Dogwood St, Dallas, TX 75001",600
193961,Google Phone,1.0,600.0,04/25/19 10:06,"544 Sunset St, San Francisco, CA 94016",450
193968,Google Phone,1.0,600.0,04/02/19 18:40,"222 4th St, Boston, MA 02215",450
193972,Macbook Pro Laptop,1.0,1700.0,04/11/19 16:23,"334 5th St, San Francisco, CA 94016",1275
193994,Google Phone,1.0,600.0,04/28/19 20:34,"45 Dogwood St, Los Angeles, CA 90001",450
194005,iPhone,1.0,700.0,04/02/19 22:36,"76 Sunset St, San Francisco, CA 94016",525
194019,Macbook Pro Laptop,1.0,1700.0,04/20/19 11:44,"418 Maple St, Seattle, WA 98101",1275
194021,Google Phone,1.0,600.0,04/29/19 14:50,"203 Washington St, Boston, MA 02215",450
194028,ThinkPad Laptop,1.0,999.99,04/15/19 00:47,"24 Main St, New York City, NY 10001",750
194042,Google Phone,1.0,600.0,04/22/19 21:42,"992 4th St, Portland, ME 04101",450
194054,iPhone,1.0,700.0,04/21/19 20:18,"533 14th St, Los Angeles, CA 90001",525
194056,iPhone,1.0,700.0,04/10/19 10:05,"280 7th St, San Francisco, CA 94016",525
194057,LG Washing Machine,1.0,600.0,04/08/19 12:49,"967 Forest St, San Francisco, CA 94016",600
194061,iPhone,1.0,700.0,04/14/19 20:22,"209 6th St, Atlanta, GA 30301",525
194067,iPhone,1.0,700.0,05/01/19 04:25,"291 North St, San Francisco, CA 94016",525
194086,Google Phone,1.0,600.0,04/28/19 08:50,"981 Dogwood St, Los Angeles, CA 90001",450
194090,Google Phone,1.0,600.0,04/08/19 17:11,"177 Jackson St, Los Angeles, CA 90001",450
