Datum,Produkt,Verkaufte Menge,Einnahmen (EUR)
2024-12-30,Paprika,18,18.0
2024-12-19,Apfel,50,25.0
2025-01-12,Gurke,25,20.0
2025-01-11,Apfel,22,11.0
2024-12-27,Tomate,5,3.5
2025-01-06,Banane,47,14.1
2024-12-30,Zitrone,35,21.0
2024-12-15,Zitrone,27,16.2
2024-12-19,Zitrone,30,18.0
2025-01-06,Tomate,31,21.7
2025-01-04,Zitrone,32,19.2
2025-01-11,Tomate,18,12.6
2025-01-09,Banane,35,10.5
2025-01-06,Tomate,36,25.2
2025-01-07,Orange,17,11.05
2025-01-08,Gurke,38,30.4
2025-01-06,Karotte,45,18.0
2024-12-17,Gurke,5,4.0
2025-01-02,Zitrone,33,19.8
2025-01-03,Paprika,28,28.0
2025-01-08,Tomate,13,9.1
2025-01-06,Tomate,37,25.9
2024-12-25,Zitrone,34,20.4
2025-01-05,Banane,34,10.2
2025-01-06,Paprika,22,22.0
2025-01-06,Gurke,22,17.6
2025-01-07,Orange,32,20.8
2025-01-08,Tomate,40,28.0
2025-01-06,Zitrone,44,26.4
2024-12-26,Tomate,24,16.8
2025-01-03,Karotte,12,4.8
2025-01-06,Orange,22,14.3
2024-12-20,Tomate,46,32.2
2025-01-12,Zitrone,39,23.4
2024-12-28,Karotte,2,0.8
2025-01-03,Apfel,38,19.0
2025-01-11,Tomate,34,23.8
2024-12-29,Apfel,2,1.0
2025-01-11,Orange,39,25.35
2024-12-16,Tomate,48,33.6
2025-01-06,Orange,48,31.2
2025-01-10,Gurke,43,34.4
2024-12-15,Apfel,48,24.0
2024-12-31,Gurke,42,33.6
2025-01-01,Orange,29,18.85
2024-12-30,Zitrone,22,13.2
2025-01-01,Apfel,24,12.0
2025-01-10,Gurke,2,1.6
2024-12-16,Apfel,43,21.5
2025-01-01,Gurke,31,24.8
2024-12-22,Tomate,43,30.1
2025-01-07,Paprika,50,50.0
2025-01-09,Paprika,20,20.0
2025-01-06,Paprika,20,20.0
2025-01-06,Tomate,4,2.8
2024-12-15,Gurke,4,3.2
2025-01-10,Zitrone,23,13.8
2024-12-16,Zitrone,9,5.4
2024-12-22,Banane,16,4.8
2024-12-19,Karotte,13,5.2
2025-01-06,Orange,14,9.1
2024-12-17,Orange,37,24.05
2024-12-14,Tomate,18,12.6
2024-12-31,Paprika,40,40.0
2024-12-25,Zitrone,9,5.4
2024-12-19,Karotte,21,8.4
2024-12-25,Paprika,18,18.0
2025-01-08,Paprika,19,19.0
2024-12-26,Paprika,28,28.0
2025-01-01,Apfel,10,5.0
2024-12-27,Banane,39,11.7
2025-01-10,Zitrone,29,17.4
2024-12-25,Zitrone,26,15.6
2024-12-14,Tomate,9,6.3
2024-12-27,Gurke,21,16.8
2024-12-14,Tomate,25,17.5
2025-01-06,Tomate,6,4.2
2024-12-17,Apfel,14,7.0
2024-12-14,Gurke,16,12.8
2024-12-30,Gurke,46,36.8
2024-12-30,Paprika,26,26.0
2024-12-27,Zitrone,41,24.6
2024-12-31,Zitrone,16,9.6
2024-12-23,Gurke,18,14.4
2024-12-31,Orange,4,2.6
2024-12-20,Orange,46,29.9
2025-01-02,Orange,35,22.75
2025-01-03,Zitrone,47,28.2
2025-01-10,Banane,8,2.4
2024-12-15,Paprika,24,24.0
2024-12-23,Orange,8,5.2
2025-01-04,Tomate,33,23.1
2024-12-30,Tomate,50,35.0
2024-12-19,Tomate,32,22.4
2025-01-12,Karotte,47,18.8
2025-01-11,Gurke,48,38.4
2024-12-30,Orange,21,13.65
2024-12-25,Gurke,37,29.6
2024-12-31,Tomate,9,6.3
2024-12-25,Tomate,1,0.7
2024-12-16,Gurke,45,36.0
2025-01-12,Paprika,44,44.0
2024-12-29,Gurke,26,20.8
2024-12-19,Tomate,44,30.8
2024-12-17,Banane,11,3.3
2024-12-18,Paprika,22,22.0
2025-01-03,Banane,3,0.9
2024-12-29,Paprika,43,43.0
2025-01-08,Zitrone,16,9.6
2025-01-08,Paprika,23,23.0
2024-12-21,Orange,1,0.65
2024-12-18,Apfel,30,15.0
2025-01-04,Orange,40,26.0
2025-01-05,Tomate,7,4.9
2024-12-22,Zitrone,26,15.6
2024-12-15,Paprika,20,20.0
2024-12-22,Gurke,2,1.6
2025-01-02,Karotte,46,18.4
2025-01-09,Paprika,4,4.0
2024-12-31,Gurke,17,13.6
2024-12-28,Apfel,46,23.0
2025-01-05,Gurke,10,8.0
2024-12-24,Tomate,46,32.2
2024-12-17,Orange,7,4.55
2024-12-28,Tomate,13,9.1
2024-12-16,Karotte,16,6.4
2024-12-24,Banane,36,10.8
2024-12-21,Karotte,38,15.2
2025-01-01,Gurke,16,12.8
2024-12-22,Apfel,42,21.0
2025-01-09,Karotte,27,10.8
2024-12-24,Gurke,41,32.8
2024-12-16,Zitrone,19,11.4
2024-12-21,Karotte,25,10.0
2025-01-06,Orange,29,18.85
2024-12-26,Banane,13,3.9
2025-01-04,Tomate,14,9.8
2024-12-22,Tomate,13,9.1
2025-01-01,Banane,39,11.7
2024-12-29,Apfel,32,16.0
2025-01-12,Karotte,26,10.4
2024-12-20,Apfel,40,20.0
2024-12-26,Gurke,12,9.6
2024-12-15,Tomate,16,11.2
2025-01-04,Karotte,41,16.4
2025-01-09,Tomate,41,28.7
2024-12-30,Paprika,10,10.0
2025-01-10,Banane,43,12.9
2024-12-14,Tomate,7,4.9
2025-01-04,Orange,13,8.45
2024-12-15,Banane,40,12.0
2024-12-31,Banane,38,11.4
2024-12-20,Zitrone,6,3.6
2024-12-20,Orange,43,27.95
2025-01-08,Zitrone,7,4.2
2025-01-12,Tomate,5,3.5
2024-12-20,Orange,31,20.15
2024-12-23,Banane,3,0.9
2025-01-01,Apfel,49,24.5
2024-12-20,Zitrone,25,15.0
2025-01-10,Gurke,47,37.6
2025-01-11,Apfel,44,22.0
2024-12-22,Tomate,36,25.2
2025-01-08,Banane,49,14.7
2025-01-02,Zitrone,5,3.0
2024-12-15,Tomate,13,9.1
2025-01-07,Orange,34,22.1
2024-12-25,Apfel,31,15.5
2024-12-21,Orange,40,26.0
2025-01-05,Tomate,44,30.8
2024-12-21,Paprika,20,20.0
2025-01-09,Karotte,11,4.4
2024-12-28,Paprika,39,39.0
2024-12-15,Paprika,2,2.0
2024-12-31,Banane,46,13.8
2024-12-26,Tomate,19,13.3
2025-01-06,Orange,29,18.85
2024-12-21,Orange,12,7.8
2025-01-08,Paprika,40,40.0
2025-01-05,Karotte,20,8.0
2024-12-19,Apfel,32,16.0
2024-12-23,Karotte,21,8.4
2025-01-06,Gurke,27,21.6
2025-01-07,Paprika,33,33.0
2025-01-02,Zitrone,33,19.8
2024-12-23,Orange,39,25.35
2025-01-05,Tomate,42,29.4
2025-01-06,Paprika,1,1.0
2024-12-18,Zitrone,15,9.0
2024-12-18,Gurke,38,30.4
2024-12-31,Gurke,33,26.4
2024-12-16,Apfel,38,19.0
2025-01-03,Orange,44,28.6
2024-12-27,Apfel,37,18.5
2024-12-22,Tomate,26,18.2
2025-01-06,Karotte,26,10.4
2024-12-18,Orange,45,29.25
2024-12-30,Zitrone,29,17.4
2024-12-20,Zitrone,50,30.0
2024-12-14,Zitrone,7,4.2
2025-01-08,Banane,10,3.0
2025-01-01,Karotte,13,5.2
2024-12-25,Banane,40,12.0
2025-01-07,Apfel,21,10.5
2024-12-17,Gurke,40,32.0
2025-01-10,Karotte,18,7.2
2024-12-20,Orange,25,16.25
2024-12-31,Tomate,23,16.1
2024-12-31,Tomate,2,1.4
2024-12-29,Apfel,13,6.5
2024-12-29,Orange,34,22.1
2025-01-07,Zitrone,23,13.8
2025-01-07,Karotte,29,11.6
2024-12-20,Paprika,23,23.0
2025-01-06,Apfel,6,3.0
2025-01-11,Zitrone,17,10.2
2024-12-27,Banane,31,9.3
2024-12-28,Karotte,49,19.6
2024-12-29,Zitrone,6,3.6
2024-12-26,Banane,19,5.7
2024-12-18,Orange,31,20.15
2024-12-14,Karotte,50,20.0
2024-12-31,Gurke,13,10.4
2024-12-22,Paprika,22,22.0
2024-12-28,Apfel,40,20.0
2025-01-02,Banane,44,13.2
2025-01-01,Zitrone,28,16.8
2024-12-26,Apfel,15,7.5
2024-12-22,Gurke,26,20.8
2025-01-09,Karotte,40,16.0
2024-12-15,Tomate,17,11.9
2025-01-12,Gurke,23,18.4
2024-12-26,Gurke,50,40.0
2025-01-09,Karotte,50,20.0
2024-12-29,Banane,7,2.1
2024-12-26,Paprika,47,47.0
2024-12-21,Gurke,46,36.8
2024-12-28,Gurke,4,3.2
2025-01-07,Karotte,3,1.2
2024-12-30,Orange,22,14.3
2024-12-22,Zitrone,9,5.4
2024-12-31,Apfel,12,6.0
2024-12-21,Paprika,2,2.0
2024-12-21,Banane,42,12.6
2025-01-09,Zitrone,14,8.4
2024-12-25,Zitrone,21,12.6
2024-12-31,Paprika,1,1.0
2024-12-27,Banane,3,0.9
2024-12-23,Apfel,6,3.0
2025-01-09,Paprika,47,47.0
2025-01-04,Apfel,22,11.0
2024-12-18,Karotte,23,9.2
2025-01-01,Orange,36,23.4
2024-12-16,Zitrone,7,4.2
2024-12-25,Apfel,12,6.0
2024-12-26,Karotte,24,9.6
2025-01-10,Paprika,2,2.0
2025-01-02,Karotte,25,10.0
2024-12-15,Karotte,38,15.2
2024-12-15,Tomate,39,27.3
2024-12-27,Gurke,8,6.4
2024-12-30,Orange,23,14.95
2024-12-19,Orange,44,28.6
2024-12-16,Gurke,29,23.2
2024-12-15,Gurke,1,0.8
2025-01-07,Paprika,14,14.0
2025-01-08,Apfel,40,20.0
2025-01-12,Karotte,6,2.4
2024-12-22,Orange,30,19.5
2025-01-10,Paprika,34,34.0
2024-12-14,Orange,3,1.95
2025-01-01,Banane,28,8.4
2024-12-29,Zitrone,28,16.8
2025-01-06,Gurke,16,12.8
2025-01-11,Apfel,48,24.0
2024-12-24,Orange,12,7.8
2024-12-16,Apfel,15,7.5
2024-12-23,Tomate,1,0.7
2024-12-16,Zitrone,42,25.2
2025-01-03,Tomate,4,2.8
2024-12-15,Orange,13,8.45
2025-01-02,Zitrone,12,7.2
2024-12-20,Paprika,39,39.0
2025-01-02,Paprika,24,24.0
2024-12-30,Orange,4,2.6
2024-12-28,Banane,14,4.2
2024-12-27,Orange,14,9.1
2024-12-23,Tomate,6,4.2
2024-12-28,Karotte,11,4.4
2025-01-03,Gurke,11,8.8
2024-12-22,Tomate,37,25.9
2024-12-19,Banane,30,9.0
2024-12-15,Paprika,42,42.0
2025-01-03,Karotte,30,12.0
2024-12-19,Banane,18,5.4
2024-12-23,Orange,4,2.6
2024-12-26,Paprika,50,50.0
2025-01-09,Karotte,5,2.0
2024-12-31,Zitrone,37,22.2
2025-01-02,Tomate,5,3.5
2025-01-06,Karotte,47,18.8
2025-01-08,Apfel,50,25.0
2025-01-03,Zitrone,35,21.0
2024-12-26,Paprika,20,20.0
2025-01-12,Zitrone,46,27.6
2025-01-04,Karotte,16,6.4
2024-12-26,Karotte,20,8.0
2024-12-28,Zitrone,20,12.0
2024-12-14,Zitrone,26,15.6
2025-01-07,Tomate,16,11.2
2024-12-26,Karotte,30,12.0
2024-12-15,Zitrone,7,4.2
2025-01-09,Banane,10,3.0
2025-01-10,Apfel,1,0.5
2025-01-12,Apfel,50,25.0
2025-01-02,Apfel,18,9.0
2024-12-21,Tomate,48,33.6
2025-01-11,Orange,50,32.5
2024-12-23,Apfel,21,10.5
2025-01-05,Banane,30,9.0
2025-01-11,Paprika,17,17.0
2024-12-15,Apfel,39,19.5
2024-12-20,Gurke,13,10.4
2024-12-29,Tomate,13,9.1
2025-01-12,Gurke,1,0.8
2025-01-07,Banane,29,8.7
2025-01-12,Gurke,17,13.6
2024-12-15,Paprika,31,31.0
2024-12-14,Gurke,1,0.8
2024-12-15,Gurke,15,12.0
2025-01-08,Karotte,18,7.2
2024-12-25,Zitrone,25,15.0
2025-01-06,Zitrone,28,16.8
2025-01-11,Gurke,35,28.0
2025-01-03,Tomate,50,35.0
2024-12-28,Orange,16,10.4
2024-12-16,Banane,3,0.9
2024-12-27,Karotte,49,19.6
2024-12-18,Zitrone,19,11.4
2025-01-10,Zitrone,48,28.8
2025-01-09,Orange,42,27.3
2025-01-12,Orange,45,29.25
2024-12-24,Apfel,30,15.0
2025-01-01,Zitrone,39,23.4
2025-01-02,Zitrone,6,3.6
2025-01-10,Gurke,35,28.0
2024-12-20,Zitrone,1,0.6
2025-01-04,Zitrone,16,9.6
2024-12-24,Zitrone,46,27.6
2024-12-28,Karotte,22,8.8
2025-01-09,Gurke,45,36.0
2024-12-18,Banane,28,8.4
2025-01-01,Banane,40,12.0
2024-12-27,Karotte,40,16.0
2024-12-31,Zitrone,16,9.6
2025-01-08,Gurke,15,12.0
2024-12-16,Karotte,5,2.0
2025-01-06,Apfel,29,14.5
2025-01-08,Paprika,17,17.0
2025-01-03,Karotte,46,18.4
2025-01-03,Orange,20,13.0
2025-01-09,Tomate,48,33.6
2025-01-06,Paprika,33,33.0
2025-01-05,Orange,14,9.1
2024-12-14,Paprika,42,42.0
2025-01-01,Gurke,43,34.4
2024-12-17,Paprika,27,27.0
2024-12-25,Zitrone,23,13.8
2024-12-26,Tomate,45,31.5
2024-12-24,Orange,34,22.1
2025-01-05,Karotte,48,19.2
2025-01-10,Paprika,22,22.0
2024-12-17,Orange,45,29.25
2024-12-16,Karotte,22,8.8
2025-01-04,Gurke,38,30.4
2024-12-27,Gurke,41,32.8
2024-12-30,Orange,39,25.35
2025-01-02,Gurke,23,18.4
2024-12-18,Karotte,5,2.0
2024-12-15,Tomate,32,22.4
2025-01-08,Zitrone,5,3.0
2024-12-19,Gurke,22,17.6
2024-12-21,Tomate,5,3.5
2024-12-22,Banane,20,6.0
2025-01-05,Gurke,27,21.6
2024-12-22,Gurke,14,11.2
2024-12-21,Zitrone,26,15.6
2024-12-31,Banane,13,3.9
2025-01-12,Banane,31,9.3
2025-01-11,Orange,29,18.85
2024-12-24,Banane,8,2.4
2025-01-01,Zitrone,17,10.2
2025-01-10,Gurke,14,11.2
2024-12-15,Banane,18,5.4
2024-12-27,Gurke,15,12.0
2024-12-30,Apfel,14,7.0
2024-12-21,Tomate,1,0.7
2025-01-08,Tomate,9,6.3
2025-01-08,Gurke,42,33.6
2024-12-19,Banane,19,5.7
2024-12-25,Banane,33,9.9
2024-12-28,Zitrone,22,13.2
2024-12-30,Zitrone,31,18.6
2025-01-10,Banane,14,4.2
2025-01-09,Apfel,41,20.5
2024-12-31,Karotte,34,13.6
2024-12-30,Karotte,5,2.0
2025-01-04,Orange,44,28.6
2025-01-05,Karotte,35,14.0
2024-12-17,Apfel,36,18.0
2024-12-21,Gurke,8,6.4
2024-12-18,Apfel,5,2.5
2024-12-29,Gurke,47,37.6
2025-01-10,Zitrone,42,25.2
2024-12-23,Gurke,48,38.4
2024-12-31,Zitrone,6,3.6
2025-01-11,Orange,38,24.7
2024-12-17,Apfel,2,1.0
2024-12-31,Paprika,33,33.0
2024-12-20,Banane,45,13.5
2024-12-15,Tomate,25,17.5
2024-12-28,Zitrone,27,16.2
2024-12-15,Gurke,43,34.4
2025-01-02,Paprika,41,41.0
2025-01-10,Apfel,37,18.5
2025-01-03,Gurke,32,25.6
2024-12-23,Banane,21,6.3
2024-12-17,Tomate,39,27.3
2024-12-28,Karotte,13,5.2
2025-01-12,Orange,5,3.25
2025-01-06,Gurke,18,14.4
2025-01-06,Orange,40,26.0
2024-12-30,Zitrone,29,17.4
2024-12-28,Gurke,37,29.6
2024-12-20,Tomate,20,14.0
2025-01-12,Banane,12,3.6
2025-01-03,Karotte,37,14.8
2025-01-01,Zitrone,29,17.4
2024-12-26,Orange,6,3.9
2024-12-14,Gurke,4,3.2
2024-12-15,Orange,14,9.1
2025-01-01,Banane,18,5.4
2024-12-15,Tomate,21,14.7
2025-01-09,Zitrone,12,7.2
2025-01-05,Tomate,35,24.5
2025-01-10,Paprika,42,42.0
2024-12-29,Orange,21,13.65
2024-12-23,Karotte,41,16.4
2024-12-20,Zitrone,1,0.6
2025-01-09,Orange,33,21.45
2025-01-02,Paprika,48,48.0
2025-01-11,Banane,36,10.8
2025-01-09,Orange,35,22.75
2025-01-02,Banane,14,4.2
2024-12-20,Apfel,39,19.5
2024-12-14,Karotte,5,2.0
2025-01-08,Paprika,31,31.0
2025-01-05,Gurke,8,6.4
2025-01-08,Paprika,45,45.0
2024-12-20,Paprika,50,50.0
2024-12-16,Banane,23,6.9
2024-12-30,Banane,3,0.9
2025-01-12,Apfel,17,8.5
2024-12-27,Tomate,42,29.4
2025-01-09,Zitrone,49,29.4
2024-12-23,Banane,23,6.9
2025-01-07,Apfel,40,20.0
2025-01-09,Apfel,27,13.5
2025-01-10,Gurke,16,12.8
2025-01-08,Apfel,25,12.5
2025-01-06,Karotte,1,0.4
2024-12-17,Orange,26,16.9
2025-01-02,Gurke,31,24.8
2025-01-01,Apfel,12,6.0
2024-12-30,Paprika,17,17.0
2024-12-18,Tomate,5,3.5
2025-01-01,Paprika,44,44.0
2024-12-29,Zitrone,29,17.4
2024-12-21,Karotte,30,12.0
2025-01-12,Paprika,9,9.0
2024-12-26,Karotte,41,16.4
2025-01-11,Tomate,50,35.0
2024-12-21,Orange,28,18.2
2024-12-14,Orange,1,0.65
2025-01-11,Gurke,45,36.0
2024-12-14,Tomate,3,2.1
2025-01-10,Gurke,5,4.0
2024-12-18,Orange,13,8.45
2024-12-26,Paprika,16,16.0
2024-12-18,Zitrone,15,9.0
2024-12-24,Apfel,13,6.5
2025-01-03,Banane,34,10.2
2024-12-15,Orange,8,5.2
2024-12-29,Apfel,17,8.5
2025-01-02,Paprika,1,1.0
2024-12-20,Gurke,11,8.8
2024-12-25,Zitrone,44,26.4
2024-12-20,Apfel,35,17.5
2024-12-26,Banane,32,9.6
2025-01-04,Zitrone,44,26.4
2024-12-14,Karotte,46,18.4
2024-12-28,Zitrone,48,28.8
2024-12-18,Zitrone,4,2.4
2024-12-24,Apfel,25,12.5
2025-01-12,Apfel,44,22.0
2024-12-28,Zitrone,30,18.0
2025-01-08,Tomate,45,31.5
2024-12-18,Orange,38,24.7
2025-01-05,Orange,18,11.7
2025-01-07,Tomate,41,28.7
2024-12-26,Orange,37,24.05
2024-12-15,Zitrone,14,8.4
2024-12-20,Zitrone,33,19.8
2024-12-29,Gurke,44,35.2
2024-12-21,Karotte,28,11.2
2025-01-09,Apfel,44,22.0
2024-12-15,Zitrone,27,16.2
2025-01-03,Tomate,11,7.7
2024-12-20,Tomate,29,20.3
2024-12-17,Banane,35,10.5
2025-01-07,Karotte,2,0.8
2024-12-31,Tomate,50,35.0
2024-12-16,Apfel,26,13.0
2024-12-26,Tomate,26,18.2
2024-12-27,Orange,45,29.25
2025-01-01,Orange,45,29.25
2024-12-26,Zitrone,40,24.0
2024-12-14,Orange,29,18.85
2024-12-31,Tomate,37,25.9
2024-12-16,Tomate,3,2.1
2024-12-31,Paprika,6,6.0
2025-01-02,Apfel,31,15.5
2025-01-06,Gurke,18,14.4
2024-12-27,Banane,10,3.0
2024-12-30,Gurke,25,20.0
2024-12-28,Gurke,10,8.0
2025-01-06,Gurke,31,24.8
2025-01-01,Orange,26,16.9
2024-12-25,Tomate,46,32.2
2024-12-18,Banane,24,7.2
2024-12-15,Orange,15,9.75
2024-12-21,Banane,33,9.9
2024-12-21,Gurke,12,9.6
2024-12-16,Zitrone,7,4.2
2024-12-22,Orange,34,22.1
2025-01-09,Gurke,12,9.6
2024-12-24,Gurke,49,39.2
2025-01-11,Paprika,48,48.0
2024-12-18,Banane,42,12.6
2024-12-30,Paprika,35,35.0
2024-12-14,Paprika,12,12.0
2024-12-31,Paprika,20,20.0
2025-01-03,Orange,10,6.5
2024-12-16,Gurke,9,7.2
2025-01-02,Paprika,27,27.0
2025-01-09,Zitrone,43,25.8
2024-12-18,Apfel,31,15.5
2025-01-08,Karotte,32,12.8
2025-01-12,Gurke,16,12.8
2024-12-19,Paprika,36,36.0
2024-12-20,Tomate,21,14.7
2024-12-15,Orange,29,18.85
2024-12-25,Tomate,8,5.6
2025-01-04,Paprika,44,44.0
2024-12-16,Karotte,48,19.2
2025-01-08,Orange,36,23.4
2024-12-23,Zitrone,39,23.4
2024-12-29,Paprika,8,8.0
2024-12-28,Banane,7,2.1
2024-12-26,Apfel,41,20.5
2024-12-18,Tomate,1,0.7
2024-12-25,Tomate,49,34.3
2024-12-29,Paprika,45,45.0
2025-01-09,Karotte,47,18.8
2025-01-01,Apfel,24,12.0
2024-12-24,Paprika,44,44.0
2024-12-24,Paprika,20,20.0
2025-01-04,Gurke,49,39.2
2025-01-10,Tomate,17,11.9
2024-12-25,Banane,13,3.9
2024-12-15,Tomate,40,28.0
2025-01-08,Tomate,8,5.6
2025-01-12,Gurke,34,27.2
2025-01-09,Tomate,9,6.3
2025-01-02,Gurke,9,7.2
2024-12-20,Apfel,40,20.0
2024-12-14,Zitrone,44,26.4
2024-12-17,Paprika,14,14.0
2024-12-31,Banane,26,7.8
2024-12-29,Banane,42,12.6
2025-01-08,Banane,15,4.5
2024-12-16,Tomate,36,25.2
2024-12-20,Zitrone,9,5.4
2024-12-21,Karotte,32,12.8
2024-12-14,Gurke,50,40.0
2024-12-27,Zitrone,44,26.4
2024-12-29,Tomate,31,21.7
2025-01-12,Apfel,10,5.0
2025-01-06,Gurke,20,16.0
2024-12-20,Tomate,10,7.0
2024-12-31,Tomate,37,25.9
2025-01-10,Banane,3,0.9
2024-12-17,Paprika,40,40.0
2024-12-26,Orange,14,9.1
2025-01-06,Tomate,8,5.6
2024-12-22,Orange,5,3.25
2025-01-07,Paprika,13,13.0
2025-01-04,Paprika,20,20.0
2025-01-07,Gurke,16,12.8
2024-12-19,Orange,40,26.0
2024-12-31,Orange,9,5.85
2024-12-27,Banane,16,4.8
2025-01-10,Zitrone,20,12.0
2025-01-08,Tomate,44,30.8
2024-12-19,Tomate,38,26.6
2024-12-17,Tomate,24,16.8
2024-12-26,Apfel,25,12.5
2024-12-28,Karotte,19,7.6
2025-01-07,Orange,24,15.6
2024-12-28,Zitrone,39,23.4
2024-12-17,Paprika,29,29.0
2024-12-28,Gurke,7,5.6
2024-12-25,Karotte,12,4.8
2025-01-11,Tomate,8,5.6
2024-12-23,Orange,42,27.3
2024-12-28,Karotte,18,7.2
2024-12-21,Apfel,37,18.5
2024-12-14,Banane,47,14.1
2024-12-31,Banane,31,9.3
2024-12-21,Apfel,7,3.5
2025-01-11,Orange,21,13.65
2024-12-14,Zitrone,11,6.6
2025-01-03,Tomate,25,17.5
2025-01-05,Tomate,39,27.3
2024-12-18,Apfel,18,9.0
2024-12-18,Banane,44,13.2
2024-12-27,Paprika,18,18.0
2024-12-15,Karotte,13,5.2
2024-12-14,Paprika,15,15.0
2025-01-05,Orange,46,29.9
2024-12-29,Paprika,14,14.0
2025-01-07,Orange,44,28.6
2025-01-08,Tomate,30,21.0
2024-12-19,Zitrone,39,23.4
2024-12-21,Orange,44,28.6
2024-12-16,Banane,8,2.4
2024-12-16,Apfel,32,16.0
2024-12-25,Tomate,13,9.1
2025-01-12,Banane,12,3.6
2024-12-14,Banane,47,14.1
2024-12-17,Orange,4,2.6
2024-12-23,Tomate,17,11.9
2024-12-31,Tomate,31,21.7
2025-01-09,Banane,16,4.8
2024-12-27,Banane,9,2.7
2024-12-26,Karotte,24,9.6
2025-01-07,Paprika,39,39.0
2024-12-14,Banane,14,4.2
2024-12-31,Zitrone,7,4.2
2024-12-16,Paprika,34,34.0
2024-12-27,Tomate,28,19.6
2024-12-18,Karotte,37,14.8
2024-12-21,Gurke,5,4.0
2024-12-29,Apfel,40,20.0
2024-12-20,Karotte,43,17.2
2025-01-12,Tomate,21,14.7
2025-01-01,Tomate,38,26.6
2024-12-24,Tomate,28,19.6
2025-01-12,Orange,48,31.2
2024-12-21,Gurke,20,16.0
2024-12-30,Paprika,40,40.0
2024-12-30,Zitrone,20,12.0
2024-12-14,Tomate,11,7.7
2025-01-12,Tomate,33,23.1
2024-12-20,Zitrone,39,23.4
2024-12-27,Apfel,7,3.5
2024-12-14,Tomate,23,16.1
2024-12-17,Apfel,50,25.0
2024-12-26,Gurke,5,4.0
2025-01-01,Karotte,39,15.6
2025-01-09,Paprika,38,38.0
2024-12-26,Paprika,50,50.0
2024-12-26,Orange,33,21.45
2024-12-18,Karotte,4,1.6
2024-12-16,Karotte,28,11.2
2025-01-01,Tomate,13,9.1
2024-12-31,Zitrone,38,22.8
2024-12-18,Banane,16,4.8
2025-01-09,Banane,35,10.5
2024-12-14,Apfel,3,1.5
2024-12-17,Orange,29,18.85
2024-12-17,Banane,14,4.2
2025-01-07,Tomate,45,31.5
2024-12-23,Orange,25,16.25
2025-01-08,Paprika,34,34.0
2024-12-25,Zitrone,35,21.0
2025-01-08,Tomate,40,28.0
2024-12-25,Orange,13,8.45
2024-12-25,Zitrone,5,3.0
2024-12-18,Paprika,19,19.0
2024-12-29,Gurke,39,31.2
2024-12-28,Banane,1,0.3
2025-01-09,Karotte,44,17.6
2024-12-16,Zitrone,2,1.2
2024-12-25,Banane,15,4.5
2025-01-02,Apfel,7,3.5
2025-01-01,Banane,22,6.6
2025-01-05,Zitrone,2,1.2
2024-12-25,Tomate,26,18.2
2024-12-17,Tomate,48,33.6
2025-01-04,Zitrone,38,22.8
2025-01-11,Tomate,15,10.5
2025-01-03,Zitrone,35,21.0
2025-01-10,Banane,43,12.9
2024-12-21,Banane,16,4.8
2025-01-10,Banane,48,14.4
2024-12-24,Tomate,36,25.2
2024-12-19,Paprika,50,50.0
2024-12-16,Banane,7,2.1
2025-01-06,Orange,36,23.4
2025-01-05,Karotte,18,7.2
2024-12-22,Banane,17,5.1
2024-12-28,Orange,49,31.85
2025-01-08,Tomate,18,12.6
2025-01-03,Tomate,32,22.4
2025-01-06,Banane,42,12.6
2025-01-01,Karotte,43,17.2
2025-01-09,Orange,12,7.8
2024-12-17,Karotte,33,13.2
2024-12-29,Karotte,35,14.0
2024-12-20,Banane,34,10.2
2024-12-16,Paprika,28,28.0
2024-12-18,Paprika,43,43.0
2025-01-02,Zitrone,46,27.6
2024-12-15,Paprika,49,49.0
2025-01-05,Banane,25,7.5
2024-12-27,Gurke,19,15.2
2024-12-20,Paprika,32,32.0
2025-01-08,Karotte,41,16.4
2024-12-18,Gurke,38,30.4
2024-12-23,Apfel,39,19.5
2025-01-12,Karotte,21,8.4
2024-12-26,Gurke,43,34.4
2024-12-23,Zitrone,32,19.2
2024-12-26,Tomate,36,25.2
2024-12-18,Paprika,27,27.0
2024-12-29,Tomate,3,2.1
2025-01-05,Gurke,27,21.6
2025-01-03,Zitrone,42,25.2
2024-12-17,Gurke,43,34.4
2024-12-31,Orange,14,9.1
2024-12-15,Banane,42,12.6
2024-12-22,Paprika,29,29.0
2024-12-22,Zitrone,21,12.6
2024-12-26,Tomate,44,30.8
2024-12-29,Apfel,6,3.0
2025-01-11,Banane,46,13.8
2024-12-14,Zitrone,38,22.8
2024-12-31,Banane,44,13.2
2024-12-27,Zitrone,26,15.6
2025-01-08,Karotte,16,6.4
2025-01-08,Gurke,16,12.8
2025-01-09,Gurke,27,21.6
2024-12-18,Banane,19,5.7
2024-12-20,Paprika,39,39.0
2024-12-24,Zitrone,42,25.2
2024-12-27,Karotte,1,0.4
2024-12-23,Tomate,15,10.5
2024-12-26,Orange,29,18.85
2025-01-04,Banane,45,13.5
2024-12-25,Paprika,48,48.0
2025-01-11,Zitrone,28,16.8
2024-12-31,Paprika,39,39.0
2024-12-18,Apfel,47,23.5
2024-12-17,Gurke,22,17.6
2024-12-30,Apfel,27,13.5
2025-01-11,Karotte,44,17.6
2025-01-05,Zitrone,38,22.8
2024-12-25,Zitrone,19,11.4
2024-12-24,Banane,12,3.6
2025-01-02,Paprika,16,16.0
2024-12-22,Orange,48,31.2
2024-12-18,Tomate,4,2.8
2025-01-05,Karotte,20,8.0
2024-12-25,Apfel,41,20.5
2025-01-03,Karotte,23,9.2
2024-12-15,Tomate,38,26.6
2025-01-08,Karotte,50,20.0
2024-12-21,Gurke,44,35.2
2024-12-25,Orange,22,14.3
2025-01-01,Zitrone,30,18.0
2025-01-07,Gurke,43,34.4
2024-12-18,Paprika,39,39.0
2024-12-30,Tomate,8,5.6
2024-12-21,Zitrone,41,24.6
2025-01-03,Banane,38,11.4
2025-01-09,Paprika,23,23.0
2024-12-27,Paprika,37,37.0
2024-12-26,Gurke,6,4.8
2024-12-25,Karotte,50,20.0
2024-12-16,Apfel,17,8.5
2025-01-08,Apfel,29,14.5
2024-12-24,Karotte,23,9.2
2025-01-09,Orange,21,13.65
2025-01-09,Tomate,4,2.8
2024-12-31,Paprika,19,19.0
2025-01-11,Zitrone,6,3.6
2025-01-06,Apfel,27,13.5
2024-12-20,Apfel,47,23.5
2024-12-23,Gurke,13,10.4
2024-12-26,Orange,14,9.1
2025-01-09,Zitrone,3,1.8
2025-01-10,Tomate,32,22.4
2025-01-09,Gurke,27,21.6
2024-12-29,Banane,12,3.6
2024-12-27,Paprika,48,48.0
2024-12-14,Paprika,2,2.0
2024-12-15,Gurke,16,12.8
2025-01-11,Orange,45,29.25
2024-12-23,Apfel,19,9.5
2024-12-23,Banane,47,14.1
2025-01-04,Zitrone,43,25.8
2025-01-01,Banane,50,15.0
2025-01-07,Zitrone,45,27.0
2025-01-04,Apfel,32,16.0
2024-12-14,Paprika,36,36.0
2025-01-06,Zitrone,6,3.6
2025-01-01,Banane,2,0.6
2025-01-02,Apfel,20,10.0
2024-12-20,Banane,5,1.5
2025-01-02,Gurke,7,5.6
2025-01-03,Zitrone,12,7.2
2025-01-02,Gurke,13,10.4
2024-12-23,Gurke,39,31.2
2025-01-03,Tomate,9,6.3
2024-12-16,Zitrone,48,28.8
2024-12-18,Orange,19,12.35
2024-12-15,Gurke,35,28.0
2024-12-21,Zitrone,39,23.4
2024-12-16,Gurke,18,14.4
2024-12-27,Apfel,37,18.5
2025-01-04,Tomate,50,35.0
2024-12-15,Paprika,43,43.0
2024-12-23,Karotte,11,4.4
2024-12-22,Orange,20,13.0
2024-12-20,Karotte,20,8.0
2024-12-21,Tomate,9,6.3
2024-12-19,Zitrone,25,15.0
2024-12-24,Karotte,29,11.6
2024-12-14,Karotte,40,16.0
2025-01-03,Banane,6,1.8
2025-01-05,Gurke,40,32.0
2024-12-31,Tomate,40,28.0
2024-12-24,Orange,2,1.3
2024-12-29,Gurke,50,40.0
2024-12-28,Apfel,12,6.0
2024-12-14,Paprika,48,48.0
2024-12-16,Apfel,29,14.5
2025-01-03,Orange,24,15.6
2024-12-31,Karotte,15,6.0
2024-12-19,Paprika,9,9.0
2024-12-15,Tomate,28,19.6
2024-12-24,Zitrone,39,23.4
2024-12-20,Paprika,47,47.0
2025-01-02,Paprika,21,21.0
2024-12-18,Zitrone,2,1.2
2024-12-30,Apfel,38,19.0
2025-01-04,Zitrone,20,12.0
2024-12-30,Orange,39,25.35
2024-12-26,Zitrone,32,19.2
2024-12-19,Banane,33,9.9
2025-01-03,Paprika,12,12.0
2025-01-05,Orange,38,24.7
2024-12-27,Tomate,1,0.7
2025-01-12,Paprika,30,30.0
2024-12-14,Orange,14,9.1
2024-12-25,Zitrone,18,10.8
2024-12-14,Apfel,45,22.5
2024-12-20,Zitrone,24,14.4
2024-12-25,Apfel,44,22.0
2024-12-20,Orange,11,7.15
2025-01-07,Zitrone,48,28.8
2024-12-31,Orange,31,20.15
2025-01-04,Apfel,32,16.0
2024-12-20,Apfel,17,8.5
2024-12-30,Tomate,27,18.9
2024-12-28,Banane,11,3.3
2025-01-08,Apfel,35,17.5
2025-01-03,Zitrone,2,1.2
2025-01-02,Banane,29,8.7
2024-12-25,Tomate,10,7.0
2025-01-04,Karotte,22,8.8
2024-12-19,Paprika,34,34.0
2025-01-08,Gurke,22,17.6
2024-12-22,Apfel,12,6.0
2024-12-24,Tomate,14,9.8
2024-12-19,Tomate,14,9.8
2024-12-20,Gurke,26,20.8
2024-12-28,Tomate,15,10.5
2024-12-20,Tomate,15,10.5
2024-12-30,Paprika,13,13.0
2025-01-03,Zitrone,12,7.2
2024-12-16,Paprika,2,2.0
2024-12-17,Tomate,8,5.6
2025-01-07,Apfel,14,7.0
2024-12-20,Zitrone,37,22.2
2025-01-01,Apfel,29,14.5
2024-12-14,Paprika,9,9.0
2025-01-09,Paprika,5,5.0
2024-12-19,Zitrone,27,16.2
2024-12-20,Apfel,43,21.5
2025-01-04,Gurke,5,4.0
2024-12-24,Tomate,50,35.0
2024-12-20,Banane,30,9.0
2025-01-09,Orange,49,31.85
2024-12-24,Banane,19,5.7
2024-12-23,Orange,2,1.3
2024-12-22,Orange,24,15.6
2024-12-20,Orange,45,29.25
2025-01-11,Orange,1,0.65
2025-01-11,Banane,40,12.0
2024-12-20,Zitrone,4,2.4
2025-01-03,Paprika,32,32.0
2024-12-30,Karotte,47,18.8
2025-01-04,Gurke,19,15.2
2024-12-30,Gurke,50,40.0
2025-01-12,Zitrone,2,1.2
2024-12-29,Apfel,21,10.5
2024-12-21,Gurke,23,18.4
2025-01-08,Gurke,14,11.2
2025-01-08,Banane,40,12.0
2024-12-15,Paprika,22,22.0
2024-12-15,Zitrone,46,27.6
2025-01-12,Tomate,3,2.1
2025-01-09,Apfel,38,19.0
2025-01-04,Zitrone,36,21.6
2024-12-19,Gurke,11,8.8
2025-01-07,Apfel,23,11.5
2024-12-29,Zitrone,45,27.0
2025-01-04,Orange,20,13.0
2025-01-07,Tomate,31,21.7
2025-01-06,Gurke,11,8.8
2025-01-06,Tomate,33,23.1
2024-12-16,Banane,11,3.3
2024-12-16,Paprika,11,11.0
2024-12-27,Karotte,24,9.6
2024-12-21,Paprika,19,19.0
2025-01-07,Zitrone,3,1.8
2025-01-09,Gurke,34,27.2
2025-01-02,Tomate,48,33.6
2024-12-20,Zitrone,41,24.6
2024-12-22,Paprika,32,32.0
2025-01-02,Apfel,33,16.5
2025-01-10,Karotte,27,10.8
2024-12-24,Banane,36,10.8
2024-12-14,Zitrone,30,18.0
2025-01-11,Gurke,38,30.4
2024-12-28,Banane,2,0.6
2025-01-07,Tomate,1,0.7
2025-01-09,Apfel,29,14.5
2025-01-11,Zitrone,21,12.6
2024-12-30,Zitrone,31,18.6
2025-01-05,Gurke,50,40.0
2024-12-15,Orange,36,23.4
2024-12-26,Zitrone,35,21.0
2025-01-10,Paprika,39,39.0
2025-01-08,Orange,25,16.25
2024-12-16,Zitrone,10,6.0
2024-12-27,Tomate,45,31.5
2025-01-02,Paprika,34,34.0
2025-01-03,Banane,30,9.0
2024-12-21,Banane,47,14.1
2024-12-20,Tomate,17,11.9
2024-12-27,Apfel,32,16.0
2025-01-03,Orange,11,7.15
2025-01-02,Apfel,17,8.5
2024-12-15,Paprika,25,25.0
2024-12-22,Zitrone,46,27.6
2024-12-31,Orange,47,30.55
2024-12-25,Tomate,11,7.7
2024-12-27,Apfel,1,0.5
2024-12-27,Tomate,41,28.7
2024-12-27,Karotte,7,2.8
2024-12-25,Paprika,35,35.0
2024-12-14,Gurke,32,25.6
2025-01-08,Apfel,22,11.0
2025-01-07,Karotte,20,8.0
2024-12-19,Zitrone,5,3.0
2025-01-10,Apfel,28,14.0
2025-01-10,Zitrone,34,20.4
2025-01-11,Paprika,10,10.0
2024-12-20,Banane,3,0.9
2025-01-04,Zitrone,42,25.2
2024-12-22,Karotte,15,6.0
2024-12-23,Banane,42,12.6
2024-12-23,Tomate,3,2.1
2025-01-04,Orange,11,7.15
2025-01-07,Karotte,24,9.6
2024-12-15,Karotte,11,4.4
2025-01-07,Paprika,10,10.0
2025-01-02,Orange,31,20.15
2024-12-30,Orange,2,1.3
2024-12-20,Karotte,13,5.2
2024-12-18,Apfel,37,18.5
2024-12-26,Karotte,27,10.8
2025-01-10,Paprika,31,31.0
2024-12-29,Apfel,13,6.5
2024-12-19,Apfel,30,15.0
2024-12-15,Karotte,12,4.8
2024-12-21,Banane,10,3.0
2024-12-17,Paprika,7,7.0
2024-12-31,Tomate,16,11.2
2025-01-09,Banane,6,1.8
2024-12-23,Zitrone,44,26.4
2025-01-11,Banane,21,6.3
2024-12-16,Gurke,50,40.0
2024-12-20,Banane,35,10.5
2024-12-30,Gurke,28,22.4
2025-01-05,Paprika,45,45.0
2024-12-20,Tomate,19,13.3
2024-12-20,Karotte,49,19.6
2024-12-23,Gurke,26,20.8
2024-12-21,Tomate,33,23.1
2025-01-12,Tomate,3,2.1
2025-01-12,Apfel,46,23.0
2024-12-17,Banane,6,1.8
2024-12-25,Orange,2,1.3
2024-12-24,Gurke,13,10.4
2024-12-15,Zitrone,50,30.0
2025-01-01,Banane,17,5.1
2024-12-19,Apfel,16,8.0
2024-12-17,Tomate,39,27.3
2024-12-19,Paprika,18,18.0
2024-12-16,Gurke,43,34.4
2025-01-11,Apfel,13,6.5
2024-12-24,Tomate,11,7.7
2025-01-05,Karotte,22,8.8
2025-01-06,Karotte,41,16.4
2025-01-05,Tomate,13,9.1
2024-12-28,Zitrone,22,13.2
2025-01-02,Paprika,1,1.0
2024-12-26,Orange,2,1.3
2025-01-10,Apfel,32,16.0
2024-12-15,Banane,17,5.1
2024-12-26,Paprika,46,46.0
2025-01-01,Orange,29,18.85
2025-01-06,Apfel,8,4.0
2024-12-17,Paprika,42,42.0
2024-12-31,Paprika,2,2.0
2024-12-16,Apfel,49,24.5
2025-01-03,Banane,4,1.2
2024-12-18,Zitrone,33,19.8
2024-12-29,Banane,40,12.0
2025-01-07,Banane,36,10.8
2025-01-11,Paprika,36,36.0
2025-01-02,Orange,4,2.6
2024-12-24,Gurke,19,15.2
2024-12-19,Gurke,20,16.0
2025-01-02,Tomate,24,16.8
2024-12-18,Tomate,9,6.3
2025-01-07,Orange,13,8.45
2024-12-27,Gurke,20,16.0
2024-12-21,Zitrone,22,13.2
2025-01-09,Orange,30,19.5
2025-01-05,Tomate,25,17.5
2025-01-01,Banane,32,9.6
2025-01-04,Tomate,32,22.4
2024-12-17,Apfel,24,12.0
2025-01-09,Gurke,13,10.4
2025-01-04,Gurke,2,1.6
2024-12-17,Gurke,47,37.6
2024-12-26,Banane,16,4.8
2024-12-20,Apfel,27,13.5
2024-12-19,Orange,41,26.65
2025-01-11,Gurke,30,24.0
2024-12-18,Orange,33,21.45
2024-12-15,Orange,19,12.35
2024-12-26,Zitrone,48,28.8
2025-01-05,Zitrone,9,5.4
2025-01-07,Banane,13,3.9
2025-01-08,Banane,47,14.1
2025-01-12,Karotte,5,2.0
2024-12-21,Banane,35,10.5
2025-01-06,Paprika,47,47.0
2024-12-21,Zitrone,45,27.0
2025-01-09,Tomate,17,11.9
2024-12-22,Zitrone,35,21.0
2025-01-05,Tomate,35,24.5
2024-12-27,Banane,43,12.9
2024-12-23,Orange,48,31.2
2025-01-06,Orange,30,19.5
2025-01-10,Tomate,8,5.6
2024-12-26,Gurke,33,26.4
2024-12-15,Zitrone,43,25.8
2024-12-26,Karotte,29,11.6
2024-12-23,Apfel,44,22.0
2025-01-08,Apfel,50,25.0
2024-12-17,Apfel,13,6.5
2025-01-07,Paprika,4,4.0
2024-12-14,Orange,40,26.0
2025-01-01,Banane,16,4.8
2024-12-30,Orange,1,0.65
2025-01-05,Zitrone,29,17.4
2024-12-20,Paprika,23,23.0
2024-12-29,Karotte,39,15.6
2024-12-21,Gurke,18,14.4
2025-01-02,Zitrone,23,13.8
2024-12-19,Zitrone,38,22.8
2025-01-03,Gurke,35,28.0
2024-12-29,Banane,30,9.0
2025-01-01,Paprika,5,5.0
2024-12-14,Zitrone,22,13.2
2025-01-02,Apfel,16,8.0
2024-12-14,Tomate,11,7.7
2025-01-07,Karotte,29,11.6
2024-12-15,Gurke,25,20.0
2025-01-01,Gurke,8,6.4
2024-12-29,Paprika,32,32.0
2024-12-24,Karotte,34,13.6
2024-12-24,Tomate,1,0.7
2025-01-03,Paprika,44,44.0
2025-01-05,Gurke,28,22.4
2025-01-02,Zitrone,26,15.6
2025-01-05,Tomate,13,9.1
2025-01-05,Karotte,45,18.0
2025-01-09,Apfel,19,9.5
2025-01-06,Zitrone,38,22.8
2024-12-15,Karotte,40,16.0
2024-12-26,Tomate,42,29.4
2024-12-23,Karotte,2,0.8
2024-12-26,Zitrone,14,8.4
2024-12-18,Orange,34,22.1
2025-01-07,Banane,10,3.0
2024-12-27,Orange,27,17.55
2025-01-03,Paprika,44,44.0
2024-12-31,Zitrone,28,16.8
2024-12-27,Tomate,48,33.6
2024-12-27,Tomate,37,25.9
2025-01-05,Banane,14,4.2
2024-12-24,Gurke,45,36.0
2025-01-10,Zitrone,24,14.4
2025-01-10,Banane,47,14.1
2025-01-03,Karotte,30,12.0
2025-01-09,Apfel,39,19.5
2024-12-29,Zitrone,11,6.6
2024-12-19,Paprika,31,31.0
2025-01-12,Zitrone,24,14.4
2024-12-21,Apfel,16,8.0
2025-01-02,Orange,30,19.5
2025-01-11,Zitrone,42,25.2
2024-12-18,Banane,22,6.6
2025-01-06,Gurke,10,8.0
2025-01-07,Banane,47,14.1
2025-01-02,Paprika,34,34.0
2025-01-11,Gurke,37,29.6
2024-12-26,Tomate,40,28.0
2024-12-15,Banane,14,4.2
2025-01-11,Zitrone,46,27.6
2025-01-06,Karotte,11,4.4
2025-01-02,Banane,46,13.8
2024-12-29,Paprika,22,22.0
2024-12-23,Orange,10,6.5
2024-12-14,Paprika,17,17.0
2024-12-14,Karotte,13,5.2
2025-01-06,Orange,21,13.65
2025-01-04,Zitrone,17,10.2
2025-01-12,Apfel,10,5.0
2025-01-11,Gurke,39,31.2
2024-12-14,Paprika,13,13.0
2025-01-10,Apfel,36,18.0
2025-01-08,Paprika,32,32.0
2024-12-19,Karotte,38,15.2
2024-12-30,Gurke,23,18.4
2024-12-18,Karotte,17,6.8
2025-01-09,Gurke,46,36.8
2025-01-06,Banane,29,8.7
2025-01-02,Paprika,20,20.0
2024-12-16,Karotte,45,18.0
2024-12-26,Gurke,49,39.2
2024-12-16,Paprika,15,15.0
2024-12-28,Gurke,2,1.6
2025-01-09,Karotte,12,4.8
2024-12-28,Karotte,8,3.2
2024-12-28,Zitrone,46,27.6
2024-12-18,Tomate,21,14.7
2024-12-29,Zitrone,47,28.2
2024-12-20,Zitrone,40,24.0
2024-12-27,Paprika,3,3.0
2025-01-11,Paprika,9,9.0
2024-12-27,Karotte,45,18.0
2025-01-07,Tomate,50,35.0
2025-01-01,Gurke,16,12.8
2025-01-06,Karotte,29,11.6
2025-01-11,Paprika,46,46.0
2025-01-10,Orange,41,26.65
2024-12-30,Banane,43,12.9
2024-12-27,Gurke,28,22.4
2024-12-17,Banane,7,2.1
2024-12-19,Orange,5,3.25
2024-12-21,Paprika,34,34.0
2024-12-26,Apfel,12,6.0
2024-12-20,Banane,18,5.4
2024-12-19,Tomate,30,21.0
2025-01-04,Tomate,29,20.3
2024-12-19,Banane,16,4.8
2025-01-04,Paprika,47,47.0
2025-01-01,Gurke,17,13.6
2025-01-04,Orange,28,18.2
2024-12-31,Gurke,42,33.6
2025-01-01,Karotte,28,11.2
2024-12-20,Paprika,22,22.0
2025-01-04,Gurke,10,8.0
2024-12-14,Gurke,29,23.2
2024-12-26,Tomate,23,16.1
2025-01-10,Tomate,13,9.1
2025-01-03,Apfel,38,19.0
2024-12-21,Gurke,2,1.6
2025-01-01,Karotte,5,2.0
2025-01-06,Apfel,36,18.0
2024-12-21,Karotte,6,2.4
2025-01-10,Banane,26,7.8
2025-01-04,Karotte,49,19.6
2024-12-23,Paprika,31,31.0
2024-12-25,Orange,8,5.2
2025-01-01,Gurke,20,16.0
2024-12-18,Banane,6,1.8
2024-12-20,Karotte,8,3.2
2025-01-02,Paprika,25,25.0
2024-12-16,Paprika,23,23.0
2024-12-25,Tomate,42,29.4
2025-01-11,Apfel,9,4.5
2024-12-15,Gurke,13,10.4
2025-01-02,Karotte,7,2.8
2025-01-07,Zitrone,30,18.0
2025-01-02,Tomate,43,30.1
2024-12-24,Paprika,14,14.0
2025-01-01,Orange,45,29.25
2025-01-12,Banane,24,7.2
2025-01-07,Orange,50,32.5
2024-12-29,Karotte,9,3.6
2024-12-14,Paprika,29,29.0
2025-01-08,Orange,25,16.25
2024-12-23,Paprika,33,33.0
2025-01-08,Paprika,48,48.0
2024-12-15,Karotte,2,0.8
2024-12-15,Gurke,16,12.8
2025-01-12,Banane,49,14.7
2025-01-09,Zitrone,28,16.8
2024-12-14,Apfel,14,7.0
2024-12-22,Gurke,45,36.0
2024-12-29,Banane,10,3.0
2024-12-22,Tomate,18,12.6
2025-01-02,Apfel,14,7.0
2025-01-07,Paprika,7,7.0
2024-12-16,Orange,8,5.2
2024-12-14,Paprika,48,48.0
2024-12-14,Gurke,46,36.8
2025-01-03,Apfel,15,7.5
2025-01-02,Karotte,26,10.4
2024-12-31,Banane,40,12.0
2024-12-22,Zitrone,12,7.2
2025-01-11,Orange,48,31.2
2024-12-27,Zitrone,21,12.6
2025-01-06,Apfel,24,12.0
2025-01-07,Banane,4,1.2
2025-01-04,Gurke,24,19.2
2025-01-12,Orange,42,27.3
2025-01-03,Paprika,31,31.0
2024-12-21,Tomate,36,25.2
2025-01-12,Gurke,25,20.0
2025-01-12,Orange,16,10.4
2025-01-06,Paprika,38,38.0
2024-12-29,Gurke,34,27.2
2024-12-21,Banane,40,12.0
2024-12-14,Zitrone,1,0.6
2024-12-27,Gurke,16,12.8
2025-01-01,Orange,3,1.95
2024-12-27,Banane,12,3.6
2024-12-24,Apfel,14,7.0
2024-12-31,Orange,1,0.65
2024-12-17,Zitrone,7,4.2
2025-01-02,Tomate,15,10.5
2024-12-18,Zitrone,49,29.4
2024-12-26,Tomate,40,28.0
2024-12-20,Orange,28,18.2
2024-12-16,Karotte,26,10.4
2025-01-11,Apfel,32,16.0
2024-12-30,Orange,26,16.9
2025-01-01,Apfel,26,13.0
2025-01-09,Zitrone,25,15.0
2024-12-16,Gurke,18,14.4
2024-12-17,Zitrone,30,18.0
2024-12-28,Paprika,29,29.0
2024-12-17,Karotte,6,2.4
2025-01-05,Karotte,39,15.6
2024-12-20,Tomate,33,23.1
2025-01-12,Paprika,38,38.0
2024-12-23,Paprika,18,18.0
2025-01-10,Orange,6,3.9
2024-12-18,Gurke,10,8.0
2025-01-08,Zitrone,37,22.2
2024-12-23,Orange,2,1.3
2024-12-21,Karotte,41,16.4
2024-12-23,Paprika,47,47.0
2024-12-28,Tomate,9,6.3
2024-12-21,Karotte,47,18.8
2024-12-16,Tomate,16,11.2
2024-12-14,Zitrone,27,16.2
2024-12-15,Paprika,33,33.0
2025-01-02,Zitrone,2,1.2
2024-12-14,Zitrone,37,22.2
2025-01-08,Gurke,48,38.4
2024-12-26,Karotte,38,15.2
2024-12-26,Banane,25,7.5
2024-12-24,Orange,41,26.65
2024-12-20,Banane,20,6.0
2025-01-08,Tomate,29,20.3
2024-12-31,Gurke,48,38.4
2025-01-04,Paprika,13,13.0
2024-12-19,Apfel,44,22.0
2024-12-30,Karotte,16,6.4
2025-01-03,Karotte,26,10.4
2024-12-26,Orange,33,21.45
2024-12-25,Paprika,44,44.0
2025-01-08,Karotte,20,8.0
2024-12-28,Apfel,10,5.0
2025-01-09,Orange,48,31.2
2024-12-28,Gurke,45,36.0
2024-12-24,Banane,15,4.5
2024-12-20,Tomate,6,4.2
2025-01-05,Zitrone,16,9.6
2024-12-14,Banane,30,9.0
2025-01-01,Apfel,45,22.5
2024-12-28,Tomate,36,25.2
2024-12-18,Paprika,34,34.0
2024-12-20,Banane,15,4.5
2024-12-28,Apfel,10,5.0
2024-12-24,Paprika,8,8.0
2024-12-16,Apfel,4,2.0
2024-12-21,Karotte,6,2.4
2024-12-23,Paprika,6,6.0
2024-12-30,Paprika,5,5.0
2024-12-26,Paprika,1,1.0
2025-01-05,Orange,2,1.3
2024-12-24,Apfel,44,22.0
2024-12-14,Tomate,4,2.8
2025-01-06,Karotte,48,19.2
2024-12-17,Tomate,48,33.6
2025-01-02,Orange,21,13.65
2025-01-04,Karotte,20,8.0
2024-12-28,Paprika,26,26.0
2024-12-15,Banane,16,4.8
2025-01-11,Gurke,22,17.6
2025-01-01,Karotte,17,6.8
2024-12-21,Zitrone,44,26.4
2024-12-31,Tomate,21,14.7
2024-12-31,Orange,12,7.8
2024-12-30,Paprika,10,10.0
2024-12-26,Karotte,11,4.4
2024-12-25,Banane,9,2.7
2025-01-05,Paprika,18,18.0
2025-01-07,Zitrone,32,19.2
2024-12-27,Orange,39,25.35
2024-12-30,Orange,41,26.65
2025-01-07,Apfel,30,15.0
2025-01-04,Orange,31,20.15
2024-12-22,Orange,29,18.85
2024-12-18,Zitrone,47,28.2
2024-12-14,Paprika,43,43.0
2025-01-07,Karotte,16,6.4
2024-12-22,Tomate,39,27.3
2024-12-27,Tomate,2,1.4
2024-12-27,Zitrone,2,1.2
2025-01-12,Orange,31,20.15
2024-12-23,Karotte,25,10.0
2024-12-31,Orange,17,11.05
2025-01-11,Zitrone,30,18.0
2024-12-18,Orange,35,22.75
2024-12-17,Zitrone,7,4.2
2025-01-08,Zitrone,10,6.0
2024-12-16,Apfel,21,10.5
2024-12-28,Gurke,22,17.6
2024-12-29,Apfel,27,13.5
2024-12-25,Tomate,44,30.8
2024-12-21,Apfel,38,19.0
2024-12-24,Paprika,7,7.0
2024-12-27,Tomate,25,17.5
2025-01-12,Zitrone,26,15.6
2024-12-18,Zitrone,19,11.4
2024-12-22,Orange,47,30.55
2025-01-11,Karotte,35,14.0
2024-12-28,Karotte,2,0.8
2024-12-18,Banane,31,9.3
2025-01-10,Banane,6,1.8
2025-01-01,Gurke,3,2.4
2024-12-31,Zitrone,24,14.4
2024-12-29,Zitrone,14,8.4
2025-01-05,Orange,20,13.0
2024-12-24,Karotte,23,9.2
2025-01-01,Tomate,23,16.1
2025-01-01,Orange,43,27.95
2024-12-23,Gurke,7,5.6
2024-12-17,Paprika,22,22.0
2024-12-21,Paprika,44,44.0
2024-12-26,Zitrone,8,4.8
2024-12-29,Banane,29,8.7
2024-12-29,Paprika,2,2.0
2025-01-10,Karotte,29,11.6
2024-12-14,Apfel,47,23.5
2025-01-12,Paprika,37,37.0
2025-01-09,Gurke,16,12.8
2024-12-26,Tomate,18,12.6
2024-12-19,Karotte,13,5.2
2024-12-21,Zitrone,36,21.6
2024-12-23,Gurke,37,29.6
2024-12-15,Orange,39,25.35
2025-01-03,Karotte,13,5.2
2025-01-08,Tomate,6,4.2
2025-01-09,Banane,3,0.9
2024-12-25,Zitrone,3,1.8
2025-01-03,Orange,21,13.65
2025-01-03,Zitrone,1,0.6
2024-12-17,Banane,37,11.1
2024-12-30,Tomate,37,25.9
2024-12-26,Apfel,39,19.5
2024-12-20,Zitrone,34,20.4
2024-12-29,Gurke,45,36.0
2025-01-02,Gurke,15,12.0
2024-12-15,Apfel,46,23.0
2024-12-19,Apfel,42,21.0
2025-01-04,Tomate,15,10.5
2025-01-08,Gurke,29,23.2
2024-12-16,Zitrone,12,7.2
2025-01-10,Zitrone,30,18.0
2024-12-30,Karotte,23,9.2
2025-01-05,Zitrone,7,4.2
2024-12-19,Zitrone,20,12.0
2024-12-21,Zitrone,32,19.2
2024-12-14,Tomate,37,25.9
2024-12-16,Tomate,20,14.0
2024-12-29,Karotte,23,9.2
2024-12-22,Gurke,22,17.6
2024-12-19,Banane,10,3.0
2024-12-15,Orange,49,31.85
2024-12-21,Gurke,45,36.0
2024-12-22,Apfel,4,2.0
2025-01-04,Zitrone,27,16.2
2024-12-24,Banane,4,1.2
2024-12-31,Paprika,28,28.0
2024-12-29,Paprika,39,39.0
2024-12-29,Karotte,28,11.2
2024-12-15,Apfel,24,12.0
2024-12-23,Paprika,3,3.0
2024-12-16,Tomate,31,21.7
2024-12-14,Zitrone,3,1.8
2024-12-15,Karotte,15,6.0
2024-12-22,Tomate,32,22.4
2025-01-05,Paprika,27,27.0
2025-01-10,Tomate,27,18.9
2025-01-11,Tomate,35,24.5
2024-12-23,Gurke,23,18.4
2024-12-29,Banane,26,7.8
2025-01-07,Banane,29,8.7
2024-12-29,Banane,5,1.5
2024-12-14,Apfel,24,12.0
2025-01-11,Banane,26,7.8
2025-01-04,Karotte,11,4.4
2024-12-22,Apfel,47,23.5
2024-12-20,Banane,41,12.3
2024-12-25,Gurke,16,12.8
2025-01-08,Banane,26,7.8
2025-01-02,Tomate,2,1.4
2025-01-12,Paprika,36,36.0
2024-12-28,Gurke,45,36.0
2025-01-10,Zitrone,33,19.8
2025-01-05,Orange,14,9.1
2024-12-21,Zitrone,21,12.6
2025-01-08,Banane,13,3.9
2024-12-20,Banane,32,9.6
2025-01-01,Zitrone,28,16.8
2025-01-12,Gurke,45,36.0
2024-12-30,Orange,3,1.95
2024-12-31,Zitrone,48,28.8
2024-12-23,Paprika,31,31.0
2024-12-25,Banane,19,5.7
2025-01-04,Orange,32,20.8
2024-12-27,Banane,41,12.3
2025-01-10,Banane,36,10.8
2024-12-18,Apfel,10,5.0
2025-01-08,Tomate,37,25.9
2024-12-26,Tomate,14,9.8
2025-01-01,Karotte,15,6.0
2024-12-24,Orange,43,27.95
2025-01-09,Apfel,43,21.5
2024-12-28,Zitrone,37,22.2
2024-12-29,Zitrone,14,8.4
2025-01-09,Banane,29,8.7
2024-12-15,Karotte,48,19.2
2025-01-02,Tomate,35,24.5
2025-01-01,Zitrone,28,16.8
2024-12-31,Zitrone,38,22.8
2024-12-21,Gurke,45,36.0
2024-12-31,Banane,47,14.1
2024-12-14,Karotte,40,16.0
2024-12-26,Gurke,26,20.8
2024-12-29,Banane,48,14.4
2025-01-08,Apfel,22,11.0
2024-12-24,Tomate,35,24.5
2024-12-17,Tomate,31,21.7
2025-01-02,Banane,42,12.6
2024-12-26,Orange,19,12.35
2025-01-02,Apfel,42,21.0
2024-12-17,Zitrone,25,15.0
2025-01-05,Zitrone,30,18.0
2025-01-10,Orange,46,29.9
2024-12-27,Tomate,30,21.0
2024-12-31,Orange,6,3.9
2024-12-29,Paprika,7,7.0
2024-12-23,Tomate,47,32.9
2025-01-06,Zitrone,5,3.0
2025-01-11,Apfel,36,18.0
2025-01-07,Apfel,8,4.0
2025-01-08,Zitrone,24,14.4
2024-12-19,Zitrone,13,7.8
2024-12-22,Zitrone,30,18.0
2025-01-08,Zitrone,8,4.8
2025-01-06,Tomate,45,31.5
2025-01-02,Tomate,22,15.4
2024-12-28,Karotte,17,6.8
2024-12-30,Gurke,5,4.0
2024-12-20,Banane,48,14.4
2025-01-08,Tomate,29,20.3
2024-12-30,Gurke,45,36.0
2024-12-15,Banane,3,0.9
2025-01-08,Paprika,18,18.0
2025-01-02,Karotte,42,16.8
2024-12-28,Banane,24,7.2
2024-12-18,Gurke,16,12.8
2025-01-04,Karotte,50,20.0
2024-12-17,Karotte,29,11.6
2025-01-08,Zitrone,38,22.8
2024-12-16,Orange,23,14.95
2024-12-26,Banane,15,4.5
2025-01-01,Paprika,13,13.0
2025-01-01,Gurke,24,19.2
2024-12-25,Zitrone,41,24.6
2024-12-28,Tomate,17,11.9
2024-12-20,Gurke,34,27.2
2025-01-12,Orange,13,8.45
2024-12-22,Banane,33,9.9
2024-12-15,Karotte,5,2.0
2025-01-05,Tomate,26,18.2
2025-01-09,Paprika,31,31.0
2024-12-19,Gurke,27,21.6
2025-01-08,Paprika,25,25.0
2025-01-01,Orange,12,7.8
2025-01-08,Apfel,42,21.0
2025-01-12,Banane,29,8.7
2025-01-07,Tomate,21,14.7
2024-12-16,Zitrone,22,13.2
2024-12-18,Tomate,19,13.3
2024-12-30,Tomate,19,13.3
2024-12-24,Zitrone,14,8.4
2024-12-20,Zitrone,34,20.4
2024-12-27,Apfel,24,12.0
2025-01-02,Karotte,35,14.0
2024-12-30,Orange,44,28.6
2025-01-08,Paprika,4,4.0
2025-01-01,Banane,46,13.8
2025-01-06,Zitrone,4,2.4
2024-12-23,Tomate,14,9.8
2025-01-03,Gurke,47,37.6
2025-01-06,Zitrone,33,19.8
2024-12-27,Gurke,35,28.0
2025-01-09,Karotte,8,3.2
2025-01-02,Tomate,2,1.4
2024-12-23,Paprika,26,26.0
2025-01-05,Zitrone,48,28.8
2024-12-25,Tomate,39,27.3
2025-01-10,Tomate,7,4.9
2025-01-06,Tomate,24,16.8
2024-12-26,Tomate,40,28.0
2025-01-04,Orange,25,16.25
2025-01-07,Zitrone,32,19.2
2025-01-12,Banane,24,7.2
2024-12-19,Karotte,4,1.6
2025-01-12,Tomate,47,32.9
2024-12-14,Banane,12,3.6
2025-01-08,Karotte,44,17.6
2025-01-08,Banane,18,5.4
2024-12-21,Gurke,16,12.8
2025-01-09,Orange,47,30.55
2025-01-08,Zitrone,42,25.2
2024-12-23,Tomate,31,21.7
2024-12-19,Apfel,20,10.0
2025-01-04,Zitrone,47,28.2
2024-12-14,Orange,31,20.15
2025-01-05,Zitrone,29,17.4
2025-01-06,Banane,12,3.6
2024-12-29,Gurke,39,31.2
2024-12-29,Gurke,41,32.8
2024-12-14,Banane,48,14.4
2024-12-27,Apfel,29,14.5
2025-01-02,Zitrone,17,10.2
2024-12-20,Apfel,16,8.0
2024-12-26,Tomate,23,16.1
2024-12-31,Tomate,5,3.5
2024-12-20,Tomate,23,16.1
2025-01-05,Gurke,8,6.4
2025-01-06,Banane,50,15.0
2025-01-09,Karotte,47,18.8
2025-01-06,Gurke,45,36.0
2024-12-22,Gurke,50,40.0
2024-12-24,Orange,8,5.2
2024-12-17,Gurke,25,20.0
2024-12-17,Banane,29,8.7
2024-12-21,Zitrone,21,12.6
2025-01-10,Zitrone,2,1.2
2025-01-07,Paprika,37,37.0
2024-12-28,Banane,18,5.4
2025-01-04,Karotte,11,4.4
2025-01-04,Karotte,30,12.0
2024-12-27,Karotte,4,1.6
2024-12-15,Karotte,13,5.2
2024-12-25,Banane,27,8.1
2025-01-04,Orange,14,9.1
2025-01-09,Apfel,37,18.5
2024-12-14,Tomate,33,23.1
2024-12-23,Apfel,17,8.5
2024-12-27,Banane,2,0.6
2025-01-10,Apfel,41,20.5
2024-12-22,Tomate,27,18.9
2024-12-31,Gurke,17,13.6
2025-01-05,Gurke,1,0.8
2025-01-11,Paprika,13,13.0
2024-12-15,Tomate,15,10.5
2024-12-22,Tomate,21,14.7
2024-12-31,Apfel,13,6.5
2025-01-09,Banane,34,10.2
2024-12-28,Zitrone,28,16.8
2024-12-22,Gurke,29,23.2
2024-12-23,Apfel,43,21.5
2025-01-12,Banane,36,10.8
2025-01-07,Zitrone,21,12.6
2025-01-09,Zitrone,5,3.0
2025-01-05,Tomate,1,0.7
2025-01-02,Apfel,44,22.0
2024-12-31,Gurke,32,25.6
2025-01-06,Banane,9,2.7
2024-12-16,Zitrone,9,5.4
2025-01-05,Zitrone,5,3.0
2024-12-23,Zitrone,48,28.8
2025-01-07,Gurke,1,0.8
2024-12-20,Gurke,12,9.6
2024-12-16,Karotte,2,0.8
2025-01-05,Karotte,29,11.6
2025-01-02,Karotte,15,6.0
2024-12-20,Tomate,49,34.3
2025-01-08,Apfel,44,22.0
2024-12-23,Tomate,11,7.7
2024-12-16,Karotte,40,16.0
2024-12-25,Paprika,38,38.0
2025-01-12,Zitrone,2,1.2
2025-01-04,Banane,48,14.4
2024-12-25,Apfel,40,20.0
2025-01-06,Karotte,8,3.2
2025-01-09,Zitrone,47,28.2
2024-12-27,Paprika,19,19.0
2024-12-24,Apfel,25,12.5
2024-12-18,Karotte,42,16.8
2024-12-28,Paprika,21,21.0
2024-12-26,Apfel,31,15.5
2025-01-09,Paprika,47,47.0
2025-01-04,Banane,42,12.6
2024-12-30,Apfel,5,2.5
2025-01-10,Apfel,1,0.5
2024-12-20,Zitrone,3,1.8
2024-12-20,Tomate,24,16.8
2024-12-17,Banane,10,3.0
2024-12-17,Paprika,33,33.0
2025-01-11,Karotte,50,20.0
2025-01-09,Paprika,33,33.0
2025-01-08,Paprika,33,33.0
2024-12-17,Orange,3,1.95
2025-01-03,Zitrone,40,24.0
2025-01-11,Tomate,4,2.8
2025-01-12,Tomate,29,20.3
2024-12-17,Tomate,13,9.1
2025-01-09,Apfel,16,8.0
2024-12-16,Karotte,41,16.4
2025-01-11,Gurke,27,21.6
2024-12-31,Tomate,24,16.8
2024-12-28,Zitrone,36,21.6
2024-12-30,Paprika,21,21.0
2024-12-21,Karotte,24,9.6
2024-12-15,Orange,49,31.85
2024-12-31,Tomate,15,10.5
2024-12-19,Banane,45,13.5
2025-01-04,Paprika,24,24.0
2024-12-21,Paprika,15,15.0
2025-01-08,Zitrone,17,10.2
2025-01-04,Zitrone,17,10.2
2025-01-11,Karotte,44,17.6
2024-12-27,Paprika,14,14.0
2024-12-20,Tomate,25,17.5
2024-12-18,Tomate,40,28.0
2024-12-29,Orange,26,16.9
2025-01-11,Apfel,3,1.5
2024-12-29,Zitrone,20,12.0
2024-12-28,Gurke,35,28.0
2024-12-31,Karotte,27,10.8
2025-01-12,Paprika,40,40.0
2024-12-30,Banane,45,13.5
2025-01-02,Banane,29,8.7
2024-12-30,Gurke,19,15.2
2025-01-12,Banane,11,3.3
2024-12-16,Gurke,10,8.0
2024-12-19,Tomate,24,16.8
2025-01-07,Zitrone,30,18.0
2024-12-23,Gurke,19,15.2
2024-12-28,Zitrone,26,15.6
2024-12-28,Gurke,34,27.2
2024-12-24,Tomate,32,22.4
2024-12-25,Paprika,42,42.0
2025-01-01,Zitrone,25,15.0
2025-01-05,Apfel,1,0.5
2025-01-08,Karotte,45,18.0
2024-12-27,Banane,8,2.4
2025-01-06,Tomate,17,11.9
2024-12-15,Apfel,24,12.0
2024-12-15,Apfel,17,8.5
2025-01-05,Gurke,49,39.2
2025-01-06,Banane,44,13.2
2025-01-09,Paprika,39,39.0
2024-12-25,Orange,29,18.85
2025-01-06,Zitrone,19,11.4
2024-12-29,Zitrone,40,24.0
2025-01-07,Orange,10,6.5
2025-01-05,Zitrone,40,24.0
2024-12-14,Karotte,10,4.0
2025-01-04,Tomate,46,32.2
2025-01-02,Zitrone,16,9.6
2024-12-16,Banane,10,3.0
2024-12-14,Apfel,6,3.0
2024-12-24,Apfel,3,1.5
2025-01-06,Gurke,26,20.8
2024-12-24,Paprika,50,50.0
2025-01-03,Orange,15,9.75
2024-12-28,Karotte,12,4.8
2024-12-14,Orange,21,13.65
2025-01-11,Gurke,36,28.8
2024-12-22,Apfel,1,0.5
2024-12-25,Banane,50,15.0
2025-01-01,Paprika,20,20.0
2025-01-12,Paprika,8,8.0
2024-12-25,Banane,38,11.4
2025-01-01,Banane,45,13.5
2025-01-09,Karotte,36,14.4
2025-01-06,Tomate,38,26.6
2024-12-25,Karotte,31,12.4
2025-01-12,Tomate,7,4.9
2025-01-03,Orange,9,5.85
2024-12-21,Orange,7,4.55
2024-12-16,Zitrone,18,10.8
2025-01-06,Paprika,25,25.0
2024-12-26,Zitrone,24,14.4
2024-12-30,Paprika,31,31.0
2024-12-17,Tomate,46,32.2
2025-01-04,Banane,17,5.1
2025-01-10,Tomate,4,2.8
2025-01-06,Orange,37,24.05
2024-12-15,Orange,31,20.15
2024-12-31,Zitrone,6,3.6
2024-12-14,Apfel,31,15.5
2024-12-30,Apfel,4,2.0
2025-01-05,Orange,34,22.1
2024-12-29,Karotte,49,19.6
2024-12-21,Zitrone,36,21.6
2025-01-04,Karotte,29,11.6
2024-12-19,Orange,21,13.65
2024-12-16,Gurke,45,36.0
2025-01-04,Gurke,16,12.8
2024-12-31,Karotte,18,7.2
2024-12-16,Orange,5,3.25
2024-12-20,Tomate,49,34.3
2025-01-08,Tomate,41,28.7
2025-01-07,Banane,19,5.7
2025-01-05,Gurke,43,34.4
2025-01-08,Orange,12,7.8
2024-12-17,Tomate,5,3.5
2025-01-09,Gurke,12,9.6
2025-01-12,Paprika,5,5.0
2025-01-06,Paprika,36,36.0
2025-01-10,Paprika,7,7.0
2024-12-15,Banane,18,5.4
2024-12-28,Gurke,49,39.2
2024-12-21,Orange,26,16.9
2024-12-19,Apfel,5,2.5
2025-01-03,Banane,24,7.2
2024-12-26,Karotte,34,13.6
2024-12-27,Karotte,44,17.6
2024-12-20,Tomate,39,27.3
2024-12-16,Orange,30,19.5
2024-12-24,Tomate,50,35.0
2024-12-14,Zitrone,42,25.2
2025-01-03,Karotte,6,2.4
2025-01-06,Paprika,50,50.0
2025-01-04,Tomate,18,12.6
2024-12-19,Paprika,45,45.0
2025-01-04,Zitrone,11,6.6
2024-12-25,Banane,1,0.3
2024-12-16,Banane,31,9.3
2025-01-12,Paprika,44,44.0
2025-01-08,Tomate,44,30.8
2025-01-02,Banane,18,5.4
2024-12-27,Banane,27,8.1
2024-12-25,Karotte,31,12.4
2024-12-18,Orange,6,3.9
2024-12-20,Banane,17,5.1
2024-12-22,Zitrone,27,16.2
2025-01-02,Zitrone,36,21.6
2025-01-08,Paprika,24,24.0
2024-12-14,Orange,32,20.8
2024-12-18,Karotte,29,11.6
2024-12-19,Tomate,35,24.5
2024-12-27,Paprika,49,49.0
2025-01-08,Paprika,13,13.0
2025-01-08,Tomate,36,25.2
2025-01-02,Tomate,38,26.6
2024-12-19,Karotte,7,2.8
2025-01-10,Banane,41,12.3
2024-12-14,Tomate,4,2.8
2025-01-06,Paprika,26,26.0
2024-12-23,Gurke,21,16.8
2024-12-27,Apfel,29,14.5
2024-12-30,Orange,1,0.65
2024-12-30,Karotte,9,3.6
2024-12-23,Banane,2,0.6
2024-12-18,Banane,20,6.0
2024-12-26,Banane,32,9.6
2024-12-22,Tomate,6,4.2
2025-01-05,Orange,13,8.45
2024-12-17,Zitrone,35,21.0
2025-01-06,Orange,9,5.85
2025-01-06,Orange,37,24.05
2025-01-06,Zitrone,30,18.0
2024-12-21,Orange,50,32.5
2025-01-08,Paprika,18,18.0
2024-12-28,Gurke,5,4.0
2025-01-06,Zitrone,27,16.2
2025-01-10,Gurke,24,19.2
2025-01-02,Karotte,20,8.0
2025-01-10,Banane,27,8.1
2025-01-05,Karotte,18,7.2
2025-01-11,Tomate,20,14.0
2024-12-26,Gurke,6,4.8
2024-12-29,Gurke,19,15.2
2024-12-28,Banane,11,3.3
2025-01-08,Gurke,11,8.8
2024-12-15,Zitrone,42,25.2
2024-12-21,Karotte,30,12.0
2024-12-15,Karotte,18,7.2
2024-12-21,Orange,5,3.25
2025-01-07,Gurke,12,9.6
2024-12-15,Tomate,37,25.9
2024-12-18,Karotte,5,2.0
2025-01-03,Orange,40,26.0
2024-12-22,Tomate,41,28.7
2024-12-25,Paprika,28,28.0
2025-01-04,Karotte,17,6.8
2025-01-10,Tomate,48,33.6
2025-01-08,Karotte,28,11.2
2024-12-19,Tomate,8,5.6
2024-12-30,Tomate,1,0.7
2024-12-31,Banane,16,4.8
2024-12-30,Tomate,5,3.5
2024-12-19,Tomate,28,19.6
2024-12-29,Zitrone,3,1.8
2025-01-06,Tomate,31,21.7
2024-12-28,Zitrone,3,1.8
2024-12-31,Zitrone,45,27.0
2024-12-24,Orange,1,0.65
2025-01-02,Paprika,17,17.0
2024-12-25,Karotte,8,3.2
2024-12-17,Karotte,22,8.8
2024-12-14,Banane,40,12.0
2025-01-04,Orange,30,19.5
2024-12-30,Banane,18,5.4
2025-01-03,Banane,7,2.1
2025-01-07,Tomate,46,32.2
2024-12-30,Tomate,6,4.2
2025-01-10,Karotte,19,7.6
2024-12-28,Karotte,27,10.8
2025-01-08,Paprika,44,44.0
2024-12-23,Orange,33,21.45
2024-12-23,Orange,41,26.65
2024-12-24,Banane,48,14.4
2024-12-20,Karotte,26,10.4
2024-12-24,Paprika,29,29.0
2025-01-04,Paprika,5,5.0
2024-12-20,Banane,36,10.8
2024-12-29,Tomate,36,25.2
2024-12-24,Tomate,5,3.5
2024-12-27,Tomate,17,11.9
2025-01-03,Banane,10,3.0
2024-12-14,Gurke,30,24.0
2024-12-24,Zitrone,27,16.2
2024-12-20,Orange,30,19.5
2024-12-21,Karotte,21,8.4
2024-12-28,Gurke,34,27.2
2024-12-24,Apfel,11,5.5
2024-12-21,Tomate,5,3.5
2024-12-22,Apfel,1,0.5
2024-12-25,Orange,21,13.65
2025-01-05,Paprika,47,47.0
2024-12-26,Gurke,21,16.8
2024-12-14,Banane,50,15.0
2024-12-17,Apfel,39,19.5
2024-12-15,Paprika,2,2.0
2025-01-04,Paprika,49,49.0
2024-12-20,Gurke,8,6.4
2024-12-16,Karotte,47,18.8
2024-12-26,Orange,10,6.5
2024-12-16,Karotte,34,13.6
2025-01-12,Paprika,23,23.0
2024-12-29,Orange,10,6.5
2024-12-14,Banane,32,9.6
2025-01-10,Apfel,9,4.5
2024-12-17,Gurke,11,8.8
2024-12-31,Apfel,41,20.5
2024-12-27,Apfel,38,19.0
2025-01-09,Karotte,18,7.2
2025-01-08,Paprika,26,26.0
2024-12-29,Karotte,47,18.8
2025-01-04,Orange,34,22.1
2024-12-31,Gurke,36,28.8
2024-12-30,Tomate,33,23.1
2025-01-07,Paprika,43,43.0
2024-12-20,Zitrone,37,22.2
2024-12-16,Paprika,11,11.0
2024-12-20,Karotte,2,0.8
2024-12-14,Tomate,29,20.3
2025-01-04,Gurke,26,20.8
2024-12-14,Karotte,1,0.4
2024-12-27,Paprika,9,9.0
2025-01-07,Karotte,16,6.4
2024-12-31,Banane,33,9.9
2025-01-06,Banane,9,2.7
2024-12-24,Apfel,46,23.0
2024-12-30,Gurke,22,17.6
2025-01-03,Apfel,2,1.0
2025-01-07,Banane,22,6.6
2024-12-17,Apfel,11,5.5
2024-12-22,Paprika,26,26.0
2024-12-27,Banane,24,7.2
2024-12-28,Gurke,44,35.2
2025-01-07,Paprika,27,27.0
2025-01-01,Paprika,18,18.0
2025-01-12,Tomate,3,2.1
2024-12-26,Orange,13,8.45
2024-12-26,Paprika,13,13.0
2024-12-30,Gurke,38,30.4
2024-12-31,Gurke,29,23.2
2024-12-16,Banane,40,12.0
2024-12-30,Gurke,3,2.4
2025-01-02,Gurke,23,18.4
2025-01-03,Zitrone,39,23.4
2025-01-05,Banane,49,14.7
2025-01-10,Orange,27,17.55
2024-12-15,Apfel,43,21.5
2024-12-20,Apfel,11,5.5
2025-01-05,Paprika,24,24.0
2024-12-16,Zitrone,2,1.2
2024-12-24,Banane,33,9.9
2025-01-11,Orange,11,7.15
2024-12-31,Banane,45,13.5
2025-01-03,Apfel,18,9.0
2024-12-18,Tomate,20,14.0
2025-01-01,Orange,3,1.95
2025-01-07,Banane,8,2.4
2024-12-23,Orange,21,13.65
2024-12-17,Gurke,36,28.8
2024-12-23,Orange,15,9.75
2024-12-15,Zitrone,34,20.4
2025-01-01,Gurke,13,10.4
2025-01-10,Orange,43,27.95
2025-01-09,Orange,42,27.3
2024-12-24,Apfel,32,16.0
2025-01-04,Apfel,26,13.0
2024-12-23,Gurke,11,8.8
2024-12-30,Zitrone,47,28.2
2025-01-01,Paprika,29,29.0
2025-01-02,Orange,20,13.0
2024-12-15,Orange,24,15.6
2024-12-31,Zitrone,35,21.0
2024-12-28,Banane,50,15.0
2024-12-31,Zitrone,33,19.8
2024-12-30,Gurke,47,37.6
2024-12-28,Orange,3,1.95
2024-12-29,Orange,3,1.95
2025-01-11,Tomate,28,19.6
2024-12-15,Apfel,11,5.5
2024-12-31,Zitrone,38,22.8
2024-12-28,Banane,50,15.0
2025-01-05,Apfel,42,21.0
2024-12-29,Paprika,44,44.0
2024-12-25,Tomate,9,6.3
2024-12-31,Karotte,42,16.8
2025-01-11,Paprika,46,46.0
2025-01-05,Apfel,2,1.0
2024-12-20,Paprika,3,3.0
2025-01-09,Karotte,41,16.4
2024-12-18,Banane,15,4.5
2024-12-17,Apfel,10,5.0
2024-12-30,Tomate,16,11.2
2024-12-29,Zitrone,21,12.6
2025-01-11,Gurke,38,30.4
2024-12-17,Apfel,11,5.5
2024-12-18,Paprika,18,18.0
2025-01-10,Apfel,15,7.5
2025-01-11,Zitrone,11,6.6
2024-12-30,Paprika,2,2.0
2024-12-23,Gurke,4,3.2
2025-01-04,Gurke,18,14.4
2024-12-31,Karotte,40,16.0
2024-12-18,Tomate,45,31.5
2024-12-24,Karotte,18,7.2
2024-12-28,Paprika,22,22.0
2024-12-19,Gurke,10,8.0
2025-01-01,Tomate,26,18.2
2024-12-31,Paprika,25,25.0
2025-01-05,Banane,3,0.9
2025-01-03,Paprika,45,45.0
2025-01-09,Apfel,36,18.0
2024-12-15,Apfel,14,7.0
2024-12-21,Banane,5,1.5
2024-12-23,Zitrone,19,11.4
2024-12-17,Banane,44,13.2
2025-01-07,Karotte,29,11.6
2024-12-21,Karotte,38,15.2
2024-12-29,Tomate,23,16.1
2024-12-31,Orange,24,15.6
2024-12-31,Gurke,1,0.8
2025-01-02,Karotte,15,6.0
2024-12-27,Tomate,31,21.7
2024-12-27,Karotte,48,19.2
2025-01-05,Banane,32,9.6
2024-12-27,Apfel,43,21.5
2025-01-10,Banane,36,10.8
2025-01-10,Tomate,33,23.1
2024-12-26,Paprika,25,25.0
2025-01-03,Gurke,16,12.8
2024-12-18,Paprika,9,9.0
2024-12-31,Gurke,4,3.2
2025-01-08,Tomate,21,14.7
2024-12-19,Banane,24,7.2
2024-12-24,Gurke,3,2.4
2024-12-26,Zitrone,22,13.2
2024-12-14,Tomate,28,19.6
2025-01-07,Orange,39,25.35
2025-01-09,Banane,13,3.9
2024-12-14,Orange,49,31.85
2024-12-18,Apfel,45,22.5
2024-12-16,Karotte,45,18.0
2024-12-22,Banane,29,8.7
2025-01-09,Gurke,5,4.0
2025-01-08,Banane,44,13.2
2024-12-30,Gurke,27,21.6
2024-12-28,Tomate,2,1.4
2024-12-19,Zitrone,37,22.2
2025-01-04,Gurke,17,13.6
2025-01-03,Tomate,19,13.3
2024-12-16,Banane,39,11.7
2024-12-29,Karotte,35,14.0
2024-12-28,Zitrone,47,28.2
2024-12-28,Banane,5,1.5
2024-12-15,Zitrone,25,15.0
2024-12-30,Zitrone,37,22.2
2025-01-04,Tomate,12,8.4
2024-12-25,Orange,39,25.35
2024-12-21,Tomate,12,8.4
2025-01-07,Paprika,35,35.0
2024-12-20,Tomate,17,11.9
2024-12-27,Banane,7,2.1
2025-01-10,Banane,50,15.0
2024-12-14,Tomate,28,19.6
2025-01-04,Zitrone,44,26.4
2025-01-12,Tomate,45,31.5
2025-01-07,Karotte,2,0.8
2025-01-07,Gurke,14,11.2
2025-01-02,Tomate,13,9.1
2025-01-10,Karotte,44,17.6
2024-12-26,Gurke,17,13.6
2024-12-15,Karotte,13,5.2
2024-12-28,Apfel,8,4.0
2024-12-17,Karotte,22,8.8
2025-01-12,Orange,34,22.1
2024-12-28,Banane,6,1.8
2024-12-25,Apfel,13,6.5
2024-12-30,Apfel,23,11.5
2025-01-06,Zitrone,43,25.8
2024-12-18,Tomate,50,35.0
2024-12-18,Paprika,19,19.0
2025-01-03,Orange,33,21.45
2024-12-25,Karotte,34,13.6
2024-12-26,Paprika,16,16.0
2025-01-02,Karotte,30,12.0
2024-12-21,Orange,29,18.85
2024-12-24,Banane,7,2.1
2024-12-23,Karotte,46,18.4
2025-01-11,Zitrone,1,0.6
2025-01-08,Zitrone,4,2.4
2024-12-23,Tomate,20,14.0
2024-12-31,Tomate,44,30.8
2025-01-09,Apfel,46,23.0
2025-01-12,Orange,5,3.25
2024-12-26,Tomate,31,21.7
2024-12-20,Karotte,29,11.6
2024-12-18,Karotte,39,15.6
2025-01-02,Orange,2,1.3
2025-01-09,Paprika,5,5.0
2024-12-24,Karotte,41,16.4
2024-12-23,Paprika,18,18.0
2024-12-29,Paprika,45,45.0
2025-01-07,Zitrone,31,18.6
2025-01-04,Zitrone,28,16.8
2024-12-20,Apfel,37,18.5
2025-01-08,Tomate,27,18.9
2024-12-14,Orange,15,9.75
2025-01-07,Karotte,6,2.4
2025-01-12,Apfel,2,1.0
2024-12-30,Banane,40,12.0
2025-01-06,Gurke,2,1.6
2024-12-22,Apfel,37,18.5
2024-12-23,Orange,10,6.5
2024-12-25,Orange,39,25.35
2024-12-29,Karotte,13,5.2
2025-01-09,Paprika,31,31.0
2025-01-05,Gurke,48,38.4
2024-12-21,Gurke,29,23.2
2025-01-11,Orange,26,16.9
2025-01-11,Zitrone,41,24.6
2025-01-04,Apfel,27,13.5
2024-12-22,Apfel,40,20.0
2024-12-23,Apfel,10,5.0
2025-01-10,Karotte,39,15.6
2024-12-23,Tomate,11,7.7
2024-12-23,Zitrone,9,5.4
2025-01-08,Karotte,13,5.2
2024-12-21,Apfel,28,14.0
2024-12-26,Apfel,2,1.0
2024-12-29,Orange,4,2.6
2024-12-19,Karotte,50,20.0
2025-01-02,Karotte,27,10.8
2025-01-03,Banane,23,6.9
2024-12-15,Banane,34,10.2
2025-01-04,Banane,45,13.5
2024-12-18,Gurke,6,4.8
2025-01-04,Gurke,39,31.2
2025-01-01,Zitrone,35,21.0
2024-12-26,Orange,45,29.25
2024-12-30,Tomate,41,28.7
2025-01-10,Tomate,9,6.3
2025-01-11,Paprika,47,47.0
2024-12-23,Zitrone,13,7.8
2024-12-14,Banane,36,10.8
2025-01-09,Zitrone,39,23.4
2024-12-17,Gurke,25,20.0
2025-01-10,Apfel,47,23.5
2025-01-11,Paprika,44,44.0
2024-12-21,Apfel,8,4.0
2025-01-06,Gurke,12,9.6
2024-12-19,Gurke,29,23.2
2024-12-28,Gurke,16,12.8
2024-12-30,Gurke,1,0.8
2025-01-06,Karotte,1,0.4
2024-12-21,Zitrone,25,15.0
2025-01-12,Karotte,16,6.4
2025-01-04,Paprika,38,38.0
2025-01-09,Tomate,16,11.2
2024-12-17,Orange,20,13.0
2025-01-08,Banane,5,1.5
2024-12-21,Apfel,25,12.5
2024-12-21,Karotte,16,6.4
2024-12-19,Tomate,34,23.8
2024-12-22,Tomate,15,10.5
2024-12-31,Paprika,32,32.0
2024-12-19,Tomate,38,26.6
2024-12-27,Tomate,35,24.5
2025-01-10,Karotte,34,13.6
2024-12-28,Karotte,44,17.6
2024-12-24,Paprika,45,45.0
2024-12-20,Apfel,50,25.0
2025-01-07,Gurke,6,4.8
2024-12-19,Banane,16,4.8
2024-12-31,Zitrone,44,26.4
2024-12-25,Paprika,26,26.0
2024-12-26,Apfel,19,9.5
2024-12-22,Zitrone,42,25.2
2024-12-24,Banane,43,12.9
2025-01-11,Paprika,17,17.0
2024-12-15,Orange,9,5.85
2024-12-24,Zitrone,11,6.6
2024-12-19,Tomate,1,0.7
2025-01-01,Orange,16,10.4
2025-01-01,Tomate,24,16.8
2025-01-07,Karotte,8,3.2
2024-12-19,Apfel,23,11.5
2024-12-28,Paprika,18,18.0
2024-12-27,Zitrone,14,8.4
2024-12-31,Tomate,13,9.1
2025-01-03,Orange,24,15.6
2025-01-01,Karotte,48,19.2
2024-12-16,Orange,2,1.3
2025-01-03,Paprika,12,12.0
2025-01-04,Apfel,31,15.5
2024-12-14,Paprika,33,33.0
2025-01-07,Paprika,5,5.0
2024-12-20,Karotte,27,10.8
2025-01-12,Apfel,26,13.0
2024-12-23,Orange,15,9.75
2024-12-15,Gurke,6,4.8
2024-12-24,Apfel,22,11.0
2024-12-31,Orange,17,11.05
2025-01-01,Karotte,28,11.2
2024-12-15,Paprika,11,11.0
2024-12-29,Gurke,42,33.6
2024-12-27,Banane,41,12.3
2024-12-24,Apfel,37,18.5
2024-12-27,Banane,41,12.3
2024-12-30,Apfel,9,4.5
2024-12-16,Paprika,29,29.0
2024-12-15,Apfel,49,24.5
2024-12-24,Banane,26,7.8
2024-12-17,Zitrone,19,11.4
2024-12-15,Paprika,7,7.0
2025-01-07,Zitrone,49,29.4
2024-12-15,Gurke,1,0.8
2024-12-15,Tomate,45,31.5
2024-12-28,Orange,23,14.95
2024-12-19,Karotte,21,8.4
2024-12-20,Zitrone,42,25.2
2024-12-20,Apfel,18,9.0
2024-12-27,Tomate,21,14.7
2024-12-14,Gurke,4,3.2
2025-01-04,Apfel,44,22.0
2024-12-16,Zitrone,14,8.4
2024-12-24,Apfel,11,5.5
2024-12-27,Gurke,39,31.2
2024-12-16,Tomate,5,3.5
2025-01-06,Banane,16,4.8
2025-01-04,Gurke,41,32.8
2025-01-04,Gurke,7,5.6
2025-01-04,Karotte,50,20.0
2024-12-29,Paprika,24,24.0
2024-12-29,Tomate,30,21.0
2024-12-17,Apfel,44,22.0
2024-12-19,Paprika,15,15.0
2025-01-01,Paprika,7,7.0
2024-12-18,Orange,50,32.5
2024-12-25,Tomate,30,21.0
2024-12-25,Apfel,24,12.0
2025-01-08,Karotte,43,17.2
2025-01-05,Apfel,36,18.0
2024-12-25,Banane,24,7.2
2024-12-21,Karotte,18,7.2
2024-12-17,Gurke,4,3.2
2024-12-23,Gurke,33,26.4
2024-12-21,Paprika,22,22.0
2024-12-23,Zitrone,1,0.6
2025-01-08,Zitrone,22,13.2
2024-12-30,Karotte,26,10.4
2024-12-22,Banane,25,7.5
2024-12-26,Banane,48,14.4
2025-01-04,Orange,6,3.9
2024-12-14,Paprika,6,6.0
2025-01-08,Banane,50,15.0
2024-12-20,Apfel,31,15.5
2024-12-20,Banane,8,2.4
2025-01-08,Karotte,19,7.6
2024-12-18,Orange,6,3.9
2025-01-08,Paprika,2,2.0
2025-01-02,Zitrone,9,5.4
2025-01-04,Banane,6,1.8
2024-12-31,Zitrone,5,3.0
2025-01-04,Zitrone,18,10.8
2024-12-27,Zitrone,12,7.2
2024-12-27,Zitrone,31,18.6
2024-12-22,Paprika,41,41.0
2024-12-19,Karotte,47,18.8
2025-01-08,Paprika,21,21.0
2024-12-23,Apfel,6,3.0
2024-12-29,Paprika,30,30.0
2024-12-26,Paprika,23,23.0
2025-01-05,Paprika,32,32.0
2025-01-06,Paprika,8,8.0
2025-01-01,Paprika,25,25.0
2025-01-12,Tomate,1,0.7
2025-01-03,Gurke,47,37.6
2025-01-05,Gurke,18,14.4
2025-01-01,Gurke,10,8.0
2024-12-17,Banane,8,2.4
2024-12-16,Banane,3,0.9
2024-12-27,Tomate,6,4.2
2024-12-29,Apfel,38,19.0
2024-12-22,Zitrone,6,3.6
2024-12-27,Karotte,11,4.4
2024-12-30,Tomate,37,25.9
2024-12-23,Zitrone,14,8.4
2024-12-15,Banane,35,10.5
2024-12-15,Karotte,20,8.0
2024-12-14,Tomate,36,25.2
2024-12-17,Orange,10,6.5
2024-12-23,Banane,39,11.7
2025-01-10,Tomate,13,9.1
2024-12-16,Banane,2,0.6
2024-12-15,Paprika,43,43.0
2024-12-28,Zitrone,5,3.0
2025-01-11,Tomate,18,12.6
2024-12-23,Orange,5,3.25
2024-12-16,Karotte,15,6.0
2024-12-20,Karotte,30,12.0
2025-01-11,Gurke,42,33.6
2024-12-30,Orange,14,9.1
2025-01-08,Apfel,20,10.0
2025-01-04,Karotte,36,14.4
2024-12-19,Gurke,27,21.6
2025-01-11,Karotte,31,12.4
2025-01-02,Zitrone,19,11.4
2025-01-08,Zitrone,35,21.0
2025-01-09,Zitrone,44,26.4
2024-12-27,Tomate,9,6.3
2024-12-31,Orange,15,9.75
2024-12-15,Tomate,35,24.5
2025-01-03,Karotte,22,8.8
2024-12-16,Paprika,25,25.0
2025-01-10,Orange,24,15.6
2025-01-10,Gurke,43,34.4
2024-12-17,Banane,6,1.8
2025-01-11,Karotte,42,16.8
2025-01-07,Paprika,47,47.0
2025-01-04,Tomate,42,29.4
2025-01-03,Gurke,3,2.4
2025-01-04,Zitrone,27,16.2
2024-12-25,Paprika,27,27.0
2024-12-17,Banane,15,4.5
2024-12-30,Paprika,4,4.0
2024-12-20,Gurke,48,38.4
2025-01-11,Gurke,43,34.4
2025-01-03,Tomate,36,25.2
2024-12-27,Banane,42,12.6
2024-12-29,Gurke,41,32.8
2024-12-26,Karotte,43,17.2
2024-12-31,Apfel,46,23.0
2024-12-14,Karotte,32,12.8
2025-01-05,Tomate,25,17.5
2024-12-31,Karotte,31,12.4
2024-12-18,Orange,1,0.65
2024-12-17,Orange,2,1.3
2025-01-02,Gurke,42,33.6
2024-12-23,Banane,38,11.4
2024-12-31,Paprika,32,32.0
2024-12-24,Zitrone,20,12.0
2024-12-24,Banane,41,12.3
2024-12-18,Tomate,9,6.3
2025-01-06,Orange,47,30.55
2024-12-24,Zitrone,24,14.4
2024-12-24,Apfel,3,1.5
2024-12-23,Paprika,23,23.0
2024-12-26,Gurke,20,16.0
2025-01-07,Orange,18,11.7
2024-12-27,Karotte,27,10.8
2025-01-07,Karotte,41,16.4
2024-12-20,Tomate,25,17.5
2025-01-03,Gurke,33,26.4
2024-12-23,Karotte,11,4.4
2024-12-21,Gurke,35,28.0
2025-01-10,Banane,20,6.0
2025-01-09,Tomate,30,21.0
2024-12-21,Orange,34,22.1
2025-01-12,Apfel,4,2.0
2024-12-27,Apfel,33,16.5
2024-12-21,Karotte,29,11.6
2025-01-10,Gurke,40,32.0
2025-01-08,Banane,5,1.5
2025-01-10,Karotte,13,5.2
2025-01-06,Tomate,20,14.0
2025-01-03,Paprika,43,43.0
2024-12-22,Apfel,29,14.5
2024-12-23,Orange,35,22.75
2025-01-04,Gurke,47,37.6
2025-01-11,Gurke,14,11.2
2025-01-02,Tomate,3,2.1
2024-12-29,Gurke,31,24.8
2024-12-16,Gurke,32,25.6
2025-01-04,Paprika,46,46.0
2024-12-24,Karotte,29,11.6
2024-12-30,Paprika,40,40.0
2025-01-01,Tomate,23,16.1
2024-12-28,Apfel,40,20.0
2024-12-26,Zitrone,3,1.8
2024-12-31,Zitrone,34,20.4
2024-12-14,Paprika,15,15.0
2025-01-10,Gurke,25,20.0
2025-01-09,Zitrone,12,7.2
2025-01-07,Banane,15,4.5
2025-01-06,Banane,32,9.6
2025-01-03,Paprika,21,21.0
2025-01-11,Tomate,19,13.3
2024-12-27,Paprika,36,36.0
2024-12-26,Banane,2,0.6
2024-12-27,Gurke,27,21.6
2024-12-27,Zitrone,5,3.0
2024-12-22,Gurke,2,1.6
2024-12-25,Gurke,19,15.2
2024-12-17,Apfel,27,13.5
2024-12-15,Paprika,23,23.0
2024-12-27,Gurke,30,24.0
2025-01-01,Karotte,9,3.6
2025-01-03,Karotte,48,19.2
2025-01-02,Tomate,20,14.0
2025-01-04,Tomate,7,4.9
2024-12-15,Karotte,24,9.6
2024-12-24,Zitrone,25,15.0
2024-12-22,Karotte,3,1.2
2025-01-10,Tomate,18,12.6
2024-12-27,Tomate,9,6.3
2024-12-31,Banane,37,11.1
2024-12-27,Gurke,32,25.6
2025-01-02,Karotte,50,20.0
2024-12-31,Apfel,15,7.5
2024-12-26,Apfel,44,22.0
2024-12-27,Banane,30,9.0
2024-12-29,Tomate,22,15.4
2024-12-23,Gurke,42,33.6
2024-12-21,Zitrone,35,21.0
2024-12-14,Apfel,38,19.0
2024-12-20,Banane,9,2.7
2025-01-03,Paprika,1,1.0
2024-12-19,Orange,16,10.4
2025-01-10,Banane,16,4.8
2024-12-31,Karotte,17,6.8
2025-01-12,Banane,34,10.2
2024-12-22,Orange,1,0.65
2025-01-06,Gurke,8,6.4
2025-01-06,Apfel,37,18.5
2024-12-30,Karotte,2,0.8
2024-12-17,Zitrone,6,3.6
2025-01-12,Banane,46,13.8
2024-12-30,Apfel,19,9.5
2024-12-17,Paprika,8,8.0
2024-12-30,Karotte,11,4.4
2024-12-24,Apfel,16,8.0
2024-12-26,Zitrone,20,12.0
2025-01-08,Apfel,32,16.0
2024-12-16,Paprika,34,34.0
2025-01-12,Paprika,41,41.0
2024-12-31,Tomate,46,32.2
2025-01-09,Karotte,7,2.8
2025-01-09,Tomate,45,31.5
2024-12-15,Karotte,17,6.8
2025-01-07,Gurke,23,18.4
2025-01-04,Karotte,34,13.6
2025-01-09,Tomate,20,14.0
2024-12-26,Banane,32,9.6
2024-12-30,Zitrone,18,10.8
2024-12-22,Karotte,25,10.0
2025-01-09,Tomate,14,9.8
2024-12-25,Gurke,39,31.2
2025-01-02,Gurke,2,1.6
2024-12-27,Paprika,43,43.0
2024-12-15,Apfel,7,3.5
2025-01-04,Paprika,38,38.0
2024-12-23,Paprika,11,11.0
2024-12-23,Orange,28,18.2
2024-12-24,Paprika,25,25.0
2024-12-19,Banane,11,3.3
2025-01-01,Orange,26,16.9
2025-01-03,Gurke,26,20.8
2025-01-06,Paprika,36,36.0
2024-12-27,Paprika,6,6.0
2025-01-07,Karotte,28,11.2
2024-12-22,Apfel,8,4.0
2025-01-01,Karotte,7,2.8
2025-01-03,Gurke,29,23.2
2025-01-02,Karotte,37,14.8
2024-12-26,Apfel,3,1.5
2024-12-25,Karotte,23,9.2
2024-12-31,Paprika,40,40.0
2024-12-18,Paprika,48,48.0
2024-12-25,Apfel,1,0.5
2025-01-12,Apfel,21,10.5
2024-12-17,Tomate,39,27.3
2024-12-21,Karotte,6,2.4
2024-12-19,Tomate,41,28.7
2025-01-01,Tomate,32,22.4
2024-12-15,Zitrone,48,28.8
2024-12-15,Zitrone,18,10.8
2025-01-10,Apfel,26,13.0
2025-01-04,Orange,35,22.75
2024-12-23,Zitrone,36,21.6
2025-01-06,Banane,2,0.6
2024-12-27,Banane,44,13.2
2024-12-28,Apfel,15,7.5
2024-12-25,Tomate,11,7.7
2024-12-14,Paprika,15,15.0
2024-12-27,Orange,4,2.6
2024-12-21,Gurke,18,14.4
2025-01-05,Zitrone,36,21.6
2025-01-11,Paprika,39,39.0
2024-12-26,Orange,19,12.35
2024-12-25,Gurke,37,29.6
2024-12-15,Apfel,34,17.0
2025-01-10,Tomate,22,15.4
2024-12-22,Apfel,49,24.5
2024-12-25,Paprika,34,34.0
2025-01-08,Gurke,9,7.2
2024-12-31,Tomate,26,18.2
2025-01-09,Tomate,38,26.6
2024-12-27,Tomate,33,23.1
2025-01-02,Gurke,42,33.6
2024-12-16,Paprika,1,1.0
2024-12-27,Apfel,14,7.0
2024-12-25,Zitrone,17,10.2
2025-01-12,Tomate,8,5.6
2024-12-23,Zitrone,30,18.0
2024-12-26,Gurke,8,6.4
2025-01-12,Karotte,27,10.8
2024-12-24,Paprika,18,18.0
2025-01-05,Paprika,28,28.0
2024-12-24,Karotte,48,19.2
2024-12-16,Zitrone,8,4.8
2025-01-11,Orange,39,25.35
2024-12-22,Paprika,29,29.0
2024-12-28,Zitrone,1,0.6
2024-12-22,Paprika,33,33.0
2024-12-21,Karotte,3,1.2
2024-12-20,Tomate,38,26.6
2024-12-25,Gurke,19,15.2
2024-12-27,Apfel,47,23.5
2024-12-21,Apfel,3,1.5
2024-12-15,Orange,18,11.7
2024-12-17,Apfel,40,20.0
2025-01-03,Zitrone,40,24.0
2024-12-14,Apfel,19,9.5
2025-01-01,Banane,17,5.1
2025-01-12,Gurke,50,40.0
2025-01-06,Gurke,40,32.0
2024-12-30,Zitrone,43,25.8
2024-12-21,Paprika,28,28.0
2024-12-18,Gurke,43,34.4
2024-12-25,Zitrone,9,5.4
2024-12-14,Banane,13,3.9
2024-12-25,Paprika,23,23.0
2024-12-30,Tomate,23,16.1
2025-01-08,Tomate,49,34.3
2024-12-15,Karotte,1,0.4
2025-01-08,Banane,24,7.2
2025-01-02,Banane,12,3.6
2024-12-30,Banane,7,2.1
2024-12-17,Orange,13,8.45
2024-12-20,Orange,19,12.35
2024-12-27,Tomate,38,26.6
2024-12-26,Banane,28,8.4
2025-01-01,Paprika,27,27.0
2025-01-10,Zitrone,2,1.2
2024-12-18,Karotte,50,20.0
2024-12-30,Apfel,9,4.5
2024-12-19,Zitrone,14,8.4
2024-12-14,Paprika,3,3.0
2025-01-08,Paprika,11,11.0
2025-01-05,Apfel,27,13.5
2025-01-06,Banane,39,11.7
2024-12-17,Gurke,47,37.6
2024-12-20,Banane,32,9.6
2025-01-09,Karotte,32,12.8
2024-12-29,Karotte,5,2.0
2024-12-29,Gurke,24,19.2
2024-12-29,Karotte,18,7.2
2025-01-10,Zitrone,6,3.6
2025-01-06,Karotte,29,11.6
2024-12-22,Karotte,38,15.2
2025-01-10,Gurke,14,11.2
2024-12-21,Zitrone,44,26.4
2024-12-26,Gurke,16,12.8
2024-12-21,Orange,42,27.3
2024-12-23,Orange,25,16.25
2024-12-28,Orange,16,10.4
2025-01-03,Orange,27,17.55
2024-12-29,Karotte,23,9.2
2025-01-11,Paprika,16,16.0
2025-01-11,Orange,25,16.25
2024-12-25,Orange,28,18.2
2024-12-15,Orange,36,23.4
2025-01-11,Zitrone,7,4.2
2024-12-24,Banane,32,9.6
2024-12-21,Banane,34,10.2
2025-01-11,Paprika,50,50.0
2025-01-12,Orange,35,22.75
2024-12-23,Karotte,48,19.2
2025-01-01,Zitrone,4,2.4
2024-12-23,Apfel,22,11.0
2024-12-25,Tomate,43,30.1
2024-12-24,Zitrone,48,28.8
2024-12-17,Karotte,2,0.8
2024-12-22,Zitrone,19,11.4
2024-12-17,Zitrone,10,6.0
2025-01-03,Gurke,33,26.4
2024-12-15,Zitrone,45,27.0
2024-12-29,Karotte,2,0.8
2024-12-30,Orange,32,20.8
2024-12-17,Orange,29,18.85
2024-12-16,Orange,8,5.2
2025-01-05,Paprika,28,28.0
2025-01-10,Orange,19,12.35
2025-01-01,Banane,17,5.1
2024-12-29,Orange,50,32.5
2024-12-24,Orange,29,18.85
2024-12-27,Orange,17,11.05
2024-12-28,Zitrone,31,18.6
2025-01-12,Orange,33,21.45
2024-12-28,Tomate,29,20.3
2025-01-08,Karotte,36,14.4
2024-12-15,Banane,32,9.6
2024-12-29,Banane,27,8.1
2024-12-30,Gurke,48,38.4
2024-12-16,Tomate,20,14.0
2024-12-16,Karotte,41,16.4
2024-12-17,Apfel,50,25.0
2024-12-14,Paprika,10,10.0
2024-12-14,Tomate,41,28.7
2025-01-07,Karotte,44,17.6
2025-01-02,Tomate,49,34.3
2024-12-27,Orange,26,16.9
2024-12-23,Karotte,37,14.8
2024-12-22,Apfel,35,17.5
2024-12-28,Paprika,32,32.0
2024-12-20,Karotte,26,10.4
2024-12-20,Apfel,45,22.5
2024-12-16,Orange,40,26.0
2025-01-11,Karotte,15,6.0
2024-12-26,Tomate,12,8.4
2025-01-04,Zitrone,2,1.2
2025-01-02,Karotte,23,9.2
2025-01-06,Paprika,44,44.0
2025-01-08,Gurke,18,14.4
2025-01-04,Orange,20,13.0
2025-01-11,Apfel,43,21.5
2024-12-16,Tomate,27,18.9
2024-12-29,Tomate,50,35.0
2024-12-23,Banane,43,12.9
2024-12-18,Orange,30,19.5
2024-12-20,Tomate,43,30.1
2024-12-29,Apfel,13,6.5
2025-01-05,Banane,9,2.7
2025-01-07,Karotte,19,7.6
2025-01-04,Zitrone,13,7.8
2024-12-25,Orange,2,1.3
2025-01-03,Apfel,50,25.0
2025-01-08,Zitrone,22,13.2
2024-12-20,Banane,36,10.8
2025-01-10,Gurke,18,14.4
2025-01-09,Gurke,32,25.6
2025-01-01,Tomate,45,31.5
2024-12-14,Apfel,19,9.5
2025-01-06,Karotte,50,20.0
2024-12-21,Apfel,9,4.5
2024-12-24,Zitrone,2,1.2
2024-12-14,Zitrone,40,24.0
2024-12-31,Banane,32,9.6
2024-12-20,Banane,25,7.5
2024-12-23,Apfel,20,10.0
2024-12-31,Orange,4,2.6
2025-01-07,Banane,17,5.1
2024-12-29,Zitrone,21,12.6
2025-01-01,Banane,17,5.1
2024-12-27,Paprika,9,9.0
2025-01-06,Orange,30,19.5
2025-01-11,Paprika,1,1.0
2024-12-25,Tomate,13,9.1
2024-12-26,Gurke,20,16.0
2024-12-20,Karotte,46,18.4
2024-12-22,Paprika,36,36.0
2024-12-28,Tomate,9,6.3
2025-01-02,Banane,6,1.8
2024-12-15,Tomate,50,35.0
2024-12-21,Banane,38,11.4
2024-12-22,Banane,36,10.8
2025-01-12,Orange,2,1.3
2024-12-24,Orange,38,24.7
2024-12-16,Orange,25,16.25
2025-01-05,Karotte,30,12.0
2025-01-05,Gurke,42,33.6
2025-01-03,Karotte,30,12.0
2024-12-29,Banane,3,0.9
2025-01-06,Zitrone,41,24.6
2025-01-11,Zitrone,47,28.2
2024-12-24,Karotte,19,7.6
2024-12-22,Banane,31,9.3
2025-01-11,Apfel,8,4.0
2024-12-21,Orange,42,27.3
2024-12-29,Paprika,9,9.0
2025-01-06,Apfel,46,23.0
2025-01-09,Orange,48,31.2
2025-01-12,Orange,22,14.3
2025-01-08,Apfel,1,0.5
2025-01-07,Paprika,48,48.0
2025-01-07,Apfel,39,19.5
2024-12-19,Gurke,8,6.4
2024-12-21,Gurke,21,16.8
2024-12-30,Zitrone,5,3.0
2024-12-14,Banane,13,3.9
2024-12-16,Apfel,7,3.5
2024-12-15,Banane,3,0.9
2025-01-05,Tomate,10,7.0
2024-12-16,Orange,10,6.5
2025-01-01,Tomate,4,2.8
2024-12-24,Tomate,31,21.7
2024-12-29,Zitrone,2,1.2
2024-12-16,Paprika,41,41.0
2024-12-23,Tomate,19,13.3
2025-01-01,Karotte,6,2.4
2025-01-06,Zitrone,18,10.8
2025-01-04,Apfel,22,11.0
2024-12-17,Orange,7,4.55
2025-01-08,Paprika,13,13.0
2025-01-12,Apfel,4,2.0
2024-12-30,Zitrone,1,0.6
2024-12-18,Banane,25,7.5
2025-01-07,Orange,25,16.25
2024-12-23,Karotte,18,7.2
2024-12-14,Tomate,32,22.4
2024-12-19,Zitrone,25,15.0
2024-12-18,Banane,23,6.9
2025-01-08,Karotte,30,12.0
2024-12-26,Banane,40,12.0
2025-01-09,Zitrone,34,20.4
2024-12-28,Paprika,36,36.0
2025-01-07,Zitrone,3,1.8
2025-01-03,Tomate,43,30.1
2024-12-25,Karotte,44,17.6
2024-12-27,Gurke,1,0.8
2025-01-09,Banane,5,1.5
2025-01-11,Karotte,32,12.8
2024-12-19,Apfel,14,7.0
2025-01-06,Gurke,28,22.4
2024-12-24,Banane,50,15.0
2025-01-05,Tomate,21,14.7
2025-01-05,Orange,25,16.25
2025-01-06,Tomate,11,7.7
2024-12-24,Tomate,10,7.0
2024-12-14,Zitrone,18,10.8
2025-01-02,Tomate,43,30.1
2025-01-10,Tomate,47,32.9
2024-12-15,Apfel,48,24.0
2024-12-28,Tomate,17,11.9
2025-01-08,Orange,31,20.15
2024-12-19,Zitrone,30,18.0
2025-01-09,Paprika,42,42.0
2024-12-31,Zitrone,21,12.6
2024-12-22,Apfel,6,3.0
2024-12-30,Karotte,3,1.2
2024-12-17,Orange,21,13.65
2024-12-30,Apfel,19,9.5
2024-12-29,Karotte,37,14.8
2024-12-14,Paprika,26,26.0
2024-12-30,Karotte,35,14.0
2024-12-28,Banane,22,6.6
2024-12-17,Zitrone,2,1.2
2024-12-15,Karotte,20,8.0
2024-12-26,Karotte,27,10.8
2024-12-17,Orange,15,9.75
2025-01-05,Gurke,28,22.4
2024-12-20,Banane,8,2.4
2024-12-23,Apfel,32,16.0
2024-12-20,Zitrone,12,7.2
2025-01-04,Tomate,24,16.8
2024-12-30,Paprika,38,38.0
2024-12-27,Zitrone,28,16.8
2024-12-27,Gurke,21,16.8
2025-01-11,Paprika,21,21.0
2025-01-07,Paprika,1,1.0
2024-12-25,Karotte,25,10.0
2024-12-14,Banane,31,9.3
2025-01-12,Orange,44,28.6
2025-01-06,Apfel,5,2.5
2024-12-22,Karotte,39,15.6
2024-12-29,Tomate,49,34.3
2024-12-21,Karotte,28,11.2
2025-01-05,Zitrone,39,23.4
2025-01-04,Zitrone,40,24.0
2024-12-31,Orange,2,1.3
2024-12-27,Orange,3,1.95
2025-01-10,Karotte,18,7.2
2024-12-29,Paprika,44,44.0
2025-01-08,Paprika,10,10.0
2025-01-08,Karotte,38,15.2
2025-01-02,Tomate,16,11.2
2024-12-24,Gurke,29,23.2
2024-12-26,Karotte,50,20.0
2025-01-02,Orange,18,11.7
2024-12-16,Orange,42,27.3
2025-01-09,Paprika,43,43.0
2025-01-06,Zitrone,43,25.8
2025-01-05,Tomate,13,9.1
2024-12-17,Banane,38,11.4
2024-12-19,Apfel,42,21.0
2024-12-25,Banane,30,9.0
2024-12-18,Apfel,17,8.5
2024-12-16,Banane,8,2.4
2024-12-24,Karotte,34,13.6
2024-12-21,Karotte,28,11.2
2024-12-25,Paprika,36,36.0
2024-12-20,Banane,27,8.1
2024-12-21,Banane,14,4.2
2024-12-24,Zitrone,39,23.4
2025-01-08,Zitrone,35,21.0
2024-12-28,Zitrone,19,11.4
2024-12-18,Orange,42,27.3
2024-12-23,Banane,12,3.6
2025-01-10,Tomate,41,28.7
2024-12-28,Apfel,41,20.5
2024-12-22,Banane,13,3.9
2024-12-27,Paprika,44,44.0
2024-12-29,Apfel,42,21.0
2024-12-30,Zitrone,6,3.6
2025-01-04,Gurke,29,23.2
2024-12-24,Gurke,41,32.8
2025-01-09,Zitrone,45,27.0
2024-12-18,Orange,2,1.3
2024-12-28,Karotte,21,8.4
2024-12-30,Paprika,26,26.0
2024-12-28,Tomate,48,33.6
2024-12-23,Orange,8,5.2
2024-12-14,Karotte,12,4.8
2024-12-24,Gurke,22,17.6
2024-12-29,Apfel,43,21.5
2024-12-27,Karotte,31,12.4
2025-01-09,Orange,18,11.7
2025-01-06,Apfel,3,1.5
2025-01-07,Banane,42,12.6
2024-12-25,Karotte,21,8.4
2024-12-22,Tomate,29,20.3
2025-01-01,Orange,48,31.2
2024-12-26,Banane,31,9.3
2024-12-31,Banane,15,4.5
2024-12-18,Karotte,4,1.6
2025-01-03,Zitrone,6,3.6
2025-01-10,Gurke,4,3.2
2025-01-03,Zitrone,37,22.2
2024-12-25,Zitrone,47,28.2
2024-12-21,Zitrone,19,11.4
2025-01-04,Banane,38,11.4
2025-01-03,Karotte,7,2.8
2025-01-06,Banane,13,3.9
2025-01-03,Orange,24,15.6
2024-12-15,Apfel,42,21.0
2025-01-08,Karotte,6,2.4
2024-12-25,Karotte,44,17.6
2024-12-21,Zitrone,38,22.8
2024-12-23,Orange,12,7.8
2024-12-24,Gurke,16,12.8
2024-12-19,Zitrone,20,12.0
2024-12-17,Paprika,40,40.0
2025-01-06,Paprika,18,18.0
2025-01-09,Tomate,1,0.7
2024-12-20,Paprika,10,10.0
2024-12-17,Gurke,26,20.8
2024-12-29,Banane,5,1.5
2024-12-18,Paprika,45,45.0
2024-12-21,Apfel,36,18.0
2024-12-21,Orange,47,30.55
2025-01-04,Paprika,16,16.0
2025-01-03,Karotte,50,20.0
2025-01-09,Karotte,35,14.0
2025-01-08,Zitrone,18,10.8
2024-12-24,Banane,35,10.5
2025-01-08,Paprika,23,23.0
2024-12-31,Orange,9,5.85
2024-12-31,Apfel,49,24.5
2025-01-02,Paprika,39,39.0
2025-01-12,Karotte,10,4.0
2025-01-07,Karotte,2,0.8
2024-12-17,Orange,32,20.8
2025-01-08,Karotte,50,20.0
2024-12-30,Apfel,46,23.0
2024-12-17,Gurke,8,6.4
2024-12-27,Tomate,4,2.8
2024-12-27,Banane,14,4.2
2024-12-18,Tomate,20,14.0
2025-01-08,Banane,43,12.9
2024-12-28,Orange,30,19.5
2024-12-21,Apfel,28,14.0
2025-01-09,Banane,1,0.3
2024-12-14,Banane,35,10.5
2025-01-02,Gurke,27,21.6
2025-01-09,Karotte,44,17.6
2025-01-07,Tomate,15,10.5
2024-12-30,Apfel,15,7.5
2024-12-21,Apfel,13,6.5
2024-12-19,Zitrone,36,21.6
2024-12-25,Gurke,46,36.8
2024-12-28,Zitrone,48,28.8
2024-12-30,Orange,1,0.65
2024-12-26,Banane,48,14.4
2024-12-27,Orange,43,27.95
2024-12-20,Paprika,21,21.0
2024-12-27,Orange,27,17.55
2025-01-09,Tomate,15,10.5
2024-12-25,Karotte,10,4.0
2025-01-10,Gurke,17,13.6
2024-12-27,Paprika,21,21.0
2025-01-01,Paprika,39,39.0
2025-01-01,Zitrone,32,19.2
2024-12-31,Zitrone,12,7.2
2024-12-18,Orange,21,13.65
2025-01-04,Orange,39,25.35
2025-01-08,Paprika,4,4.0
2024-12-25,Banane,29,8.7
2025-01-06,Tomate,23,16.1
2024-12-18,Karotte,31,12.4
2025-01-11,Zitrone,23,13.8
2025-01-04,Orange,30,19.5
2024-12-14,Banane,35,10.5
2024-12-19,Tomate,41,28.7
2024-12-31,Banane,4,1.2
2024-12-24,Banane,43,12.9
2025-01-11,Apfel,35,17.5
2024-12-14,Banane,42,12.6
2024-12-15,Gurke,30,24.0
2025-01-07,Karotte,47,18.8
2024-12-28,Banane,41,12.3
2024-12-27,Banane,30,9.0
2024-12-31,Karotte,13,5.2
2025-01-08,Tomate,8,5.6
2024-12-16,Apfel,38,19.0
2024-12-20,Tomate,44,30.8
2024-12-23,Paprika,7,7.0
2024-12-31,Gurke,4,3.2
2024-12-29,Paprika,47,47.0
2024-12-21,Banane,49,14.7
2024-12-18,Paprika,16,16.0
2025-01-11,Zitrone,48,28.8
2025-01-05,Zitrone,34,20.4
2025-01-11,Tomate,13,9.1
2025-01-11,Apfel,10,5.0
2024-12-21,Karotte,48,19.2
2024-12-25,Orange,23,14.95
2025-01-04,Karotte,29,11.6
2024-12-20,Paprika,12,12.0
2025-01-03,Apfel,41,20.5
2024-12-21,Tomate,16,11.2
2025-01-10,Zitrone,25,15.0
2025-01-07,Paprika,24,24.0
2024-12-27,Zitrone,27,16.2
2025-01-02,Orange,1,0.65
2024-12-26,Paprika,48,48.0
2025-01-02,Tomate,16,11.2
2024-12-20,Orange,31,20.15
2024-12-22,Tomate,28,19.6
2025-01-08,Gurke,15,12.0
2024-12-14,Gurke,25,20.0
2025-01-06,Banane,6,1.8
2025-01-12,Zitrone,24,14.4
2025-01-08,Banane,40,12.0
2024-12-20,Gurke,41,32.8
2025-01-01,Karotte,1,0.4
2025-01-10,Gurke,8,6.4
2024-12-24,Zitrone,28,16.8
2025-01-12,Apfel,9,4.5
2024-12-31,Tomate,14,9.8
2025-01-06,Gurke,35,28.0
2024-12-23,Tomate,25,17.5
2025-01-08,Tomate,32,22.4
2024-12-29,Gurke,46,36.8
2024-12-24,Gurke,43,34.4
2024-12-24,Karotte,24,9.6
2025-01-03,Orange,49,31.85
2024-12-28,Orange,23,14.95
2025-01-11,Paprika,47,47.0
2025-01-01,Tomate,36,25.2
2025-01-12,Apfel,17,8.5
2024-12-21,Karotte,33,13.2
2024-12-19,Apfel,19,9.5
2024-12-14,Karotte,44,17.6
2024-12-20,Gurke,25,20.0
2024-12-15,Apfel,18,9.0
2024-12-26,Tomate,44,30.8
2025-01-06,Banane,42,12.6
2024-12-19,Karotte,30,12.0
2024-12-23,Paprika,19,19.0
2025-01-04,Karotte,44,17.6
2024-12-29,Paprika,3,3.0
2024-12-14,Paprika,14,14.0
2025-01-11,Zitrone,36,21.6
2025-01-06,Karotte,22,8.8
2025-01-04,Tomate,22,15.4
2024-12-24,Paprika,7,7.0
2025-01-04,Zitrone,30,18.0
2024-12-23,Gurke,45,36.0
2025-01-06,Apfel,24,12.0
2024-12-26,Orange,12,7.8
2024-12-29,Apfel,17,8.5
2024-12-30,Gurke,17,13.6
2024-12-24,Orange,50,32.5
2024-12-14,Zitrone,38,22.8
2024-12-17,Karotte,39,15.6
2025-01-10,Banane,9,2.7
2024-12-17,Karotte,2,0.8
2025-01-09,Zitrone,39,23.4
2024-12-23,Apfel,3,1.5
2025-01-10,Paprika,26,26.0
2025-01-08,Banane,29,8.7
2025-01-02,Gurke,15,12.0
2024-12-27,Karotte,28,11.2
2025-01-01,Banane,43,12.9
2025-01-10,Paprika,45,45.0
2025-01-06,Apfel,10,5.0
2024-12-27,Paprika,46,46.0
2025-01-03,Paprika,48,48.0
2024-12-27,Karotte,49,19.6
2024-12-31,Orange,11,7.15
2024-12-28,Gurke,30,24.0
2025-01-09,Orange,50,32.5
2024-12-14,Karotte,24,9.6
2025-01-07,Orange,29,18.85
2025-01-08,Banane,20,6.0
2024-12-18,Gurke,42,33.6
2025-01-03,Orange,2,1.3
2025-01-09,Tomate,43,30.1
2024-12-28,Gurke,13,10.4
2024-12-23,Banane,29,8.7
2024-12-19,Paprika,1,1.0
2025-01-01,Zitrone,36,21.6
2025-01-12,Banane,49,14.7
2024-12-19,Banane,40,12.0
2024-12-24,Karotte,33,13.2
2024-12-25,Banane,42,12.6
2024-12-24,Paprika,22,22.0
2024-12-26,Apfel,45,22.5
2025-01-03,Gurke,31,24.8
2025-01-09,Karotte,19,7.6
2024-12-16,Tomate,30,21.0
2024-12-27,Paprika,31,31.0
2024-12-22,Tomate,17,11.9
2024-12-26,Tomate,4,2.8
2024-12-22,Paprika,10,10.0
2024-12-20,Zitrone,9,5.4
2025-01-03,Gurke,33,26.4
2024-12-28,Paprika,39,39.0
2025-01-03,Orange,25,16.25
2025-01-09,Apfel,23,11.5
2024-12-22,Banane,44,13.2
2025-01-02,Apfel,11,5.5
2024-12-21,Paprika,18,18.0
2024-12-19,Apfel,17,8.5
2024-12-29,Banane,29,8.7
2025-01-04,Gurke,17,13.6
2024-12-15,Gurke,24,19.2
2024-12-31,Gurke,43,34.4
2024-12-28,Karotte,32,12.8
2024-12-26,Zitrone,41,24.6
2024-12-15,Zitrone,4,2.4
2025-01-10,Karotte,48,19.2
2024-12-22,Tomate,9,6.3
2025-01-08,Apfel,40,20.0
2024-12-17,Karotte,20,8.0
2024-12-31,Tomate,12,8.4
2024-12-20,Zitrone,19,11.4
2024-12-25,Karotte,43,17.2
2024-12-27,Apfel,17,8.5
2024-12-16,Apfel,48,24.0
2024-12-18,Zitrone,24,14.4
2025-01-12,Paprika,17,17.0
2025-01-04,Banane,8,2.4
2024-12-27,Gurke,28,22.4
2025-01-09,Paprika,26,26.0
2024-12-15,Paprika,40,40.0
2024-12-16,Gurke,32,25.6
2024-12-28,Banane,1,0.3
2025-01-12,Karotte,23,9.2
2024-12-29,Karotte,17,6.8
2024-12-30,Karotte,5,2.0
2025-01-11,Banane,2,0.6
2024-12-20,Banane,9,2.7
2025-01-12,Apfel,28,14.0
2025-01-07,Tomate,14,9.8
2024-12-16,Tomate,20,14.0
2025-01-09,Paprika,20,20.0
2024-12-29,Gurke,25,20.0
2024-12-29,Apfel,10,5.0
2025-01-12,Banane,38,11.4
2024-12-15,Orange,42,27.3
2024-12-16,Zitrone,21,12.6
2025-01-04,Karotte,3,1.2
2025-01-05,Zitrone,44,26.4
2024-12-23,Paprika,19,19.0
2024-12-16,Karotte,50,20.0
2025-01-10,Orange,30,19.5
2024-12-18,Tomate,37,25.9
2024-12-26,Paprika,49,49.0
2024-12-28,Banane,50,15.0
2024-12-18,Tomate,1,0.7
2025-01-01,Orange,49,31.85
2025-01-01,Apfel,9,4.5
2025-01-07,Tomate,49,34.3
2025-01-04,Gurke,47,37.6
2025-01-11,Gurke,6,4.8
2024-12-25,Banane,36,10.8
2025-01-12,Karotte,4,1.6
2024-12-18,Paprika,29,29.0
2024-12-27,Banane,33,9.9
2024-12-31,Gurke,35,28.0
2025-01-06,Paprika,21,21.0
2024-12-31,Karotte,49,19.6
2025-01-12,Paprika,19,19.0
2024-12-21,Zitrone,33,19.8
2025-01-01,Paprika,50,50.0
2024-12-27,Banane,36,10.8
2025-01-09,Tomate,46,32.2
2025-01-11,Zitrone,34,20.4
2024-12-21,Karotte,32,12.8
2024-12-30,Zitrone,44,26.4
2024-12-31,Gurke,26,20.8
2025-01-06,Karotte,50,20.0
2024-12-16,Gurke,30,24.0
2025-01-07,Banane,39,11.7
2025-01-06,Banane,41,12.3
2024-12-30,Gurke,39,31.2
2024-12-26,Karotte,39,15.6
2024-12-17,Tomate,31,21.7
2024-12-19,Gurke,35,28.0
2025-01-08,Orange,31,20.15
2024-12-27,Karotte,21,8.4
2024-12-26,Karotte,17,6.8
2025-01-04,Banane,25,7.5
2025-01-05,Apfel,13,6.5
2024-12-22,Paprika,12,12.0
2025-01-08,Zitrone,10,6.0
2024-12-16,Tomate,37,25.9
2024-12-25,Banane,6,1.8
2025-01-02,Zitrone,25,15.0
2024-12-31,Apfel,16,8.0
2024-12-18,Tomate,19,13.3
2025-01-01,Orange,21,13.65
2024-12-17,Zitrone,16,9.6
2024-12-28,Orange,25,16.25
2024-12-31,Karotte,48,19.2
2025-01-08,Orange,12,7.8
2024-12-16,Orange,38,24.7
2024-12-23,Karotte,36,14.4
2025-01-04,Karotte,1,0.4
2025-01-09,Orange,9,5.85
2025-01-08,Tomate,22,15.4
2025-01-06,Paprika,19,19.0
2025-01-08,Karotte,49,19.6
2024-12-18,Karotte,48,19.2
2024-12-21,Paprika,26,26.0
2024-12-27,Paprika,12,12.0
2025-01-01,Banane,34,10.2
2025-01-03,Tomate,15,10.5
2025-01-06,Zitrone,25,15.0
2025-01-06,Banane,46,13.8
2024-12-26,Tomate,17,11.9
2025-01-03,Karotte,4,1.6
2025-01-01,Tomate,48,33.6
2025-01-09,Banane,49,14.7
2024-12-29,Zitrone,31,18.6
2024-12-23,Orange,22,14.3
2024-12-25,Apfel,21,10.5
2024-12-29,Paprika,12,12.0
2024-12-14,Zitrone,45,27.0
2024-12-25,Apfel,30,15.0
2024-12-24,Orange,23,14.95
2024-12-15,Tomate,5,3.5
2025-01-08,Paprika,10,10.0
2025-01-04,Gurke,38,30.4
2024-12-30,Banane,47,14.1
2024-12-19,Tomate,41,28.7
2025-01-06,Zitrone,17,10.2
2024-12-26,Karotte,28,11.2
2024-12-30,Banane,38,11.4
2024-12-14,Karotte,20,8.0
2025-01-11,Karotte,49,19.6
2024-12-27,Gurke,22,17.6
2025-01-09,Zitrone,46,27.6
2025-01-02,Gurke,23,18.4
2024-12-29,Karotte,10,4.0
2024-12-18,Tomate,21,14.7
2025-01-07,Banane,29,8.7
2024-12-15,Orange,37,24.05
2025-01-12,Banane,20,6.0
2024-12-18,Orange,35,22.75
2025-01-08,Gurke,15,12.0
2025-01-12,Banane,48,14.4
2025-01-05,Apfel,14,7.0
2025-01-02,Banane,11,3.3
2024-12-21,Karotte,36,14.4
2024-12-21,Apfel,22,11.0
2024-12-20,Apfel,35,17.5
2024-12-15,Paprika,15,15.0
2025-01-06,Paprika,48,48.0
2024-12-16,Banane,40,12.0
2024-12-16,Orange,44,28.6
2024-12-21,Karotte,15,6.0
2024-12-27,Karotte,43,17.2
2024-12-30,Banane,45,13.5
2025-01-10,Gurke,36,28.8
2024-12-28,Zitrone,31,18.6
2024-12-30,Tomate,8,5.6
2025-01-10,Gurke,31,24.8
2024-12-24,Tomate,37,25.9
2024-12-25,Tomate,49,34.3
2025-01-12,Banane,40,12.0
2024-12-19,Orange,2,1.3
2024-12-17,Banane,7,2.1
2024-12-19,Gurke,23,18.4
2025-01-05,Banane,16,4.8
2024-12-31,Gurke,37,29.6
2025-01-11,Zitrone,23,13.8
2024-12-23,Apfel,33,16.5
2024-12-28,Karotte,48,19.2
2024-12-20,Gurke,35,28.0
2024-12-22,Banane,42,12.6
2025-01-05,Zitrone,23,13.8
2025-01-01,Gurke,9,7.2
2025-01-11,Paprika,32,32.0
2024-12-19,Banane,27,8.1
2024-12-23,Apfel,48,24.0
2025-01-07,Orange,32,20.8
2025-01-09,Tomate,30,21.0
2025-01-02,Banane,16,4.8
2025-01-02,Orange,27,17.55
2024-12-22,Gurke,43,34.4
2025-01-07,Tomate,45,31.5
2024-12-23,Banane,13,3.9
2025-01-04,Karotte,25,10.0
2025-01-07,Karotte,34,13.6
2025-01-02,Gurke,45,36.0
2025-01-03,Apfel,33,16.5
2024-12-24,Paprika,6,6.0
2024-12-28,Karotte,37,14.8
2024-12-16,Apfel,37,18.5
2024-12-16,Apfel,28,14.0
2025-01-10,Orange,34,22.1
2025-01-03,Karotte,36,14.4
2025-01-01,Zitrone,47,28.2
2024-12-25,Gurke,8,6.4
2024-12-19,Orange,48,31.2
2024-12-17,Apfel,12,6.0
2024-12-20,Paprika,46,46.0
2024-12-15,Apfel,13,6.5
2025-01-03,Paprika,22,22.0
2024-12-14,Tomate,10,7.0
2024-12-27,Tomate,2,1.4
2024-12-21,Apfel,48,24.0
2024-12-21,Gurke,34,27.2
2024-12-28,Banane,47,14.1
2024-12-21,Apfel,43,21.5
2024-12-28,Karotte,50,20.0
2024-12-25,Tomate,1,0.7
2024-12-14,Orange,40,26.0
2024-12-28,Tomate,50,35.0
2024-12-29,Orange,50,32.5
2024-12-19,Gurke,33,26.4
2025-01-01,Paprika,11,11.0
2024-12-21,Orange,22,14.3
2025-01-05,Orange,46,29.9
2024-12-20,Paprika,2,2.0
2024-12-20,Zitrone,22,13.2
2025-01-05,Apfel,28,14.0
2025-01-09,Gurke,4,3.2
2025-01-04,Gurke,6,4.8
2024-12-24,Tomate,4,2.8
2025-01-06,Gurke,30,24.0
2025-01-01,Tomate,3,2.1
2025-01-11,Apfel,49,24.5
2025-01-06,Gurke,15,12.0
2024-12-15,Orange,12,7.8
2024-12-21,Karotte,49,19.6
2024-12-20,Tomate,20,14.0
2025-01-11,Tomate,21,14.7
2025-01-10,Tomate,1,0.7
2025-01-07,Tomate,3,2.1
2024-12-22,Karotte,26,10.4
2025-01-01,Tomate,16,11.2
2024-12-31,Zitrone,3,1.8
2025-01-07,Orange,14,9.1
2024-12-14,Zitrone,23,13.8
2024-12-25,Paprika,9,9.0
2025-01-06,Banane,14,4.2
2024-12-30,Banane,17,5.1
2024-12-20,Banane,24,7.2
2024-12-18,Banane,43,12.9
2024-12-17,Zitrone,32,19.2
2025-01-08,Karotte,26,10.4
2024-12-16,Apfel,21,10.5
2024-12-29,Apfel,30,15.0
2024-12-15,Gurke,46,36.8
2025-01-05,Tomate,45,31.5
2024-12-28,Banane,46,13.8
2024-12-22,Orange,49,31.85
2024-12-19,Karotte,19,7.6
2024-12-30,Banane,44,13.2
2024-12-28,Zitrone,17,10.2
2024-12-31,Apfel,6,3.0
2024-12-17,Orange,50,32.5
2025-01-03,Paprika,14,14.0
2024-12-22,Gurke,19,15.2
2024-12-31,Orange,12,7.8
2025-01-01,Orange,39,25.35
2024-12-17,Apfel,38,19.0
2024-12-29,Tomate,18,12.6
2024-12-30,Apfel,9,4.5
2024-12-14,Tomate,12,8.4
2025-01-02,Karotte,12,4.8
2024-12-17,Zitrone,22,13.2
2024-12-18,Zitrone,37,22.2
2025-01-05,Gurke,20,16.0
2025-01-06,Tomate,32,22.4
2025-01-11,Apfel,11,5.5
2024-12-25,Apfel,32,16.0
2024-12-20,Zitrone,23,13.8
2025-01-10,Banane,33,9.9
2024-12-22,Paprika,26,26.0
2025-01-04,Zitrone,45,27.0
2024-12-21,Orange,22,14.3
2025-01-01,Karotte,17,6.8
2024-12-15,Karotte,38,15.2
2025-01-04,Tomate,43,30.1
2024-12-30,Karotte,34,13.6
2024-12-22,Zitrone,14,8.4
2025-01-09,Orange,30,19.5
2024-12-18,Zitrone,1,0.6
2025-01-11,Paprika,8,8.0
2025-01-08,Orange,4,2.6
2025-01-06,Karotte,49,19.6
2024-12-29,Banane,34,10.2
2024-12-14,Gurke,17,13.6
2024-12-18,Zitrone,14,8.4
2024-12-18,Karotte,40,16.0
2025-01-11,Banane,28,8.4
2025-01-05,Tomate,32,22.4
2025-01-07,Gurke,36,28.8
2024-12-14,Gurke,10,8.0
2024-12-18,Apfel,15,7.5
2025-01-12,Gurke,24,19.2
2024-12-25,Zitrone,42,25.2
2024-12-30,Karotte,13,5.2
2024-12-26,Tomate,25,17.5
2024-12-21,Tomate,13,9.1
2025-01-09,Banane,43,12.9
2025-01-02,Karotte,16,6.4
2025-01-07,Karotte,13,5.2
2024-12-21,Apfel,9,4.5
2024-12-17,Gurke,7,5.6
2024-12-31,Orange,32,20.8
2024-12-17,Zitrone,46,27.6
2025-01-01,Apfel,37,18.5
2024-12-18,Zitrone,41,24.6
2024-12-21,Gurke,12,9.6
2025-01-04,Banane,3,0.9
2024-12-21,Tomate,35,24.5
2024-12-30,Karotte,40,16.0
2025-01-03,Tomate,31,21.7
2024-12-20,Apfel,11,5.5
2025-01-09,Gurke,18,14.4
2024-12-28,Zitrone,29,17.4
2024-12-27,Orange,30,19.5
2025-01-05,Orange,31,20.15
2024-12-19,Karotte,10,4.0
2025-01-12,Gurke,44,35.2
2025-01-09,Apfel,44,22.0
2024-12-15,Paprika,32,32.0
2025-01-04,Gurke,2,1.6
2025-01-04,Paprika,30,30.0
2024-12-18,Gurke,40,32.0
2024-12-28,Karotte,45,18.0
2025-01-07,Apfel,16,8.0
2024-12-21,Orange,23,14.95
2025-01-10,Tomate,46,32.2
2024-12-30,Paprika,27,27.0
2024-12-15,Apfel,48,24.0
2024-12-25,Banane,13,3.9
2024-12-18,Karotte,36,14.4
2025-01-12,Apfel,45,22.5
2024-12-19,Orange,50,32.5
2025-01-05,Tomate,50,35.0
2025-01-05,Zitrone,40,24.0
2024-12-19,Orange,22,14.3
2024-12-20,Zitrone,36,21.6
2024-12-16,Apfel,42,21.0
2025-01-02,Gurke,45,36.0
2024-12-15,Gurke,28,22.4
2025-01-02,Tomate,42,29.4
2024-12-25,Zitrone,46,27.6
2025-01-08,Zitrone,41,24.6
2025-01-08,Paprika,10,10.0
2024-12-21,Tomate,46,32.2
2025-01-07,Tomate,36,25.2
2025-01-09,Karotte,1,0.4
2025-01-10,Orange,20,13.0
2025-01-02,Zitrone,30,18.0
2025-01-12,Paprika,48,48.0
2025-01-12,Banane,13,3.9
2024-12-18,Zitrone,2,1.2
2024-12-16,Karotte,43,17.2
2024-12-16,Banane,14,4.2
2024-12-20,Zitrone,45,27.0
2024-12-23,Orange,20,13.0
2024-12-20,Apfel,14,7.0
2024-12-14,Gurke,21,16.8
2024-12-17,Apfel,38,19.0
2024-12-22,Gurke,8,6.4
2024-12-21,Karotte,39,15.6
2024-12-16,Karotte,10,4.0
2025-01-11,Zitrone,32,19.2
2024-12-19,Banane,43,12.9
2025-01-09,Karotte,45,18.0
2025-01-10,Banane,33,9.9
2024-12-27,Zitrone,31,18.6
2025-01-12,Gurke,34,27.2
2024-12-15,Paprika,4,4.0
2025-01-08,Orange,16,10.4
2024-12-21,Tomate,1,0.7
2024-12-25,Paprika,26,26.0
2025-01-09,Tomate,24,16.8
2024-12-31,Orange,21,13.65
2024-12-30,Banane,17,5.1
2025-01-10,Apfel,20,10.0
2025-01-07,Zitrone,13,7.8
2024-12-17,Gurke,25,20.0
2024-12-26,Paprika,8,8.0
2024-12-15,Paprika,42,42.0
2024-12-27,Gurke,17,13.6
2024-12-14,Paprika,1,1.0
2024-12-28,Paprika,21,21.0
2024-12-27,Orange,8,5.2
2025-01-07,Banane,44,13.2
2024-12-25,Zitrone,26,15.6
2025-01-09,Apfel,25,12.5
2024-12-16,Apfel,47,23.5
2025-01-05,Gurke,21,16.8
2024-12-22,Orange,48,31.2
2024-12-17,Orange,41,26.65
2024-12-28,Paprika,45,45.0
2024-12-15,Gurke,10,8.0
2024-12-17,Apfel,17,8.5
2024-12-19,Banane,42,12.6
2025-01-05,Apfel,45,22.5
2024-12-20,Tomate,13,9.1
2024-12-28,Gurke,7,5.6
2024-12-20,Tomate,5,3.5
2025-01-09,Apfel,48,24.0
2024-12-23,Zitrone,18,10.8
2024-12-17,Orange,5,3.25
2025-01-07,Zitrone,29,17.4
2024-12-20,Paprika,8,8.0
2024-12-28,Banane,12,3.6
2024-12-19,Karotte,17,6.8
2024-12-25,Banane,3,0.9
2025-01-03,Tomate,25,17.5
2024-12-18,Banane,11,3.3
2025-01-03,Apfel,47,23.5
2024-12-27,Paprika,3,3.0
2024-12-25,Karotte,26,10.4
2024-12-29,Banane,50,15.0
2024-12-29,Zitrone,5,3.0
2024-12-22,Gurke,5,4.0
2025-01-04,Paprika,45,45.0
2024-12-30,Karotte,21,8.4
2024-12-26,Orange,10,6.5
2025-01-03,Orange,6,3.9
2024-12-30,Banane,36,10.8
2025-01-01,Paprika,8,8.0
2024-12-16,Paprika,25,25.0
2024-12-15,Banane,22,6.6
2025-01-07,Orange,15,9.75
2024-12-30,Zitrone,23,13.8
2024-12-26,Orange,41,26.65
2024-12-28,Paprika,15,15.0
2024-12-15,Apfel,22,11.0
2025-01-08,Zitrone,43,25.8
2025-01-10,Banane,28,8.4
2024-12-27,Banane,8,2.4
2024-12-18,Karotte,12,4.8
2025-01-06,Karotte,8,3.2
2025-01-06,Gurke,18,14.4
2024-12-16,Paprika,1,1.0
2025-01-09,Banane,39,11.7
2025-01-03,Gurke,49,39.2
2024-12-27,Tomate,42,29.4
2024-12-24,Orange,48,31.2
2024-12-28,Paprika,27,27.0
2024-12-20,Paprika,25,25.0
2025-01-08,Gurke,28,22.4
2024-12-24,Apfel,7,3.5
2025-01-06,Karotte,35,14.0
2025-01-01,Zitrone,40,24.0
2024-12-26,Tomate,26,18.2
2025-01-02,Zitrone,11,6.6
2025-01-12,Apfel,3,1.5
2025-01-02,Paprika,22,22.0
2025-01-06,Banane,8,2.4
2024-12-27,Gurke,23,18.4
2025-01-12,Orange,12,7.8
2025-01-12,Tomate,27,18.9
2025-01-09,Orange,44,28.6
2024-12-19,Apfel,6,3.0
2024-12-28,Apfel,45,22.5
2025-01-09,Orange,5,3.25
2024-12-23,Zitrone,43,25.8
2025-01-02,Orange,20,13.0
2024-12-29,Banane,31,9.3
2025-01-12,Karotte,48,19.2
2024-12-24,Karotte,17,6.8
2024-12-25,Tomate,28,19.6
2024-12-19,Tomate,41,28.7
2024-12-18,Gurke,34,27.2
2024-12-27,Apfel,15,7.5
2024-12-26,Paprika,22,22.0
2025-01-06,Orange,27,17.55
2025-01-10,Karotte,37,14.8
2025-01-08,Banane,42,12.6
2025-01-04,Banane,8,2.4
2024-12-25,Banane,11,3.3
2025-01-03,Gurke,10,8.0
2024-12-16,Zitrone,22,13.2
2024-12-14,Zitrone,45,27.0
2024-12-30,Karotte,7,2.8
2025-01-07,Paprika,3,3.0
2024-12-17,Banane,21,6.3
2025-01-08,Orange,11,7.15
2025-01-12,Karotte,6,2.4
2025-01-06,Zitrone,23,13.8
2024-12-16,Tomate,9,6.3
2024-12-31,Banane,49,14.7
2025-01-11,Karotte,48,19.2
2025-01-11,Gurke,13,10.4
2024-12-20,Paprika,18,18.0
2025-01-01,Gurke,31,24.8
2025-01-05,Paprika,11,11.0
2025-01-03,Gurke,2,1.6
2024-12-30,Karotte,13,5.2
2025-01-10,Gurke,17,13.6
2024-12-17,Zitrone,2,1.2
2025-01-04,Gurke,43,34.4
2025-01-01,Gurke,7,5.6
2024-12-28,Gurke,4,3.2
2025-01-09,Zitrone,34,20.4
2025-01-11,Banane,38,11.4
2024-12-15,Karotte,27,10.8
2024-12-17,Paprika,41,41.0
2025-01-02,Karotte,12,4.8
2024-12-17,Orange,36,23.4
2024-12-29,Tomate,46,32.2
2024-12-16,Gurke,19,15.2
2024-12-19,Gurke,4,3.2
2025-01-11,Paprika,36,36.0
2025-01-04,Banane,9,2.7
2024-12-21,Apfel,2,1.0
2025-01-10,Paprika,25,25.0
2024-12-24,Banane,41,12.3
2025-01-05,Orange,41,26.65
2025-01-11,Zitrone,17,10.2
2024-12-24,Tomate,43,30.1
2024-12-22,Orange,49,31.85
2024-12-28,Zitrone,24,14.4
2024-12-29,Paprika,13,13.0
2024-12-15,Apfel,30,15.0
2025-01-05,Banane,13,3.9
2024-12-28,Karotte,25,10.0
2024-12-24,Orange,10,6.5
2025-01-12,Karotte,7,2.8
2025-01-04,Karotte,34,13.6
2025-01-03,Paprika,24,24.0
2025-01-08,Gurke,41,32.8
2025-01-02,Karotte,2,0.8
2024-12-16,Karotte,12,4.8
2025-01-08,Apfel,9,4.5
2025-01-10,Orange,44,28.6
2025-01-04,Orange,10,6.5
2024-12-23,Zitrone,45,27.0
2024-12-17,Paprika,35,35.0
2024-12-30,Orange,13,8.45
2025-01-08,Tomate,27,18.9
2024-12-31,Apfel,14,7.0
2024-12-16,Orange,37,24.05
2025-01-11,Paprika,19,19.0
2025-01-10,Apfel,38,19.0
2025-01-10,Gurke,15,12.0
2024-12-18,Zitrone,8,4.8
2025-01-04,Zitrone,37,22.2
2025-01-12,Tomate,2,1.4
2025-01-02,Karotte,21,8.4
2025-01-09,Zitrone,45,27.0
2025-01-11,Banane,10,3.0
2025-01-01,Paprika,30,30.0
2025-01-06,Gurke,13,10.4
2025-01-06,Banane,36,10.8
2024-12-30,Paprika,34,34.0
2024-12-17,Apfel,18,9.0
2025-01-05,Banane,13,3.9
2024-12-30,Gurke,43,34.4
2025-01-10,Karotte,39,15.6
2024-12-27,Apfel,34,17.0
2025-01-08,Banane,16,4.8
2024-12-21,Gurke,25,20.0
2024-12-29,Karotte,32,12.8
2024-12-14,Karotte,40,16.0
2024-12-28,Banane,35,10.5
2025-01-11,Zitrone,2,1.2
2025-01-02,Zitrone,20,12.0
2024-12-19,Zitrone,30,18.0
2024-12-26,Orange,49,31.85
2024-12-21,Zitrone,7,4.2
2024-12-25,Karotte,1,0.4
2025-01-08,Karotte,8,3.2
2024-12-25,Orange,32,20.8
2024-12-14,Banane,38,11.4
2024-12-27,Tomate,28,19.6
2025-01-04,Orange,24,15.6
2024-12-25,Tomate,21,14.7
2024-12-15,Zitrone,32,19.2
2024-12-29,Paprika,8,8.0
2025-01-08,Karotte,46,18.4
2025-01-10,Banane,33,9.9
2024-12-21,Gurke,42,33.6
2024-12-22,Paprika,29,29.0
2025-01-02,Banane,15,4.5
2024-12-20,Tomate,23,16.1
2025-01-11,Orange,2,1.3
2024-12-31,Banane,18,5.4
2024-12-21,Orange,38,24.7
2024-12-26,Gurke,17,13.6
2024-12-21,Tomate,37,25.9
2024-12-28,Banane,27,8.1
2025-01-09,Orange,22,14.3
2025-01-03,Banane,44,13.2
2024-12-22,Paprika,2,2.0
2024-12-24,Banane,44,13.2
2024-12-14,Gurke,6,4.8
2024-12-16,Paprika,38,38.0
2024-12-27,Banane,32,9.6
2025-01-08,Gurke,15,12.0
2024-12-23,Gurke,48,38.4
2025-01-06,Paprika,33,33.0
2024-12-19,Orange,39,25.35
2024-12-20,Banane,8,2.4
2025-01-10,Karotte,16,6.4
2024-12-27,Orange,40,26.0
2024-12-14,Karotte,23,9.2
2024-12-26,Tomate,30,21.0
2025-01-12,Tomate,17,11.9
2025-01-10,Orange,20,13.0
2025-01-04,Paprika,4,4.0
2024-12-29,Paprika,37,37.0
2024-12-24,Orange,6,3.9
2024-12-18,Gurke,35,28.0
2025-01-02,Tomate,4,2.8
2025-01-03,Gurke,8,6.4
2024-12-30,Banane,18,5.4
2024-12-28,Apfel,34,17.0
2025-01-01,Tomate,9,6.3
2025-01-12,Orange,18,11.7
2024-12-16,Banane,9,2.7
2024-12-21,Banane,4,1.2
2024-12-23,Karotte,20,8.0
2025-01-05,Apfel,47,23.5
2025-01-06,Apfel,36,18.0
2025-01-06,Orange,3,1.95
2024-12-31,Apfel,11,5.5
2024-12-31,Orange,27,17.55
2025-01-06,Orange,30,19.5
2025-01-02,Karotte,32,12.8
2024-12-31,Tomate,1,0.7
2024-12-24,Apfel,14,7.0
2024-12-14,Zitrone,26,15.6
2025-01-06,Orange,38,24.7
2025-01-03,Zitrone,23,13.8
2025-01-10,Apfel,23,11.5
2024-12-20,Orange,27,17.55
2024-12-28,Paprika,6,6.0
2025-01-10,Orange,29,18.85
2025-01-03,Orange,6,3.9
2025-01-02,Apfel,21,10.5
2025-01-08,Tomate,6,4.2
2024-12-24,Banane,1,0.3
2025-01-07,Orange,26,16.9
2024-12-22,Tomate,47,32.9
2024-12-15,Apfel,4,2.0
2025-01-08,Banane,15,4.5
2024-12-17,Tomate,23,16.1
2024-12-20,Paprika,34,34.0
2025-01-07,Banane,49,14.7
2025-01-04,Tomate,41,28.7
2024-12-22,Tomate,26,18.2
2025-01-05,Apfel,42,21.0
2024-12-21,Gurke,26,20.8
2024-12-20,Banane,16,4.8
2024-12-17,Paprika,45,45.0
2025-01-09,Paprika,46,46.0
2024-12-30,Paprika,11,11.0
2025-01-07,Karotte,38,15.2
2024-12-24,Paprika,33,33.0
2024-12-24,Gurke,22,17.6
2025-01-08,Gurke,43,34.4
2024-12-17,Paprika,2,2.0
2024-12-27,Zitrone,34,20.4
2025-01-07,Gurke,46,36.8
2024-12-19,Apfel,42,21.0
2025-01-06,Paprika,11,11.0
2025-01-07,Paprika,5,5.0
2025-01-12,Orange,19,12.35
2024-12-21,Orange,18,11.7
2024-12-15,Zitrone,9,5.4
2025-01-02,Karotte,13,5.2
2024-12-14,Orange,10,6.5
2024-12-31,Banane,20,6.0
2025-01-05,Orange,33,21.45
2025-01-02,Paprika,37,37.0
2024-12-22,Gurke,42,33.6
2025-01-02,Banane,24,7.2
2025-01-02,Tomate,34,23.8
2024-12-28,Orange,34,22.1
2024-12-21,Apfel,42,21.0
2024-12-24,Paprika,31,31.0
2024-12-21,Orange,13,8.45
2024-12-19,Paprika,27,27.0
2024-12-26,Banane,13,3.9
2025-01-12,Apfel,20,10.0
2025-01-09,Tomate,33,23.1
2024-12-28,Banane,12,3.6
2025-01-09,Tomate,14,9.8
2025-01-09,Orange,17,11.05
2025-01-09,Karotte,8,3.2
2024-12-30,Tomate,37,25.9
2025-01-06,Tomate,22,15.4
2024-12-16,Orange,35,22.75
2025-01-03,Paprika,26,26.0
2025-01-08,Paprika,24,24.0
2025-01-11,Gurke,2,1.6
2025-01-05,Zitrone,25,15.0
2024-12-22,Paprika,8,8.0
2025-01-03,Apfel,24,12.0
2025-01-10,Paprika,42,42.0
2024-12-22,Banane,5,1.5
2024-12-15,Karotte,32,12.8
2024-12-17,Orange,8,5.2
2024-12-18,Gurke,20,16.0
2024-12-24,Paprika,33,33.0
2025-01-01,Banane,42,12.6
2025-01-05,Banane,42,12.6
2024-12-25,Apfel,15,7.5
2025-01-08,Karotte,26,10.4
2024-12-27,Karotte,46,18.4
2024-12-24,Paprika,34,34.0
2024-12-30,Paprika,43,43.0
2024-12-21,Banane,26,7.8
2024-12-25,Gurke,7,5.6
2025-01-06,Karotte,2,0.8
2025-01-02,Apfel,34,17.0
2024-12-31,Paprika,4,4.0
2024-12-23,Apfel,20,10.0
2024-12-22,Banane,39,11.7
2025-01-12,Paprika,35,35.0
2024-12-30,Paprika,29,29.0
2024-12-22,Apfel,7,3.5
2025-01-09,Paprika,11,11.0
2025-01-05,Paprika,44,44.0
2025-01-08,Karotte,27,10.8
2025-01-11,Orange,48,31.2
2025-01-08,Banane,26,7.8
2024-12-27,Tomate,39,27.3
2024-12-19,Banane,22,6.6
2025-01-05,Gurke,23,18.4
2024-12-18,Gurke,49,39.2
2024-12-25,Apfel,43,21.5
2024-12-15,Karotte,33,13.2
2024-12-16,Karotte,5,2.0
2024-12-31,Zitrone,34,20.4
2024-12-23,Karotte,47,18.8
2024-12-15,Gurke,7,5.6
2025-01-04,Apfel,19,9.5
2024-12-15,Banane,4,1.2
2024-12-23,Banane,12,3.6
2025-01-07,Zitrone,34,20.4
2024-12-17,Zitrone,30,18.0
2024-12-23,Apfel,9,4.5
2024-12-27,Paprika,9,9.0
2024-12-25,Banane,19,5.7
2025-01-05,Orange,27,17.55
2025-01-06,Apfel,16,8.0
2024-12-17,Apfel,21,10.5
2025-01-11,Karotte,30,12.0
2024-12-15,Orange,32,20.8
2025-01-04,Gurke,10,8.0
2025-01-08,Tomate,16,11.2
2024-12-29,Orange,6,3.9
2025-01-10,Orange,34,22.1
2024-12-26,Apfel,50,25.0
2025-01-12,Orange,23,14.95
2025-01-12,Orange,37,24.05
2024-12-22,Banane,8,2.4
2024-12-20,Paprika,28,28.0
2024-12-30,Banane,13,3.9
2024-12-18,Gurke,36,28.8
2024-12-25,Orange,24,15.6
2024-12-28,Banane,42,12.6
2025-01-12,Karotte,34,13.6
2024-12-16,Zitrone,18,10.8
2024-12-15,Zitrone,32,19.2
2024-12-25,Karotte,35,14.0
2024-12-16,Zitrone,32,19.2
2024-12-25,Karotte,17,6.8
2025-01-08,Orange,3,1.95
2024-12-16,Tomate,15,10.5
2025-01-04,Apfel,34,17.0
2025-01-03,Tomate,34,23.8
2025-01-02,Orange,40,26.0
2025-01-11,Banane,9,2.7
2024-12-21,Apfel,20,10.0
2025-01-04,Banane,8,2.4
2024-12-14,Paprika,44,44.0
2024-12-17,Tomate,42,29.4
2024-12-27,Paprika,31,31.0
2025-01-06,Banane,46,13.8
2024-12-21,Banane,47,14.1
2024-12-28,Zitrone,25,15.0
2024-12-17,Karotte,45,18.0
2024-12-29,Paprika,19,19.0
2025-01-07,Karotte,20,8.0
2024-12-26,Karotte,35,14.0
2024-12-22,Tomate,14,9.8
2024-12-24,Tomate,43,30.1
2025-01-05,Orange,36,23.4
2024-12-31,Orange,28,18.2
2024-12-22,Tomate,27,18.9
2024-12-26,Apfel,43,21.5
2025-01-10,Banane,38,11.4
2024-12-26,Karotte,37,14.8
2024-12-29,Orange,6,3.9
2025-01-10,Gurke,40,32.0
2024-12-22,Apfel,18,9.0
2024-12-23,Gurke,8,6.4
2024-12-30,Paprika,6,6.0
2024-12-22,Orange,49,31.85
2024-12-21,Gurke,4,3.2
2025-01-07,Zitrone,21,12.6
2024-12-26,Tomate,42,29.4
2024-12-23,Orange,33,21.45
2024-12-14,Paprika,50,50.0
2025-01-09,Paprika,49,49.0
2024-12-16,Karotte,4,1.6
2025-01-04,Karotte,36,14.4
2025-01-08,Tomate,16,11.2
2025-01-03,Paprika,44,44.0
2025-01-07,Zitrone,47,28.2
2025-01-04,Karotte,10,4.0
2024-12-18,Apfel,11,5.5
2024-12-18,Banane,42,12.6
2024-12-27,Tomate,4,2.8
2024-12-16,Karotte,38,15.2
2024-12-29,Orange,20,13.0
2024-12-25,Banane,35,10.5
2025-01-05,Zitrone,21,12.6
2024-12-17,Orange,47,30.55
2025-01-05,Paprika,32,32.0
2024-12-22,Banane,29,8.7
2024-12-23,Orange,34,22.1
2024-12-23,Apfel,15,7.5
2025-01-09,Apfel,42,21.0
2024-12-29,Gurke,13,10.4
2025-01-10,Zitrone,5,3.0
2024-12-19,Apfel,47,23.5
2024-12-21,Tomate,32,22.4
2024-12-22,Banane,32,9.6
2025-01-09,Paprika,46,46.0
2025-01-03,Banane,14,4.2
2024-12-15,Apfel,19,9.5
2024-12-28,Karotte,34,13.6
2024-12-29,Orange,6,3.9
2025-01-08,Banane,33,9.9
2025-01-07,Karotte,20,8.0
2024-12-25,Apfel,7,3.5
2024-12-17,Gurke,2,1.6
2024-12-21,Karotte,25,10.0
2024-12-25,Paprika,6,6.0
2024-12-14,Paprika,45,45.0
2024-12-20,Paprika,28,28.0
2025-01-10,Tomate,6,4.2
2024-12-19,Gurke,26,20.8
2025-01-12,Zitrone,17,10.2
2024-12-27,Gurke,48,38.4
2024-12-27,Tomate,37,25.9
2025-01-04,Zitrone,4,2.4
2025-01-05,Apfel,11,5.5
2024-12-23,Paprika,50,50.0
2024-12-15,Paprika,43,43.0
2024-12-15,Banane,45,13.5
2024-12-23,Zitrone,9,5.4
2024-12-24,Karotte,21,8.4
2025-01-09,Orange,42,27.3
2024-12-21,Orange,5,3.25
2025-01-02,Paprika,11,11.0
2024-12-27,Banane,24,7.2
2025-01-12,Zitrone,40,24.0
2024-12-29,Karotte,31,12.4
2024-12-31,Gurke,19,15.2
2024-12-29,Apfel,41,20.5
2024-12-23,Apfel,43,21.5
2024-12-26,Karotte,27,10.8
2024-12-21,Orange,36,23.4
2024-12-15,Paprika,31,31.0
2024-12-19,Karotte,20,8.0
2025-01-07,Tomate,4,2.8
2025-01-11,Zitrone,38,22.8
2024-12-23,Tomate,20,14.0
2024-12-30,Paprika,2,2.0
2025-01-07,Gurke,49,39.2
2024-12-16,Gurke,27,21.6
2024-12-14,Zitrone,12,7.2
2024-12-14,Zitrone,36,21.6
2024-12-23,Gurke,22,17.6
2024-12-16,Zitrone,19,11.4
2025-01-01,Gurke,6,4.8
2024-12-20,Orange,13,8.45
2024-12-17,Karotte,48,19.2
2024-12-23,Banane,20,6.0
2024-12-14,Zitrone,34,20.4
2025-01-06,Tomate,8,5.6
2025-01-01,Banane,36,10.8
2024-12-23,Zitrone,37,22.2
2024-12-27,Apfel,49,24.5
2025-01-02,Paprika,23,23.0
2024-12-21,Banane,38,11.4
2024-12-23,Orange,38,24.7
2025-01-08,Tomate,32,22.4
2024-12-23,Apfel,28,14.0
2024-12-26,Orange,43,27.95
2024-12-14,Gurke,32,25.6
2025-01-06,Tomate,20,14.0
2025-01-01,Zitrone,26,15.6
2025-01-12,Zitrone,50,30.0
2024-12-23,Karotte,45,18.0
2024-12-31,Tomate,40,28.0
2024-12-17,Gurke,46,36.8
2025-01-06,Tomate,18,12.6
2025-01-01,Zitrone,33,19.8
2024-12-31,Paprika,9,9.0
2025-01-01,Orange,19,12.35
2025-01-04,Gurke,6,4.8
2024-12-14,Paprika,23,23.0
2025-01-03,Orange,28,18.2
2025-01-02,Tomate,23,16.1
2025-01-12,Apfel,1,0.5
2024-12-21,Apfel,26,13.0
2025-01-09,Apfel,33,16.5
2024-12-27,Tomate,23,16.1
2025-01-02,Paprika,20,20.0
2024-12-31,Banane,13,3.9
2024-12-18,Banane,6,1.8
2024-12-25,Karotte,39,15.6
2025-01-11,Apfel,2,1.0
2025-01-09,Banane,43,12.9
2024-12-16,Apfel,29,14.5
2025-01-12,Banane,5,1.5
2025-01-08,Zitrone,10,6.0
2024-12-16,Zitrone,38,22.8
2024-12-30,Tomate,30,21.0
2024-12-28,Zitrone,33,19.8
2024-12-18,Banane,12,3.6
2025-01-08,Gurke,40,32.0
2025-01-03,Gurke,5,4.0
2024-12-19,Tomate,14,9.8
2025-01-04,Apfel,47,23.5
2024-12-27,Paprika,37,37.0
2024-12-24,Zitrone,19,11.4
2025-01-09,Paprika,28,28.0
2024-12-25,Paprika,42,42.0
2025-01-01,Zitrone,46,27.6
2024-12-29,Orange,22,14.3
2024-12-20,Tomate,21,14.7
2024-12-14,Paprika,18,18.0
2024-12-25,Orange,6,3.9
2024-12-31,Tomate,16,11.2
2024-12-23,Zitrone,19,11.4
2024-12-22,Karotte,14,5.6
2024-12-31,Karotte,5,2.0
2025-01-03,Gurke,1,0.8
2025-01-09,Gurke,11,8.8
2025-01-08,Orange,47,30.55
2024-12-14,Banane,4,1.2
2024-12-16,Banane,31,9.3
2024-12-14,Banane,16,4.8
2024-12-16,Orange,47,30.55
2025-01-01,Paprika,14,14.0
2025-01-03,Paprika,22,22.0
2024-12-27,Tomate,35,24.5
2025-01-03,Paprika,12,12.0
2024-12-30,Orange,32,20.8
2024-12-23,Paprika,17,17.0
2025-01-05,Karotte,44,17.6
2024-12-24,Apfel,14,7.0
2025-01-04,Gurke,49,39.2
2024-12-24,Gurke,40,32.0
2025-01-02,Banane,18,5.4
2024-12-29,Tomate,11,7.7
2024-12-29,Orange,1,0.65
2025-01-12,Paprika,33,33.0
2024-12-21,Gurke,30,24.0
2025-01-09,Orange,46,29.9
2024-12-19,Banane,31,9.3
2024-12-24,Apfel,37,18.5
2024-12-14,Zitrone,45,27.0
2024-12-31,Banane,44,13.2
2024-12-17,Karotte,37,14.8
2024-12-18,Banane,1,0.3
2024-12-20,Orange,41,26.65
2024-12-21,Karotte,19,7.6
2025-01-03,Karotte,43,17.2
2024-12-29,Banane,2,0.6
2024-12-29,Orange,8,5.2
2024-12-14,Paprika,35,35.0
2024-12-23,Paprika,1,1.0
2024-12-30,Orange,34,22.1
2024-12-31,Zitrone,16,9.6
2025-01-01,Karotte,1,0.4
2025-01-03,Banane,4,1.2
2024-12-26,Tomate,7,4.9
2024-12-24,Gurke,37,29.6
2025-01-07,Orange,15,9.75
2024-12-23,Gurke,21,16.8
2024-12-21,Banane,5,1.5
2024-12-21,Tomate,4,2.8
2024-12-21,Gurke,12,9.6
2024-12-26,Apfel,33,16.5
2024-12-16,Zitrone,8,4.8
2024-12-17,Paprika,50,50.0
2024-12-26,Zitrone,35,21.0
2025-01-06,Apfel,17,8.5
2024-12-30,Orange,7,4.55
2025-01-11,Karotte,33,13.2
2025-01-04,Tomate,2,1.4
2024-12-25,Tomate,47,32.9
2024-12-24,Orange,9,5.85
2024-12-31,Tomate,16,11.2
2025-01-01,Banane,44,13.2
2025-01-10,Banane,13,3.9
2024-12-24,Banane,47,14.1
2024-12-17,Paprika,36,36.0
2025-01-04,Tomate,6,4.2
2024-12-22,Karotte,16,6.4
2024-12-27,Zitrone,49,29.4
2025-01-11,Orange,47,30.55
2025-01-02,Karotte,24,9.6
2024-12-18,Banane,38,11.4
2024-12-18,Gurke,4,3.2
2024-12-18,Paprika,46,46.0
2025-01-09,Tomate,40,28.0
2024-12-14,Paprika,2,2.0
2024-12-26,Karotte,42,16.8
2025-01-11,Zitrone,39,23.4
2025-01-04,Paprika,33,33.0
2025-01-11,Paprika,11,11.0
2025-01-10,Tomate,11,7.7
2024-12-24,Tomate,9,6.3
2025-01-09,Zitrone,17,10.2
2024-12-22,Paprika,19,19.0
2024-12-17,Orange,15,9.75
2024-12-24,Banane,35,10.5
2025-01-07,Paprika,29,29.0
2025-01-05,Banane,6,1.8
2025-01-06,Zitrone,10,6.0
2024-12-31,Zitrone,30,18.0
2025-01-09,Paprika,14,14.0
2024-12-15,Apfel,14,7.0
2025-01-04,Zitrone,6,3.6
2024-12-20,Orange,24,15.6
2025-01-05,Apfel,36,18.0
2024-12-22,Apfel,33,16.5
2025-01-12,Karotte,3,1.2
2024-12-28,Zitrone,13,7.8
2025-01-11,Banane,28,8.4
2024-12-14,Banane,41,12.3
2025-01-10,Banane,35,10.5
2025-01-10,Karotte,13,5.2
2024-12-28,Gurke,28,22.4
2025-01-04,Orange,34,22.1
2024-12-17,Apfel,33,16.5
2025-01-03,Orange,38,24.7
2024-12-17,Gurke,39,31.2
2024-12-28,Tomate,8,5.6
2025-01-04,Gurke,49,39.2
2024-12-27,Karotte,46,18.4
2024-12-15,Apfel,3,1.5
2025-01-02,Karotte,4,1.6
2024-12-25,Orange,43,27.95
2024-12-23,Zitrone,32,19.2
2025-01-04,Banane,48,14.4
2024-12-19,Tomate,41,28.7
2024-12-15,Paprika,6,6.0
2024-12-26,Zitrone,46,27.6
2025-01-02,Apfel,11,5.5
2025-01-09,Zitrone,33,19.8
2025-01-06,Banane,45,13.5
2025-01-06,Paprika,25,25.0
2024-12-22,Zitrone,1,0.6
2024-12-30,Zitrone,10,6.0
2025-01-04,Gurke,10,8.0
2024-12-17,Karotte,3,1.2
2025-01-01,Zitrone,4,2.4
2024-12-24,Gurke,37,29.6
2025-01-07,Zitrone,46,27.6
2025-01-05,Karotte,35,14.0
2025-01-02,Banane,34,10.2
2025-01-11,Gurke,25,20.0
2024-12-21,Zitrone,38,22.8
2024-12-26,Banane,42,12.6
2024-12-21,Banane,48,14.4
2025-01-07,Zitrone,37,22.2
2024-12-21,Paprika,11,11.0
2024-12-17,Gurke,34,27.2
2025-01-09,Apfel,21,10.5
2024-12-16,Tomate,4,2.8
2024-12-20,Banane,8,2.4
2024-12-27,Tomate,4,2.8
2024-12-16,Karotte,43,17.2
2025-01-04,Apfel,22,11.0
2025-01-03,Apfel,34,17.0
2024-12-16,Orange,34,22.1
2024-12-26,Orange,11,7.15
2025-01-01,Paprika,24,24.0
2024-12-15,Banane,39,11.7
2024-12-15,Banane,16,4.8
2024-12-19,Paprika,38,38.0
2025-01-04,Karotte,42,16.8
2025-01-10,Karotte,8,3.2
2024-12-29,Tomate,35,24.5
2025-01-04,Gurke,18,14.4
2025-01-03,Gurke,32,25.6
2025-01-07,Apfel,12,6.0
2024-12-17,Gurke,48,38.4
2024-12-30,Karotte,26,10.4
2024-12-31,Orange,10,6.5
2024-12-23,Paprika,49,49.0
2024-12-19,Banane,22,6.6
2024-12-29,Banane,47,14.1
2024-12-19,Banane,19,5.7
2024-12-18,Tomate,46,32.2
2024-12-21,Orange,45,29.25
2024-12-20,Paprika,28,28.0
2025-01-11,Banane,12,3.6
2025-01-11,Paprika,2,2.0
2024-12-22,Gurke,11,8.8
2025-01-12,Gurke,34,27.2
2024-12-22,Apfel,11,5.5
2025-01-03,Orange,32,20.8
2024-12-19,Orange,18,11.7
2025-01-08,Karotte,50,20.0
2024-12-18,Gurke,34,27.2
2025-01-05,Orange,24,15.6
2024-12-15,Tomate,50,35.0
2024-12-16,Banane,13,3.9
2024-12-30,Paprika,24,24.0
2024-12-23,Karotte,6,2.4
2025-01-07,Karotte,19,7.6
2025-01-02,Apfel,12,6.0
2024-12-22,Orange,31,20.15
2024-12-31,Zitrone,5,3.0
2024-12-31,Banane,50,15.0
2025-01-09,Karotte,24,9.6
2025-01-09,Tomate,39,27.3
2025-01-06,Gurke,32,25.6
2024-12-21,Apfel,2,1.0
2024-12-21,Tomate,46,32.2
2024-12-16,Karotte,19,7.6
2024-12-28,Gurke,17,13.6
2025-01-01,Paprika,39,39.0
2024-12-27,Zitrone,28,16.8
2025-01-04,Gurke,33,26.4
2024-12-24,Gurke,47,37.6
2024-12-25,Orange,27,17.55
2025-01-11,Paprika,9,9.0
2024-12-19,Paprika,2,2.0
2025-01-12,Banane,8,2.4
2025-01-09,Karotte,31,12.4
2024-12-31,Tomate,17,11.9
2025-01-08,Paprika,9,9.0
2024-12-30,Gurke,12,9.6
2025-01-08,Paprika,2,2.0
2025-01-09,Banane,1,0.3
2024-12-18,Paprika,22,22.0
2025-01-04,Banane,37,11.1
2024-12-15,Orange,38,24.7
2025-01-12,Orange,34,22.1
2024-12-19,Karotte,49,19.6
2024-12-30,Tomate,28,19.6
2024-12-14,Gurke,32,25.6
2025-01-08,Gurke,16,12.8
2025-01-05,Paprika,4,4.0
2025-01-07,Banane,30,9.0
2025-01-09,Tomate,46,32.2
2024-12-26,Apfel,19,9.5
2024-12-20,Karotte,15,6.0
2025-01-05,Gurke,16,12.8
2024-12-31,Tomate,36,25.2
2024-12-27,Tomate,39,27.3
2025-01-06,Paprika,21,21.0
2025-01-12,Gurke,30,24.0
2025-01-01,Apfel,40,20.0
2024-12-25,Banane,13,3.9
2024-12-27,Paprika,17,17.0
2024-12-17,Karotte,38,15.2
2025-01-02,Banane,18,5.4
2025-01-10,Orange,14,9.1
2025-01-05,Karotte,38,15.2
2025-01-12,Banane,12,3.6
2025-01-02,Karotte,44,17.6
2025-01-03,Banane,23,6.9
2024-12-30,Zitrone,30,18.0
2024-12-30,Karotte,32,12.8
2025-01-11,Gurke,42,33.6
2024-12-30,Banane,40,12.0
2024-12-26,Paprika,22,22.0
2025-01-04,Gurke,10,8.0
2024-12-25,Apfel,10,5.0
2025-01-04,Banane,30,9.0
2025-01-03,Karotte,41,16.4
2025-01-12,Orange,11,7.15
2025-01-12,Karotte,3,1.2
2024-12-20,Banane,34,10.2
2024-12-29,Orange,4,2.6
2024-12-25,Orange,11,7.15
2025-01-01,Tomate,15,10.5
2025-01-04,Apfel,39,19.5
2024-12-19,Orange,8,5.2
2025-01-12,Orange,44,28.6
2024-12-27,Karotte,5,2.0
2024-12-14,Zitrone,23,13.8
2025-01-01,Apfel,21,10.5
2025-01-05,Paprika,18,18.0
2024-12-23,Banane,11,3.3
2025-01-07,Gurke,32,25.6
2024-12-18,Gurke,46,36.8
2024-12-24,Banane,5,1.5
2025-01-09,Orange,32,20.8
2024-12-25,Zitrone,13,7.8
2025-01-10,Zitrone,10,6.0
2024-12-22,Apfel,6,3.0
2025-01-08,Banane,35,10.5
2024-12-16,Tomate,13,9.1
2024-12-21,Gurke,32,25.6
2025-01-10,Zitrone,31,18.6
2025-01-10,Banane,12,3.6
2025-01-08,Zitrone,46,27.6
2024-12-27,Banane,38,11.4
2025-01-06,Apfel,50,25.0
2024-12-17,Apfel,32,16.0
2025-01-03,Apfel,23,11.5
2024-12-14,Apfel,33,16.5
2025-01-01,Gurke,21,16.8
2024-12-14,Gurke,18,14.4
2025-01-11,Paprika,29,29.0
2025-01-09,Paprika,18,18.0
2025-01-06,Paprika,2,2.0
2024-12-21,Paprika,37,37.0
2025-01-03,Banane,1,0.3
2025-01-11,Banane,41,12.3
2024-12-17,Apfel,16,8.0
2024-12-14,Karotte,2,0.8
2025-01-02,Paprika,20,20.0
2024-12-19,Tomate,41,28.7
2025-01-07,Zitrone,2,1.2
2024-12-22,Banane,3,0.9
2025-01-09,Banane,49,14.7
2025-01-03,Zitrone,35,21.0
2025-01-08,Zitrone,4,2.4
2025-01-09,Apfel,32,16.0
2025-01-11,Gurke,27,21.6
2024-12-22,Banane,48,14.4
2025-01-04,Banane,19,5.7
2024-12-31,Gurke,8,6.4
2024-12-17,Banane,8,2.4
2024-12-14,Tomate,12,8.4
2024-12-29,Zitrone,42,25.2
2025-01-03,Orange,6,3.9
2024-12-23,Karotte,11,4.4
2025-01-04,Orange,50,32.5
2025-01-12,Tomate,39,27.3
2024-12-19,Orange,11,7.15
2025-01-04,Karotte,13,5.2
2025-01-11,Banane,4,1.2
2025-01-09,Orange,31,20.15
2024-12-30,Orange,20,13.0
2024-12-27,Zitrone,12,7.2
2024-12-21,Orange,28,18.2
2024-12-17,Tomate,9,6.3
2025-01-07,Paprika,11,11.0
2024-12-18,Tomate,13,9.1
2024-12-21,Apfel,2,1.0
2025-01-09,Banane,33,9.9
2024-12-28,Gurke,13,10.4
2024-12-26,Paprika,16,16.0
2025-01-08,Apfel,11,5.5
2024-12-25,Apfel,27,13.5
2024-12-23,Banane,35,10.5
2024-12-21,Apfel,40,20.0
2025-01-11,Zitrone,40,24.0
2024-12-29,Tomate,19,13.3
2025-01-08,Zitrone,49,29.4
2024-12-16,Banane,41,12.3
2024-12-21,Banane,45,13.5
2024-12-22,Banane,33,9.9
2024-12-17,Tomate,31,21.7
2025-01-10,Gurke,5,4.0
2024-12-20,Orange,9,5.85
2025-01-01,Orange,15,9.75
2024-12-27,Banane,14,4.2
2024-12-28,Zitrone,7,4.2
2024-12-31,Apfel,46,23.0
2024-12-31,Orange,39,25.35
2024-12-20,Orange,35,22.75
2024-12-30,Apfel,40,20.0
2024-12-22,Orange,18,11.7
2025-01-05,Gurke,21,16.8
2025-01-04,Paprika,30,30.0
2024-12-14,Banane,25,7.5
2024-12-20,Tomate,9,6.3
2024-12-28,Apfel,15,7.5
2024-12-16,Orange,22,14.3
2024-12-31,Orange,26,16.9
2025-01-05,Paprika,9,9.0
2025-01-05,Banane,3,0.9
2025-01-09,Tomate,40,28.0
2024-12-26,Gurke,8,6.4
2024-12-20,Zitrone,24,14.4
2025-01-09,Paprika,43,43.0
2025-01-07,Apfel,50,25.0
2025-01-03,Gurke,7,5.6
2024-12-16,Tomate,11,7.7
2024-12-23,Tomate,14,9.8
2024-12-28,Banane,13,3.9
2024-12-14,Gurke,18,14.4
2025-01-04,Paprika,37,37.0
2024-12-26,Karotte,46,18.4
2024-12-18,Orange,48,31.2
2024-12-23,Banane,35,10.5
2024-12-26,Tomate,3,2.1
2025-01-05,Banane,48,14.4
2024-12-17,Banane,35,10.5
2025-01-06,Paprika,27,27.0
2025-01-11,Karotte,42,16.8
2024-12-22,Gurke,47,37.6
2024-12-25,Karotte,13,5.2
2025-01-01,Orange,22,14.3
2024-12-26,Zitrone,14,8.4
2024-12-19,Paprika,24,24.0
2024-12-22,Apfel,38,19.0
2024-12-14,Tomate,11,7.7
2024-12-21,Karotte,4,1.6
2025-01-10,Paprika,14,14.0
2024-12-19,Zitrone,31,18.6
2025-01-06,Banane,16,4.8
2025-01-10,Apfel,4,2.0
2024-12-14,Orange,41,26.65
2025-01-03,Apfel,31,15.5
2024-12-14,Paprika,10,10.0
2025-01-12,Banane,11,3.3
2024-12-23,Zitrone,29,17.4
2024-12-16,Apfel,18,9.0
2025-01-06,Karotte,8,3.2
2024-12-27,Paprika,39,39.0
2025-01-08,Banane,35,10.5
2024-12-28,Paprika,27,27.0
2024-12-29,Gurke,25,20.0
2025-01-07,Karotte,19,7.6
2024-12-24,Apfel,15,7.5
2024-12-21,Gurke,30,24.0
2025-01-09,Orange,25,16.25
2024-12-23,Gurke,30,24.0
2024-12-23,Paprika,16,16.0
2025-01-12,Banane,46,13.8
2025-01-06,Gurke,2,1.6
2024-12-19,Orange,20,13.0
2024-12-17,Tomate,42,29.4
2025-01-11,Gurke,23,18.4
2025-01-01,Tomate,17,11.9
2024-12-31,Zitrone,17,10.2
2025-01-11,Tomate,12,8.4
2025-01-09,Zitrone,43,25.8
2025-01-12,Zitrone,29,17.4
2025-01-07,Orange,3,1.95
2024-12-28,Zitrone,28,16.8
2024-12-16,Apfel,42,21.0
2024-12-15,Orange,29,18.85
2025-01-04,Zitrone,39,23.4
2024-12-14,Karotte,6,2.4
2025-01-05,Banane,22,6.6
2024-12-20,Karotte,26,10.4
2025-01-08,Orange,10,6.5
2024-12-27,Paprika,29,29.0
2024-12-26,Karotte,39,15.6
2025-01-01,Gurke,15,12.0
2024-12-30,Gurke,24,19.2
2025-01-06,Zitrone,2,1.2
2024-12-17,Karotte,12,4.8
2025-01-12,Banane,47,14.1
2025-01-05,Orange,14,9.1
2024-12-29,Banane,30,9.0
2024-12-25,Tomate,2,1.4
2024-12-28,Paprika,41,41.0
2024-12-24,Orange,40,26.0
2025-01-02,Paprika,42,42.0
2024-12-21,Orange,48,31.2
2024-12-22,Gurke,10,8.0
2025-01-06,Tomate,21,14.7
2024-12-25,Paprika,47,47.0
2025-01-10,Apfel,46,23.0
2024-12-23,Paprika,29,29.0
2024-12-21,Tomate,45,31.5
2024-12-29,Karotte,34,13.6
2024-12-29,Banane,2,0.6
2024-12-28,Karotte,11,4.4
2024-12-16,Orange,12,7.8
2024-12-30,Zitrone,50,30.0
2024-12-28,Orange,19,12.35
2025-01-02,Apfel,30,15.0
2024-12-15,Apfel,29,14.5
2025-01-03,Karotte,13,5.2
2025-01-07,Tomate,25,17.5
2024-12-28,Tomate,37,25.9
2025-01-11,Paprika,21,21.0
2025-01-12,Tomate,8,5.6
2025-01-03,Zitrone,12,7.2
2025-01-12,Banane,13,3.9
2025-01-05,Orange,2,1.3
2025-01-03,Orange,32,20.8
2024-12-18,Apfel,34,17.0
2025-01-04,Tomate,43,30.1
2024-12-30,Banane,9,2.7
2024-12-28,Karotte,44,17.6
2024-12-26,Orange,11,7.15
2024-12-16,Zitrone,25,15.0
2025-01-06,Gurke,50,40.0
2024-12-14,Tomate,2,1.4
2024-12-21,Banane,21,6.3
2024-12-18,Gurke,42,33.6
2024-12-18,Orange,33,21.45
2024-12-16,Apfel,4,2.0
2025-01-01,Orange,45,29.25
2025-01-01,Tomate,38,26.6
2024-12-16,Orange,7,4.55
2024-12-31,Orange,30,19.5
2024-12-20,Banane,22,6.6
2025-01-03,Tomate,35,24.5
2025-01-09,Paprika,32,32.0
2024-12-19,Banane,11,3.3
2025-01-09,Apfel,37,18.5
2024-12-21,Paprika,26,26.0
2024-12-31,Tomate,7,4.9
2024-12-17,Orange,45,29.25
2024-12-14,Tomate,16,11.2
2024-12-29,Paprika,50,50.0
2024-12-30,Zitrone,31,18.6
2024-12-22,Gurke,20,16.0
2024-12-28,Zitrone,8,4.8
2024-12-26,Tomate,10,7.0
2024-12-28,Zitrone,19,11.4
2025-01-01,Orange,14,9.1
2024-12-30,Paprika,42,42.0
2024-12-27,Tomate,26,18.2
2024-12-27,Banane,34,10.2
2025-01-04,Gurke,10,8.0
2024-12-30,Karotte,5,2.0
2024-12-15,Gurke,35,28.0
2025-01-06,Gurke,37,29.6
2024-12-23,Orange,42,27.3
2024-12-14,Banane,35,10.5
2024-12-31,Banane,43,12.9
2024-12-16,Tomate,21,14.7
2025-01-02,Karotte,3,1.2
2024-12-19,Tomate,30,21.0
2024-12-21,Karotte,31,12.4
2024-12-24,Paprika,40,40.0
2024-12-21,Gurke,3,2.4
2025-01-01,Apfel,44,22.0
2025-01-12,Banane,48,14.4
2024-12-14,Karotte,28,11.2
2024-12-22,Tomate,50,35.0
2025-01-10,Zitrone,38,22.8
2024-12-14,Banane,17,5.1
2024-12-17,Zitrone,2,1.2
2025-01-11,Paprika,36,36.0
2025-01-11,Zitrone,11,6.6
2024-12-14,Banane,27,8.1
2024-12-26,Banane,17,5.1
2024-12-19,Apfel,16,8.0
2024-12-15,Orange,34,22.1
2025-01-06,Karotte,5,2.0
2024-12-22,Tomate,14,9.8
2024-12-28,Tomate,16,11.2
2025-01-09,Orange,21,13.65
2025-01-08,Paprika,50,50.0
2024-12-18,Banane,33,9.9
2024-12-30,Gurke,8,6.4
2024-12-23,Banane,26,7.8
2025-01-10,Apfel,40,20.0
2025-01-06,Apfel,7,3.5
2024-12-15,Gurke,41,32.8
2025-01-12,Orange,14,9.1
2024-12-26,Orange,9,5.85
2025-01-01,Paprika,17,17.0
2025-01-01,Orange,2,1.3
2024-12-31,Karotte,11,4.4
2024-12-14,Tomate,8,5.6
2024-12-23,Gurke,26,20.8
2025-01-09,Gurke,42,33.6
2025-01-04,Gurke,3,2.4
2024-12-28,Banane,41,12.3
2025-01-02,Apfel,41,20.5
2024-12-14,Apfel,15,7.5
2024-12-18,Tomate,31,21.7
2025-01-11,Gurke,28,22.4
2025-01-04,Orange,3,1.95
2025-01-12,Banane,13,3.9
2024-12-25,Gurke,43,34.4
2024-12-21,Tomate,13,9.1
2024-12-27,Orange,15,9.75
2024-12-15,Zitrone,14,8.4
2024-12-29,Banane,44,13.2
2024-12-18,Tomate,35,24.5
2024-12-23,Gurke,37,29.6
2024-12-27,Gurke,47,37.6
2025-01-04,Banane,41,12.3
2025-01-12,Paprika,9,9.0
2024-12-27,Gurke,21,16.8
2024-12-26,Apfel,23,11.5
2025-01-03,Karotte,24,9.6
2024-12-15,Zitrone,44,26.4
2024-12-24,Tomate,7,4.9
2024-12-24,Tomate,10,7.0
2024-12-27,Apfel,4,2.0
2024-12-20,Karotte,42,16.8
2024-12-15,Paprika,43,43.0
2025-01-07,Paprika,36,36.0
2025-01-05,Zitrone,8,4.8
2024-12-27,Paprika,2,2.0
2025-01-10,Tomate,10,7.0
2025-01-06,Tomate,8,5.6
2024-12-14,Zitrone,6,3.6
2024-12-27,Zitrone,11,6.6
2025-01-05,Orange,48,31.2
2024-12-19,Karotte,39,15.6
2025-01-02,Tomate,2,1.4
2024-12-30,Gurke,44,35.2
2024-12-23,Karotte,2,0.8
2025-01-12,Orange,37,24.05
2025-01-11,Orange,35,22.75
2024-12-14,Tomate,16,11.2
2024-12-14,Karotte,48,19.2
2025-01-08,Tomate,10,7.0
2024-12-25,Apfel,47,23.5
2025-01-01,Karotte,34,13.6
2024-12-31,Apfel,39,19.5
2025-01-12,Karotte,14,5.6
2024-12-27,Zitrone,2,1.2
2025-01-07,Paprika,32,32.0
2025-01-03,Tomate,29,20.3
2025-01-10,Paprika,10,10.0
2024-12-17,Karotte,27,10.8
2024-12-28,Karotte,42,16.8
2025-01-09,Zitrone,16,9.6
2025-01-10,Paprika,23,23.0
2025-01-01,Apfel,36,18.0
2025-01-06,Zitrone,6,3.6
2024-12-16,Zitrone,36,21.6
2024-12-17,Zitrone,16,9.6
2024-12-30,Banane,14,4.2
2024-12-19,Karotte,34,13.6
2024-12-19,Tomate,20,14.0
2024-12-29,Apfel,37,18.5
2025-01-06,Banane,50,15.0
2024-12-27,Banane,44,13.2
2025-01-09,Gurke,13,10.4
2024-12-22,Zitrone,21,12.6
2024-12-29,Orange,39,25.35
2024-12-14,Zitrone,46,27.6
2025-01-06,Zitrone,10,6.0
2024-12-22,Karotte,39,15.6
2024-12-23,Orange,35,22.75
2025-01-05,Paprika,15,15.0
2024-12-18,Apfel,29,14.5
2024-12-15,Paprika,28,28.0
2024-12-17,Karotte,44,17.6
2025-01-08,Orange,38,24.7
2024-12-18,Paprika,47,47.0
2025-01-05,Tomate,12,8.4
2025-01-10,Karotte,23,9.2
2024-12-21,Zitrone,39,23.4
2024-12-24,Banane,41,12.3
2024-12-29,Paprika,29,29.0
2025-01-08,Tomate,12,8.4
2024-12-14,Banane,22,6.6
2025-01-05,Tomate,24,16.8
2024-12-29,Gurke,23,18.4
2025-01-08,Paprika,14,14.0
2025-01-08,Gurke,18,14.4
2024-12-19,Gurke,37,29.6
2024-12-24,Orange,40,26.0
2024-12-27,Banane,48,14.4
2025-01-04,Tomate,32,22.4
2025-01-07,Apfel,33,16.5
2024-12-24,Orange,8,5.2
2025-01-01,Apfel,33,16.5
2024-12-23,Paprika,16,16.0
2024-12-23,Zitrone,37,22.2
2024-12-22,Karotte,14,5.6
2024-12-21,Orange,23,14.95
2025-01-10,Karotte,45,18.0
2024-12-22,Apfel,48,24.0
2024-12-19,Tomate,50,35.0
2024-12-19,Karotte,49,19.6
2024-12-15,Zitrone,45,27.0
2025-01-11,Gurke,16,12.8
2024-12-22,Apfel,40,20.0
2025-01-03,Gurke,13,10.4
2024-12-18,Orange,11,7.15
2025-01-07,Apfel,35,17.5
2024-12-22,Karotte,34,13.6
2024-12-26,Gurke,26,20.8
2024-12-26,Orange,41,26.65
2025-01-10,Tomate,34,23.8
2025-01-03,Orange,11,7.15
2025-01-11,Zitrone,7,4.2
2024-12-29,Banane,4,1.2
2024-12-24,Gurke,38,30.4
2024-12-26,Gurke,35,28.0
2024-12-19,Orange,37,24.05
2025-01-11,Banane,30,9.0
2024-12-30,Zitrone,14,8.4
2024-12-23,Apfel,1,0.5
2024-12-18,Gurke,46,36.8
2025-01-10,Apfel,40,20.0
2024-12-31,Paprika,2,2.0
2024-12-29,Orange,16,10.4
2025-01-11,Paprika,24,24.0
2024-12-22,Orange,15,9.75
2025-01-09,Zitrone,20,12.0
2024-12-15,Karotte,39,15.6
2024-12-28,Orange,19,12.35
2024-12-22,Banane,26,7.8
2024-12-17,Banane,20,6.0
2025-01-01,Apfel,43,21.5
2024-12-20,Banane,24,7.2
2025-01-01,Karotte,26,10.4
2024-12-20,Gurke,24,19.2
2025-01-12,Gurke,31,24.8
2025-01-12,Orange,38,24.7
2025-01-04,Banane,15,4.5
2024-12-28,Banane,26,7.8
2024-12-19,Paprika,31,31.0
2024-12-31,Tomate,8,5.6
2024-12-21,Karotte,24,9.6
2025-01-03,Apfel,38,19.0
2025-01-07,Zitrone,29,17.4
2025-01-02,Banane,36,10.8
2025-01-06,Gurke,42,33.6
2025-01-01,Banane,27,8.1
2024-12-27,Zitrone,39,23.4
2025-01-08,Tomate,22,15.4
2024-12-27,Paprika,28,28.0
2024-12-17,Zitrone,15,9.0
2024-12-24,Apfel,33,16.5
2025-01-01,Apfel,35,17.5
2024-12-26,Paprika,42,42.0
2025-01-01,Orange,29,18.85
2024-12-15,Banane,22,6.6
2025-01-04,Banane,36,10.8
2024-12-20,Zitrone,11,6.6
2024-12-17,Gurke,37,29.6
2024-12-26,Karotte,49,19.6
2024-12-24,Orange,6,3.9
2024-12-27,Apfel,21,10.5
2024-12-21,Apfel,3,1.5
2025-01-01,Karotte,23,9.2
2025-01-04,Banane,45,13.5
2025-01-03,Orange,13,8.45
2024-12-15,Paprika,48,48.0
2024-12-27,Orange,24,15.6
2024-12-21,Karotte,19,7.6
2025-01-06,Paprika,36,36.0
2025-01-10,Karotte,36,14.4
2024-12-28,Paprika,7,7.0
2024-12-22,Zitrone,34,20.4
2025-01-07,Orange,18,11.7
2024-12-22,Karotte,14,5.6
2024-12-24,Tomate,7,4.9
2025-01-01,Orange,41,26.65
2024-12-31,Apfel,28,14.0
2025-01-06,Apfel,28,14.0
2024-12-14,Tomate,19,13.3
2024-12-14,Paprika,12,12.0
2024-12-31,Orange,44,28.6
2024-12-18,Zitrone,6,3.6
2025-01-08,Gurke,5,4.0
2025-01-03,Apfel,20,10.0
2024-12-19,Paprika,47,47.0
2024-12-16,Banane,14,4.2
2025-01-09,Orange,37,24.05
2025-01-03,Tomate,36,25.2
2025-01-09,Orange,20,13.0
2024-12-31,Gurke,31,24.8
2024-12-17,Gurke,40,32.0
2025-01-01,Paprika,17,17.0
2024-12-30,Banane,46,13.8
2025-01-06,Karotte,50,20.0
2025-01-08,Gurke,21,16.8
2025-01-03,Zitrone,25,15.0
2025-01-08,Tomate,43,30.1
2025-01-08,Zitrone,41,24.6
2025-01-08,Banane,28,8.4
2024-12-31,Banane,40,12.0
2025-01-07,Tomate,15,10.5
2024-12-29,Apfel,47,23.5
2024-12-18,Tomate,45,31.5
2024-12-29,Zitrone,35,21.0
2024-12-15,Zitrone,8,4.8
2024-12-31,Banane,10,3.0
2025-01-05,Zitrone,16,9.6
2024-12-27,Apfel,44,22.0
2024-12-22,Zitrone,43,25.8
2024-12-29,Banane,22,6.6
2024-12-27,Paprika,16,16.0
2025-01-12,Gurke,34,27.2
2025-01-08,Karotte,28,11.2
2025-01-11,Banane,45,13.5
2025-01-02,Tomate,28,19.6
2025-01-09,Tomate,6,4.2
2025-01-01,Zitrone,15,9.0
2025-01-11,Karotte,22,8.8
2024-12-23,Orange,46,29.9
2024-12-15,Banane,26,7.8
2024-12-14,Zitrone,42,25.2
2025-01-12,Zitrone,48,28.8
2024-12-28,Zitrone,34,20.4
2024-12-14,Orange,42,27.3
2024-12-25,Zitrone,5,3.0
2024-12-24,Apfel,7,3.5
2025-01-04,Tomate,11,7.7
2024-12-17,Paprika,3,3.0
2024-12-22,Zitrone,1,0.6
2024-12-26,Zitrone,30,18.0
2025-01-11,Apfel,45,22.5
2024-12-24,Apfel,1,0.5
2024-12-31,Paprika,34,34.0
2025-01-11,Apfel,37,18.5
2024-12-21,Banane,43,12.9
2024-12-17,Orange,3,1.95
2025-01-06,Orange,46,29.9
2024-12-18,Banane,13,3.9
2024-12-19,Zitrone,9,5.4
2024-12-29,Karotte,46,18.4
2025-01-05,Banane,40,12.0
2024-12-22,Tomate,10,7.0
2024-12-24,Apfel,10,5.0
2024-12-22,Apfel,40,20.0
2024-12-18,Orange,26,16.9
2024-12-29,Karotte,37,14.8
2025-01-04,Zitrone,15,9.0
2024-12-31,Paprika,5,5.0
2024-12-21,Paprika,50,50.0
2025-01-01,Paprika,45,45.0
2025-01-04,Gurke,45,36.0
2024-12-17,Apfel,31,15.5
2025-01-02,Karotte,40,16.0
2025-01-12,Paprika,31,31.0
2025-01-11,Orange,30,19.5
2024-12-29,Tomate,10,7.0
2025-01-02,Banane,12,3.6
2024-12-30,Apfel,3,1.5
2024-12-20,Banane,34,10.2
2025-01-08,Apfel,30,15.0
2025-01-02,Zitrone,9,5.4
2024-12-23,Paprika,1,1.0
2025-01-04,Banane,49,14.7
2024-12-18,Gurke,24,19.2
2024-12-27,Orange,22,14.3
2025-01-08,Banane,49,14.7
2024-12-29,Karotte,28,11.2
2024-12-23,Gurke,38,30.4
2024-12-14,Paprika,14,14.0
2025-01-06,Paprika,7,7.0
2024-12-14,Tomate,36,25.2
2024-12-29,Gurke,41,32.8
2025-01-08,Gurke,16,12.8
2024-12-25,Banane,8,2.4
2025-01-05,Gurke,14,11.2
2024-12-24,Banane,25,7.5
2024-12-21,Apfel,42,21.0
2025-01-04,Banane,25,7.5
2025-01-04,Zitrone,26,15.6
2025-01-01,Gurke,23,18.4
2024-12-23,Zitrone,47,28.2
2024-12-30,Karotte,24,9.6
2024-12-22,Gurke,22,17.6
2024-12-19,Zitrone,17,10.2
2024-12-31,Gurke,39,31.2
2025-01-05,Paprika,10,10.0
2025-01-04,Karotte,32,12.8
2024-12-16,Gurke,46,36.8
2024-12-19,Tomate,47,32.9
2025-01-04,Apfel,30,15.0
2025-01-03,Gurke,1,0.8
2024-12-28,Tomate,29,20.3
2024-12-26,Gurke,35,28.0
2024-12-28,Orange,48,31.2
2024-12-17,Gurke,22,17.6
2025-01-05,Zitrone,50,30.0
2024-12-30,Gurke,1,0.8
2024-12-17,Karotte,20,8.0
2024-12-21,Karotte,23,9.2
2024-12-22,Banane,13,3.9
2024-12-27,Tomate,21,14.7
2025-01-02,Banane,9,2.7
2024-12-25,Banane,10,3.0
2024-12-29,Paprika,9,9.0
2024-12-26,Orange,5,3.25
2025-01-06,Banane,27,8.1
2024-12-26,Banane,39,11.7
2025-01-09,Zitrone,15,9.0
2025-01-07,Banane,23,6.9
2025-01-09,Karotte,1,0.4
2024-12-15,Orange,47,30.55
2025-01-11,Paprika,21,21.0
2024-12-31,Banane,37,11.1
2025-01-07,Zitrone,49,29.4
2024-12-18,Banane,27,8.1
2024-12-23,Apfel,49,24.5
2024-12-27,Gurke,33,26.4
2024-12-24,Paprika,14,14.0
2024-12-27,Karotte,50,20.0
2025-01-04,Karotte,40,16.0
2024-12-14,Paprika,32,32.0
2024-12-21,Zitrone,27,16.2
2025-01-08,Zitrone,33,19.8
2024-12-14,Apfel,40,20.0
2025-01-10,Apfel,1,0.5
2024-12-21,Banane,45,13.5
2025-01-12,Apfel,38,19.0
2024-12-14,Zitrone,46,27.6
2025-01-05,Zitrone,7,4.2
2024-12-31,Gurke,35,28.0
2024-12-24,Karotte,25,10.0
2024-12-22,Banane,3,0.9
2025-01-06,Paprika,23,23.0
2024-12-21,Orange,21,13.65
2025-01-01,Paprika,40,40.0
2025-01-11,Paprika,29,29.0
2024-12-23,Apfel,45,22.5
2024-12-29,Karotte,6,2.4
2024-12-19,Zitrone,11,6.6
2024-12-14,Paprika,24,24.0
2024-12-22,Banane,24,7.2
2025-01-02,Apfel,50,25.0
2025-01-08,Paprika,12,12.0
2024-12-22,Tomate,33,23.1
2025-01-10,Tomate,2,1.4
2025-01-10,Tomate,28,19.6
2024-12-22,Tomate,19,13.3
2024-12-21,Apfel,26,13.0
2024-12-31,Karotte,38,15.2
2025-01-07,Banane,46,13.8
2024-12-27,Apfel,22,11.0
2024-12-29,Gurke,50,40.0
2024-12-19,Zitrone,45,27.0
2025-01-06,Tomate,40,28.0
2024-12-16,Tomate,15,10.5
2024-12-15,Paprika,41,41.0
2024-12-20,Orange,41,26.65
2025-01-12,Banane,32,9.6
2025-01-04,Banane,44,13.2
2025-01-09,Karotte,21,8.4
2025-01-02,Tomate,24,16.8
2025-01-10,Tomate,43,30.1
2024-12-15,Apfel,20,10.0
2024-12-27,Apfel,4,2.0
2024-12-21,Banane,23,6.9
2024-12-30,Orange,33,21.45
2024-12-25,Tomate,41,28.7
2024-12-25,Karotte,3,1.2
2024-12-30,Orange,37,24.05
2024-12-14,Gurke,16,12.8
2024-12-29,Banane,24,7.2
2025-01-01,Apfel,40,20.0
2025-01-02,Orange,20,13.0
2024-12-14,Tomate,43,30.1
2024-12-26,Banane,13,3.9
2024-12-24,Tomate,14,9.8
2024-12-15,Orange,8,5.2
2024-12-17,Zitrone,16,9.6
2024-12-21,Gurke,13,10.4
2025-01-11,Orange,20,13.0
2025-01-12,Tomate,21,14.7
2025-01-01,Zitrone,37,22.2
2025-01-12,Banane,39,11.7
2024-12-21,Apfel,5,2.5
2024-12-30,Gurke,29,23.2
2025-01-09,Gurke,30,24.0
2024-12-21,Apfel,25,12.5
2025-01-06,Apfel,10,5.0
2024-12-23,Zitrone,31,18.6
2025-01-12,Karotte,38,15.2
2025-01-03,Tomate,44,30.8
2025-01-01,Orange,26,16.9
2024-12-28,Banane,41,12.3
2024-12-29,Orange,29,18.85
2024-12-17,Paprika,25,25.0
2024-12-23,Apfel,36,18.0
2024-12-26,Gurke,21,16.8
2024-12-30,Zitrone,15,9.0
2024-12-28,Orange,37,24.05
2025-01-01,Gurke,19,15.2
2025-01-06,Orange,48,31.2
2024-12-17,Zitrone,49,29.4
2024-12-23,Orange,16,10.4
2025-01-06,Gurke,43,34.4
2024-12-22,Banane,48,14.4
2024-12-16,Karotte,46,18.4
2025-01-02,Gurke,50,40.0
2024-12-19,Zitrone,7,4.2
2024-12-19,Gurke,14,11.2
2025-01-11,Tomate,12,8.4
2024-12-16,Gurke,43,34.4
2024-12-22,Karotte,11,4.4
2025-01-02,Karotte,18,7.2
2024-12-19,Orange,25,16.25
2025-01-08,Karotte,38,15.2
2025-01-07,Apfel,7,3.5
2024-12-21,Apfel,29,14.5
2024-12-27,Gurke,8,6.4
2024-12-25,Orange,25,16.25
2025-01-03,Banane,28,8.4
2024-12-19,Apfel,17,8.5
2025-01-11,Karotte,23,9.2
2024-12-14,Tomate,10,7.0
2024-12-15,Karotte,9,3.6
2024-12-23,Zitrone,32,19.2
2025-01-11,Tomate,14,9.8
2024-12-30,Banane,20,6.0
2024-12-23,Paprika,47,47.0
2025-01-02,Karotte,37,14.8
2024-12-29,Tomate,50,35.0
2025-01-02,Gurke,41,32.8
2024-12-30,Zitrone,36,21.6
2024-12-19,Zitrone,45,27.0
2024-12-16,Zitrone,43,25.8
2024-12-28,Paprika,46,46.0
2025-01-12,Apfel,10,5.0
2024-12-21,Paprika,12,12.0
2025-01-04,Zitrone,19,11.4
2024-12-19,Zitrone,12,7.2
2025-01-10,Zitrone,21,12.6
2024-12-20,Karotte,4,1.6
2024-12-15,Banane,41,12.3
2024-12-19,Karotte,27,10.8
2024-12-21,Orange,14,9.1
2024-12-17,Gurke,34,27.2
2024-12-20,Gurke,41,32.8
2025-01-01,Tomate,46,32.2
2025-01-08,Zitrone,36,21.6
2025-01-10,Tomate,8,5.6
2025-01-01,Orange,14,9.1
2025-01-01,Apfel,6,3.0
2025-01-10,Orange,34,22.1
2025-01-05,Tomate,1,0.7
2025-01-11,Apfel,46,23.0
2024-12-17,Orange,15,9.75
2024-12-28,Tomate,25,17.5
2024-12-19,Apfel,10,5.0
2024-12-31,Karotte,47,18.8
2024-12-23,Gurke,13,10.4
2024-12-15,Banane,20,6.0
2025-01-06,Orange,38,24.7
2024-12-29,Banane,21,6.3
2025-01-08,Banane,4,1.2
2024-12-26,Zitrone,38,22.8
2024-12-21,Orange,22,14.3
2024-12-31,Banane,40,12.0
2025-01-07,Gurke,10,8.0
2024-12-29,Orange,23,14.95
2024-12-15,Karotte,3,1.2
2024-12-19,Orange,32,20.8
2024-12-20,Apfel,38,19.0
2024-12-18,Banane,18,5.4
2025-01-09,Karotte,29,11.6
2024-12-29,Tomate,43,30.1
2025-01-11,Orange,29,18.85
2025-01-07,Tomate,42,29.4
2024-12-19,Banane,18,5.4
2024-12-26,Paprika,20,20.0
2024-12-27,Karotte,14,5.6
2024-12-18,Apfel,24,12.0
2024-12-18,Paprika,22,22.0
2025-01-11,Karotte,33,13.2
2024-12-21,Orange,21,13.65
2025-01-01,Banane,15,4.5
2025-01-10,Banane,44,13.2
2025-01-09,Zitrone,47,28.2
2025-01-05,Paprika,33,33.0
2025-01-11,Zitrone,31,18.6
2025-01-02,Apfel,7,3.5
2025-01-10,Tomate,41,28.7
2024-12-16,Tomate,37,25.9
2024-12-14,Tomate,22,15.4
2024-12-23,Tomate,15,10.5
2024-12-27,Gurke,30,24.0
2024-12-29,Apfel,16,8.0
2025-01-06,Paprika,33,33.0
2025-01-01,Apfel,27,13.5
2024-12-24,Karotte,50,20.0
2024-12-24,Gurke,24,19.2
2024-12-24,Gurke,20,16.0
2024-12-31,Karotte,39,15.6
2025-01-08,Gurke,37,29.6
2024-12-27,Karotte,19,7.6
2025-01-07,Orange,9,5.85
2024-12-21,Gurke,29,23.2
2025-01-02,Gurke,3,2.4
2024-12-25,Karotte,20,8.0
2025-01-08,Orange,41,26.65
2024-12-29,Karotte,9,3.6
2024-12-17,Banane,35,10.5
2024-12-28,Tomate,39,27.3
2024-12-19,Gurke,7,5.6
2024-12-30,Apfel,31,15.5
2024-12-22,Orange,43,27.95
2024-12-28,Paprika,40,40.0
2025-01-05,Tomate,25,17.5
2024-12-24,Apfel,13,6.5
2025-01-06,Zitrone,48,28.8
2025-01-10,Karotte,41,16.4
2024-12-26,Paprika,29,29.0
2024-12-22,Zitrone,41,24.6
2024-12-19,Orange,8,5.2
2025-01-09,Orange,24,15.6
2025-01-07,Gurke,5,4.0
2024-12-14,Gurke,49,39.2
2025-01-09,Tomate,8,5.6
2024-12-28,Banane,7,2.1
2025-01-09,Karotte,32,12.8
2024-12-14,Gurke,35,28.0
2024-12-15,Zitrone,32,19.2
2025-01-10,Paprika,43,43.0
2024-12-31,Karotte,31,12.4
2024-12-26,Apfel,2,1.0
2025-01-10,Tomate,11,7.7
2024-12-22,Tomate,15,10.5
2025-01-12,Paprika,4,4.0
2024-12-26,Orange,28,18.2
2024-12-14,Banane,19,5.7
2024-12-20,Karotte,29,11.6
2025-01-02,Tomate,31,21.7
2024-12-16,Paprika,49,49.0
2024-12-31,Tomate,5,3.5
2024-12-18,Karotte,14,5.6
2025-01-05,Banane,50,15.0
2024-12-21,Tomate,49,34.3
2024-12-22,Paprika,33,33.0
2025-01-10,Orange,45,29.25
2025-01-07,Karotte,32,12.8
2024-12-23,Orange,40,26.0
2024-12-30,Banane,7,2.1
2024-12-25,Apfel,14,7.0
2024-12-30,Apfel,4,2.0
2024-12-29,Apfel,23,11.5
2024-12-19,Apfel,31,15.5
2024-12-18,Apfel,39,19.5
2024-12-19,Zitrone,30,18.0
2025-01-06,Orange,17,11.05
2024-12-21,Karotte,16,6.4
2024-12-15,Tomate,17,11.9
2024-12-14,Gurke,24,19.2
2025-01-12,Orange,11,7.15
2024-12-18,Karotte,20,8.0
2024-12-31,Paprika,27,27.0
2024-12-25,Orange,17,11.05
2024-12-24,Karotte,48,19.2
2025-01-10,Karotte,48,19.2
2025-01-04,Apfel,40,20.0
2024-12-25,Banane,4,1.2
2024-12-19,Paprika,2,2.0
2024-12-21,Orange,25,16.25
2025-01-04,Tomate,5,3.5
2025-01-01,Zitrone,50,30.0
2024-12-15,Banane,49,14.7
2025-01-07,Gurke,39,31.2
2025-01-09,Karotte,27,10.8
2024-12-20,Karotte,17,6.8
2024-12-17,Banane,24,7.2
2025-01-06,Karotte,25,10.0
2024-12-16,Paprika,30,30.0
2024-12-19,Gurke,44,35.2
2024-12-16,Zitrone,13,7.8
2024-12-22,Orange,45,29.25
2024-12-29,Karotte,16,6.4
2024-12-21,Paprika,35,35.0
2024-12-15,Karotte,19,7.6
2024-12-19,Orange,11,7.15
2025-01-04,Zitrone,38,22.8
2024-12-31,Paprika,21,21.0
2024-12-25,Paprika,40,40.0
2024-12-16,Paprika,49,49.0
2024-12-20,Orange,22,14.3
2024-12-29,Zitrone,48,28.8
2024-12-30,Zitrone,44,26.4
2024-12-19,Paprika,4,4.0
2025-01-02,Apfel,13,6.5
2024-12-16,Orange,2,1.3
2025-01-09,Gurke,24,19.2
2024-12-17,Orange,18,11.7
2024-12-25,Tomate,8,5.6
2025-01-07,Apfel,5,2.5
2025-01-06,Orange,48,31.2
2024-12-14,Karotte,3,1.2
2024-12-15,Banane,33,9.9
2024-12-21,Zitrone,35,21.0
2025-01-06,Orange,33,21.45
2025-01-03,Apfel,19,9.5
2025-01-04,Apfel,35,17.5
2024-12-27,Apfel,36,18.0
2025-01-03,Tomate,38,26.6
2024-12-30,Orange,39,25.35
2025-01-07,Paprika,33,33.0
2025-01-06,Zitrone,31,18.6
2025-01-11,Zitrone,44,26.4
2024-12-16,Banane,21,6.3
2025-01-02,Zitrone,19,11.4
2025-01-04,Paprika,30,30.0
2025-01-06,Apfel,26,13.0
2024-12-19,Apfel,42,21.0
2024-12-28,Banane,23,6.9
2025-01-02,Orange,18,11.7
2024-12-22,Banane,7,2.1
2024-12-20,Apfel,37,18.5
2024-12-29,Karotte,26,10.4
2024-12-17,Karotte,6,2.4
2025-01-07,Paprika,25,25.0
2024-12-19,Orange,23,14.95
2024-12-26,Orange,8,5.2
2024-12-15,Karotte,47,18.8
2024-12-27,Tomate,43,30.1
2024-12-20,Tomate,6,4.2
2024-12-24,Gurke,32,25.6
2024-12-25,Zitrone,4,2.4
2025-01-08,Banane,39,11.7
2024-12-26,Orange,25,16.25
2024-12-31,Apfel,28,14.0
2024-12-15,Paprika,30,30.0
2024-12-18,Banane,18,5.4
2024-12-18,Orange,47,30.55
2025-01-08,Paprika,47,47.0
2025-01-07,Zitrone,17,10.2
2024-12-24,Apfel,39,19.5
2024-12-22,Banane,19,5.7
2024-12-17,Banane,45,13.5
2025-01-09,Zitrone,25,15.0
2024-12-15,Apfel,47,23.5
2025-01-01,Banane,14,4.2
2024-12-25,Apfel,33,16.5
2024-12-26,Orange,22,14.3
2025-01-09,Zitrone,6,3.6
2024-12-19,Gurke,21,16.8
2025-01-06,Gurke,25,20.0
2024-12-30,Banane,20,6.0
2024-12-15,Paprika,3,3.0
2024-12-18,Banane,15,4.5
2025-01-02,Banane,22,6.6
2025-01-06,Banane,26,7.8
2025-01-10,Tomate,40,28.0
2024-12-25,Tomate,27,18.9
2025-01-04,Gurke,5,4.0
2025-01-01,Zitrone,27,16.2
2025-01-09,Orange,7,4.55
2024-12-17,Zitrone,15,9.0
2025-01-06,Gurke,26,20.8
2024-12-21,Tomate,28,19.6
2025-01-07,Gurke,43,34.4
2024-12-27,Tomate,33,23.1
2025-01-05,Banane,45,13.5
2024-12-14,Apfel,22,11.0
2025-01-04,Karotte,1,0.4
2024-12-15,Gurke,29,23.2
2024-12-23,Apfel,6,3.0
2025-01-06,Paprika,2,2.0
2024-12-23,Paprika,23,23.0
2024-12-29,Tomate,6,4.2
2024-12-29,Gurke,3,2.4
2025-01-04,Banane,21,6.3
2025-01-03,Zitrone,2,1.2
2024-12-27,Apfel,31,15.5
2025-01-12,Zitrone,29,17.4
2024-12-17,Zitrone,33,19.8
2025-01-05,Banane,22,6.6
2024-12-21,Banane,42,12.6
2024-12-27,Paprika,15,15.0
2024-12-18,Gurke,1,0.8
2024-12-30,Banane,49,14.7
2025-01-09,Paprika,13,13.0
2025-01-02,Tomate,2,1.4
2024-12-31,Apfel,20,10.0
2024-12-27,Orange,37,24.05
2024-12-16,Gurke,42,33.6
2024-12-27,Tomate,40,28.0
2024-12-30,Tomate,23,16.1
2024-12-22,Zitrone,48,28.8
2025-01-08,Paprika,1,1.0
2024-12-30,Gurke,41,32.8
2024-12-20,Apfel,13,6.5
2024-12-22,Paprika,37,37.0
2024-12-22,Banane,32,9.6
2024-12-19,Gurke,38,30.4
2024-12-15,Karotte,45,18.0
2025-01-11,Paprika,5,5.0
2024-12-14,Karotte,31,12.4
2024-12-26,Apfel,25,12.5
2024-12-27,Tomate,50,35.0
2024-12-20,Apfel,38,19.0
2024-12-26,Orange,3,1.95
2025-01-10,Gurke,30,24.0
2025-01-06,Gurke,22,17.6
2024-12-23,Banane,3,0.9
2024-12-21,Zitrone,29,17.4
2025-01-01,Banane,4,1.2
2025-01-08,Paprika,11,11.0
2024-12-25,Zitrone,49,29.4
2024-12-27,Karotte,25,10.0
2024-12-31,Zitrone,42,25.2
2024-12-21,Orange,34,22.1
2024-12-15,Apfel,33,16.5
2024-12-23,Karotte,35,14.0
2025-01-04,Banane,48,14.4
2024-12-30,Paprika,9,9.0
2025-01-06,Apfel,10,5.0
2024-12-15,Orange,2,1.3
2024-12-23,Gurke,16,12.8
2024-12-16,Zitrone,35,21.0
2024-12-30,Paprika,21,21.0
2024-12-21,Orange,40,26.0
2024-12-22,Tomate,38,26.6
2025-01-06,Zitrone,50,30.0
2025-01-02,Zitrone,41,24.6
2024-12-19,Zitrone,48,28.8
2025-01-09,Orange,31,20.15
2025-01-01,Orange,19,12.35
2024-12-29,Tomate,18,12.6
2024-12-20,Orange,2,1.3
2024-12-24,Tomate,6,4.2
2024-12-17,Apfel,41,20.5
2025-01-05,Karotte,2,0.8
2025-01-05,Paprika,21,21.0
2025-01-12,Banane,1,0.3
2025-01-08,Gurke,30,24.0
2025-01-09,Apfel,31,15.5
2024-12-28,Paprika,33,33.0
2024-12-20,Tomate,18,12.6
2025-01-05,Banane,38,11.4
2024-12-27,Tomate,46,32.2
2024-12-24,Apfel,46,23.0
2024-12-18,Tomate,43,30.1
2024-12-21,Banane,36,10.8
2024-12-20,Tomate,19,13.3
2024-12-14,Tomate,32,22.4
2024-12-15,Orange,37,24.05
2024-12-27,Apfel,12,6.0
2024-12-26,Tomate,36,25.2
2025-01-02,Orange,29,18.85
2024-12-24,Zitrone,9,5.4
2025-01-07,Karotte,2,0.8
2024-12-29,Banane,5,1.5
2024-12-28,Tomate,18,12.6
2024-12-27,Tomate,40,28.0
2025-01-02,Apfel,35,17.5
2025-01-03,Gurke,3,2.4
2024-12-23,Banane,21,6.3
2024-12-21,Karotte,9,3.6
2024-12-18,Tomate,15,10.5
2025-01-06,Apfel,2,1.0
2024-12-29,Orange,27,17.55
2025-01-03,Zitrone,9,5.4
2024-12-20,Banane,18,5.4
2025-01-04,Apfel,17,8.5
2024-12-22,Apfel,31,15.5
2024-12-19,Zitrone,9,5.4
2024-12-16,Paprika,25,25.0
2024-12-26,Paprika,3,3.0
2024-12-20,Tomate,12,8.4
2024-12-27,Zitrone,4,2.4
2024-12-19,Tomate,47,32.9
2024-12-30,Karotte,17,6.8
2025-01-03,Orange,6,3.9
2025-01-02,Banane,25,7.5
2025-01-12,Karotte,9,3.6
2024-12-24,Banane,28,8.4
2024-12-21,Banane,18,5.4
2024-12-20,Zitrone,48,28.8
2024-12-21,Apfel,46,23.0
2024-12-17,Gurke,50,40.0
2024-12-19,Paprika,22,22.0
2024-12-30,Zitrone,19,11.4
2025-01-11,Banane,43,12.9
2025-01-12,Apfel,42,21.0
2025-01-09,Banane,15,4.5
2024-12-20,Apfel,28,14.0
2024-12-21,Banane,35,10.5
2024-12-25,Tomate,6,4.2
2025-01-02,Zitrone,31,18.6
2025-01-02,Orange,4,2.6
2025-01-07,Zitrone,31,18.6
2025-01-06,Karotte,2,0.8
2024-12-17,Banane,22,6.6
2024-12-20,Karotte,19,7.6
2025-01-02,Gurke,33,26.4
2024-12-20,Gurke,11,8.8
2024-12-18,Gurke,28,22.4
2025-01-12,Gurke,31,24.8
2024-12-31,Banane,18,5.4
2025-01-06,Banane,18,5.4
2024-12-29,Orange,25,16.25
2025-01-08,Zitrone,44,26.4
2024-12-16,Gurke,43,34.4
2025-01-01,Zitrone,44,26.4
2024-12-28,Karotte,33,13.2
2025-01-12,Banane,1,0.3
2025-01-08,Zitrone,17,10.2
2024-12-23,Apfel,48,24.0
2024-12-27,Orange,4,2.6
2024-12-18,Tomate,48,33.6
2024-12-19,Zitrone,29,17.4
2025-01-09,Karotte,40,16.0
2024-12-29,Zitrone,47,28.2
2025-01-03,Banane,11,3.3
2024-12-29,Karotte,22,8.8
2025-01-08,Karotte,21,8.4
2024-12-21,Zitrone,19,11.4
2024-12-22,Banane,22,6.6
2024-12-20,Orange,6,3.9
2024-12-18,Tomate,13,9.1
2024-12-15,Paprika,50,50.0
2024-12-14,Zitrone,38,22.8
2025-01-06,Zitrone,11,6.6
2024-12-23,Gurke,44,35.2
2024-12-16,Karotte,46,18.4
2024-12-14,Karotte,34,13.6
2024-12-24,Apfel,1,0.5
2025-01-03,Apfel,47,23.5
2024-12-26,Zitrone,46,27.6
2025-01-05,Banane,26,7.8
2024-12-29,Gurke,31,24.8
2025-01-03,Apfel,31,15.5
2025-01-09,Apfel,29,14.5
2025-01-01,Orange,11,7.15
2024-12-19,Gurke,47,37.6
2024-12-19,Zitrone,20,12.0
2024-12-16,Karotte,4,1.6
2024-12-22,Orange,6,3.9
2024-12-14,Apfel,18,9.0
2025-01-04,Zitrone,3,1.8
2024-12-26,Gurke,27,21.6
2024-12-31,Paprika,30,30.0
2024-12-21,Gurke,34,27.2
2024-12-16,Paprika,8,8.0
2024-12-18,Karotte,48,19.2
2024-12-25,Zitrone,13,7.8
2025-01-09,Tomate,46,32.2
2024-12-25,Zitrone,49,29.4
2024-12-23,Orange,47,30.55
2025-01-12,Banane,6,1.8
2024-12-21,Apfel,11,5.5
2025-01-03,Apfel,23,11.5
2025-01-03,Paprika,19,19.0
2024-12-28,Orange,1,0.65
2024-12-31,Apfel,14,7.0
2025-01-03,Paprika,46,46.0
2024-12-14,Tomate,3,2.1
2025-01-06,Banane,20,6.0
2025-01-05,Zitrone,41,24.6
2024-12-28,Paprika,50,50.0
2024-12-16,Apfel,49,24.5
2025-01-02,Orange,7,4.55
2024-12-24,Karotte,35,14.0
2025-01-01,Karotte,10,4.0
2025-01-06,Banane,4,1.2
2024-12-23,Banane,40,12.0
2025-01-06,Tomate,27,18.9
2024-12-26,Gurke,45,36.0
2025-01-08,Gurke,2,1.6
2024-12-26,Tomate,34,23.8
2025-01-02,Orange,11,7.15
2025-01-07,Orange,17,11.05
2024-12-25,Tomate,49,34.3
2024-12-19,Gurke,26,20.8
2024-12-25,Zitrone,24,14.4
2024-12-19,Banane,49,14.7
2025-01-04,Karotte,26,10.4
2024-12-20,Karotte,46,18.4
2024-12-23,Paprika,8,8.0
2025-01-09,Tomate,13,9.1
2025-01-09,Karotte,1,0.4
2024-12-24,Karotte,23,9.2
2024-12-23,Karotte,21,8.4
2024-12-29,Orange,14,9.1
2024-12-17,Zitrone,27,16.2
2025-01-03,Tomate,38,26.6
2024-12-14,Gurke,7,5.6
2025-01-07,Orange,43,27.95
2025-01-11,Banane,13,3.9
2025-01-01,Orange,45,29.25
2024-12-28,Apfel,49,24.5
2024-12-22,Orange,27,17.55
2025-01-09,Apfel,38,19.0
2025-01-08,Karotte,5,2.0
2025-01-11,Paprika,14,14.0
2025-01-09,Zitrone,8,4.8
2024-12-28,Tomate,31,21.7
2024-12-27,Gurke,40,32.0
2024-12-26,Paprika,46,46.0
2024-12-28,Zitrone,10,6.0
2024-12-18,Apfel,11,5.5
2025-01-03,Paprika,19,19.0
2025-01-02,Gurke,1,0.8
2025-01-11,Gurke,22,17.6
2024-12-30,Zitrone,26,15.6
2025-01-12,Karotte,28,11.2
2024-12-19,Paprika,25,25.0
2024-12-29,Zitrone,10,6.0
2025-01-06,Paprika,44,44.0
2025-01-03,Karotte,21,8.4
2025-01-11,Paprika,25,25.0
2024-12-14,Tomate,9,6.3
2024-12-26,Orange,41,26.65
2025-01-01,Zitrone,27,16.2
2024-12-27,Paprika,15,15.0
2024-12-16,Karotte,3,1.2
2025-01-10,Orange,24,15.6
2024-12-14,Karotte,17,6.8
2024-12-27,Gurke,32,25.6
2024-12-28,Apfel,41,20.5
2024-12-22,Karotte,45,18.0
2024-12-25,Zitrone,40,24.0
2024-12-22,Tomate,19,13.3
2025-01-08,Tomate,14,9.8
2024-12-30,Orange,28,18.2
2025-01-04,Zitrone,43,25.8
2024-12-31,Orange,20,13.0
2025-01-04,Banane,4,1.2
2025-01-11,Paprika,43,43.0
2024-12-29,Orange,14,9.1
2025-01-04,Banane,14,4.2
2025-01-05,Paprika,11,11.0
2025-01-09,Orange,39,25.35
2024-12-28,Zitrone,10,6.0
2024-12-22,Banane,31,9.3
2024-12-31,Paprika,24,24.0
2025-01-09,Gurke,46,36.8
2024-12-21,Orange,33,21.45
2024-12-29,Paprika,44,44.0
2025-01-01,Karotte,26,10.4
2025-01-01,Tomate,3,2.1
2025-01-10,Karotte,20,8.0
2024-12-24,Paprika,29,29.0
2024-12-30,Orange,50,32.5
2024-12-31,Apfel,44,22.0
2024-12-31,Karotte,17,6.8
2024-12-21,Paprika,38,38.0
2024-12-20,Paprika,50,50.0
2024-12-27,Apfel,39,19.5
2025-01-12,Gurke,2,1.6
2024-12-18,Orange,19,12.35
2025-01-03,Gurke,41,32.8
2024-12-25,Zitrone,15,9.0
2024-12-25,Banane,42,12.6
2024-12-24,Banane,14,4.2
2025-01-10,Apfel,8,4.0
2024-12-26,Orange,47,30.55
2025-01-12,Apfel,21,10.5
2024-12-17,Gurke,11,8.8
2025-01-06,Zitrone,41,24.6
2024-12-25,Orange,47,30.55
2024-12-27,Orange,45,29.25
2025-01-08,Zitrone,15,9.0
2024-12-22,Tomate,4,2.8
2025-01-09,Apfel,34,17.0
2024-12-21,Banane,14,4.2
2024-12-16,Tomate,27,18.9
2025-01-06,Paprika,30,30.0
2024-12-15,Paprika,31,31.0
2025-01-08,Gurke,18,14.4
2024-12-26,Karotte,4,1.6
2024-12-28,Apfel,41,20.5
2025-01-04,Karotte,31,12.4
2025-01-12,Zitrone,47,28.2
2025-01-07,Zitrone,19,11.4
2024-12-26,Zitrone,48,28.8
2025-01-02,Banane,32,9.6
2024-12-25,Apfel,20,10.0
2024-12-27,Apfel,18,9.0
2024-12-16,Karotte,8,3.2
2025-01-07,Apfel,24,12.0
2025-01-12,Paprika,2,2.0
2025-01-08,Banane,28,8.4
2025-01-08,Paprika,34,34.0
2024-12-16,Banane,49,14.7
2024-12-15,Orange,8,5.2
2025-01-12,Gurke,16,12.8
2024-12-26,Paprika,38,38.0
2024-12-16,Zitrone,23,13.8
2024-12-24,Banane,22,6.6
2024-12-29,Paprika,3,3.0
2025-01-10,Paprika,12,12.0
2024-12-29,Karotte,14,5.6
2025-01-12,Orange,25,16.25
2024-12-25,Banane,24,7.2
2025-01-05,Paprika,18,18.0
2024-12-31,Paprika,45,45.0
2025-01-11,Banane,25,7.5
2024-12-21,Apfel,34,17.0
2024-12-31,Gurke,35,28.0
2024-12-20,Paprika,11,11.0
2024-12-27,Zitrone,1,0.6
2024-12-18,Banane,23,6.9
2024-12-28,Paprika,42,42.0
2025-01-12,Tomate,49,34.3
2025-01-11,Orange,36,23.4
2025-01-06,Apfel,18,9.0
2025-01-04,Paprika,28,28.0
2024-12-26,Paprika,14,14.0
2025-01-12,Apfel,31,15.5
2024-12-23,Karotte,21,8.4
2024-12-28,Karotte,17,6.8
2025-01-12,Apfel,8,4.0
2025-01-10,Apfel,50,25.0
2024-12-29,Gurke,26,20.8
2025-01-09,Gurke,32,25.6
2024-12-27,Tomate,19,13.3
2025-01-07,Gurke,6,4.8
2024-12-30,Tomate,18,12.6
2024-12-17,Banane,21,6.3
2025-01-02,Zitrone,28,16.8
2025-01-03,Gurke,43,34.4
2024-12-24,Apfel,19,9.5
2025-01-02,Apfel,10,5.0
2024-12-30,Gurke,47,37.6
2024-12-27,Karotte,7,2.8
2025-01-08,Apfel,35,17.5
2024-12-16,Karotte,21,8.4
2024-12-16,Paprika,3,3.0
2025-01-05,Paprika,34,34.0
2025-01-10,Zitrone,44,26.4
2025-01-05,Zitrone,13,7.8
2024-12-21,Tomate,4,2.8
2024-12-18,Zitrone,7,4.2
2024-12-21,Gurke,28,22.4
2024-12-20,Orange,29,18.85
2024-12-19,Paprika,37,37.0
2024-12-14,Orange,28,18.2
2024-12-18,Orange,38,24.7
2024-12-16,Orange,36,23.4
2025-01-08,Karotte,24,9.6
2024-12-18,Tomate,8,5.6
2024-12-24,Karotte,13,5.2
2025-01-04,Paprika,22,22.0
2024-12-20,Gurke,4,3.2
2024-12-22,Tomate,30,21.0
2024-12-24,Zitrone,8,4.8
2025-01-02,Karotte,38,15.2
2024-12-16,Zitrone,2,1.2
2024-12-23,Tomate,29,20.3
2025-01-11,Orange,19,12.35
2024-12-24,Paprika,32,32.0
2024-12-28,Tomate,9,6.3
2025-01-06,Paprika,6,6.0
2025-01-09,Orange,42,27.3
2025-01-02,Apfel,47,23.5
2024-12-14,Banane,24,7.2
2024-12-17,Orange,31,20.15
2024-12-15,Zitrone,50,30.0
2025-01-05,Paprika,3,3.0
2024-12-30,Apfel,5,2.5
2024-12-15,Paprika,23,23.0
2024-12-23,Zitrone,28,16.8
2025-01-03,Paprika,47,47.0
2025-01-05,Zitrone,16,9.6
2024-12-25,Gurke,12,9.6
2024-12-21,Banane,30,9.0
2025-01-06,Zitrone,6,3.6
2024-12-27,Tomate,29,20.3
2024-12-18,Banane,41,12.3
2025-01-02,Apfel,4,2.0
2024-12-15,Paprika,1,1.0
2025-01-05,Gurke,9,7.2
2024-12-30,Karotte,33,13.2
2025-01-07,Apfel,2,1.0
2025-01-11,Paprika,13,13.0
2024-12-24,Orange,49,31.85
2025-01-02,Banane,39,11.7
2025-01-03,Tomate,31,21.7
2024-12-27,Gurke,41,32.8
2024-12-31,Gurke,29,23.2
2024-12-26,Banane,27,8.1
2025-01-02,Gurke,42,33.6
2024-12-25,Orange,14,9.1
2025-01-07,Tomate,43,30.1
2024-12-14,Orange,50,32.5
2024-12-29,Gurke,10,8.0
2025-01-11,Paprika,12,12.0
2025-01-03,Tomate,37,25.9
2024-12-22,Orange,11,7.15
2024-12-15,Orange,21,13.65
2024-12-19,Karotte,36,14.4
2025-01-03,Gurke,6,4.8
2024-12-15,Orange,9,5.85
2024-12-16,Tomate,21,14.7
2024-12-14,Karotte,4,1.6
2024-12-25,Paprika,8,8.0
2025-01-04,Orange,43,27.95
2024-12-22,Paprika,29,29.0
2024-12-26,Gurke,44,35.2
2025-01-05,Orange,4,2.6
2024-12-20,Zitrone,12,7.2
2024-12-15,Apfel,4,2.0
2025-01-11,Paprika,22,22.0
2024-12-15,Apfel,49,24.5
2025-01-07,Karotte,47,18.8
2024-12-24,Banane,5,1.5
2025-01-12,Zitrone,27,16.2
2024-12-17,Banane,25,7.5
2024-12-27,Karotte,34,13.6
2025-01-11,Karotte,48,19.2
2024-12-19,Paprika,45,45.0
2025-01-10,Paprika,31,31.0
2024-12-23,Tomate,29,20.3
2024-12-17,Karotte,3,1.2
2025-01-06,Gurke,21,16.8
2025-01-02,Tomate,20,14.0
2025-01-01,Tomate,2,1.4
2024-12-16,Banane,37,11.1
2024-12-22,Apfel,22,11.0
2024-12-31,Gurke,40,32.0
2024-12-29,Gurke,47,37.6
2024-12-21,Paprika,3,3.0
2025-01-10,Tomate,50,35.0
2024-12-18,Gurke,21,16.8
2024-12-20,Banane,18,5.4
2025-01-12,Paprika,6,6.0
2025-01-10,Banane,43,12.9
2024-12-19,Banane,2,0.6
2024-12-14,Orange,1,0.65
2025-01-10,Karotte,11,4.4
2025-01-03,Karotte,34,13.6
2025-01-12,Tomate,16,11.2
2024-12-23,Karotte,24,9.6
2024-12-27,Paprika,2,2.0
2025-01-02,Zitrone,44,26.4
2024-12-20,Apfel,14,7.0
2024-12-17,Karotte,32,12.8
2024-12-25,Apfel,17,8.5
2025-01-12,Paprika,3,3.0
2025-01-12,Paprika,25,25.0
2024-12-14,Banane,35,10.5
2024-12-27,Paprika,40,40.0
2025-01-04,Zitrone,33,19.8
2024-12-21,Banane,50,15.0
2024-12-17,Banane,26,7.8
2025-01-03,Karotte,26,10.4
2024-12-17,Karotte,40,16.0
2025-01-05,Banane,16,4.8
2024-12-17,Zitrone,41,24.6
2025-01-03,Tomate,27,18.9
2024-12-29,Banane,12,3.6
2024-12-18,Orange,2,1.3
2024-12-17,Apfel,37,18.5
2024-12-25,Zitrone,31,18.6
2024-12-16,Banane,21,6.3
2024-12-14,Karotte,17,6.8
2024-12-28,Tomate,31,21.7
2025-01-07,Apfel,12,6.0
2025-01-08,Gurke,14,11.2
2025-01-03,Gurke,17,13.6
2025-01-08,Paprika,44,44.0
2024-12-14,Zitrone,28,16.8
2024-12-21,Paprika,43,43.0
2024-12-30,Tomate,22,15.4
2024-12-30,Gurke,35,28.0
2024-12-25,Banane,19,5.7
2024-12-26,Tomate,19,13.3
2024-12-14,Zitrone,11,6.6
2024-12-27,Karotte,49,19.6
2025-01-07,Apfel,13,6.5
2025-01-01,Banane,48,14.4
2025-01-11,Paprika,19,19.0
2024-12-28,Karotte,19,7.6
2024-12-16,Orange,34,22.1
2025-01-10,Banane,3,0.9
2024-12-15,Tomate,43,30.1
2024-12-24,Zitrone,29,17.4
2025-01-05,Tomate,28,19.6
2025-01-02,Tomate,28,19.6
2025-01-11,Karotte,37,14.8
2024-12-25,Tomate,37,25.9
2024-12-21,Gurke,26,20.8
2024-12-20,Tomate,50,35.0
2024-12-24,Tomate,25,17.5
2024-12-18,Apfel,30,15.0
2024-12-19,Banane,29,8.7
2025-01-09,Zitrone,31,18.6
2024-12-16,Paprika,50,50.0
2025-01-03,Paprika,6,6.0
2025-01-01,Tomate,29,20.3
2024-12-29,Apfel,47,23.5
2024-12-29,Zitrone,39,23.4
2024-12-17,Apfel,3,1.5
2025-01-02,Zitrone,42,25.2
2024-12-17,Apfel,33,16.5
2025-01-09,Banane,43,12.9
2024-12-22,Zitrone,30,18.0
2024-12-19,Zitrone,42,25.2
2024-12-16,Apfel,7,3.5
2025-01-03,Orange,18,11.7
2025-01-02,Gurke,18,14.4
2025-01-04,Tomate,2,1.4
2024-12-20,Karotte,45,18.0
2024-12-14,Gurke,31,24.8
2025-01-08,Gurke,29,23.2
2024-12-30,Orange,43,27.95
2025-01-01,Karotte,7,2.8
2025-01-02,Zitrone,22,13.2
2025-01-01,Tomate,35,24.5
2025-01-08,Apfel,14,7.0
2024-12-25,Orange,44,28.6
2024-12-24,Karotte,35,14.0
2025-01-11,Banane,32,9.6
2025-01-10,Tomate,18,12.6
2024-12-19,Karotte,11,4.4
2025-01-02,Orange,10,6.5
2024-12-23,Orange,14,9.1
2024-12-29,Banane,28,8.4
2024-12-22,Paprika,28,28.0
2024-12-20,Apfel,22,11.0
2025-01-06,Paprika,40,40.0
2024-12-20,Apfel,31,15.5
2024-12-24,Orange,13,8.45
2025-01-06,Tomate,30,21.0
2025-01-09,Orange,41,26.65
2024-12-17,Apfel,24,12.0
2025-01-08,Gurke,45,36.0
2024-12-14,Gurke,36,28.8
2024-12-15,Zitrone,2,1.2
2024-12-21,Apfel,9,4.5
2024-12-19,Orange,35,22.75
2024-12-14,Gurke,40,32.0
2025-01-01,Paprika,45,45.0
2024-12-31,Apfel,41,20.5
2024-12-15,Zitrone,17,10.2
2024-12-15,Zitrone,34,20.4
2025-01-09,Orange,43,27.95
2025-01-10,Gurke,28,22.4
2025-01-11,Apfel,35,17.5
2025-01-04,Zitrone,26,15.6
2025-01-02,Tomate,15,10.5
2025-01-09,Zitrone,12,7.2
2024-12-17,Orange,5,3.25
2024-12-24,Zitrone,29,17.4
2024-12-22,Karotte,28,11.2
2025-01-04,Gurke,34,27.2
2025-01-11,Gurke,11,8.8
2024-12-23,Zitrone,10,6.0
2025-01-06,Zitrone,14,8.4
2024-12-15,Orange,17,11.05
2024-12-14,Zitrone,7,4.2
2024-12-25,Apfel,32,16.0
2024-12-21,Gurke,23,18.4
2024-12-17,Gurke,38,30.4
2025-01-06,Apfel,15,7.5
2024-12-27,Apfel,48,24.0
2024-12-20,Zitrone,50,30.0
2024-12-29,Karotte,33,13.2
2024-12-27,Zitrone,5,3.0
2025-01-12,Tomate,2,1.4
2024-12-29,Orange,13,8.45
2024-12-20,Tomate,40,28.0
2024-12-20,Orange,28,18.2
2024-12-17,Gurke,48,38.4
2025-01-02,Karotte,50,20.0
2024-12-25,Paprika,36,36.0
2025-01-09,Gurke,6,4.8
2024-12-24,Karotte,45,18.0
2024-12-16,Zitrone,45,27.0
2024-12-21,Orange,38,24.7
2024-12-28,Orange,40,26.0
2025-01-04,Tomate,25,17.5
2024-12-25,Gurke,41,32.8
2024-12-14,Orange,33,21.45
2024-12-14,Apfel,6,3.0
2025-01-03,Paprika,24,24.0
2025-01-07,Banane,34,10.2
2024-12-17,Paprika,4,4.0
2025-01-03,Paprika,15,15.0
2024-12-28,Banane,1,0.3
2024-12-14,Apfel,31,15.5
2025-01-04,Zitrone,30,18.0
2025-01-05,Orange,43,27.95
2025-01-05,Orange,13,8.45
2024-12-22,Banane,37,11.1
2024-12-24,Paprika,42,42.0
2024-12-20,Banane,2,0.6
2025-01-05,Orange,7,4.55
2024-12-23,Orange,14,9.1
2024-12-26,Orange,17,11.05
2025-01-05,Banane,26,7.8
2024-12-27,Karotte,38,15.2
2024-12-15,Banane,19,5.7
2025-01-09,Banane,10,3.0
2024-12-21,Banane,40,12.0
2024-12-18,Orange,26,16.9
2025-01-12,Apfel,39,19.5
2024-12-27,Zitrone,48,28.8
2025-01-03,Karotte,29,11.6
2025-01-11,Banane,42,12.6
2024-12-30,Zitrone,15,9.0
2024-12-29,Tomate,33,23.1
2025-01-09,Gurke,22,17.6
2025-01-05,Karotte,35,14.0
2024-12-28,Orange,37,24.05
2025-01-02,Banane,46,13.8
2024-12-22,Apfel,26,13.0
2024-12-18,Orange,2,1.3
2025-01-01,Orange,47,30.55
2025-01-06,Karotte,20,8.0
2025-01-02,Paprika,49,49.0
2024-12-15,Apfel,34,17.0
2024-12-27,Gurke,36,28.8
2024-12-22,Tomate,46,32.2
2024-12-16,Karotte,12,4.8
2025-01-07,Paprika,3,3.0
2025-01-12,Orange,37,24.05
2025-01-07,Tomate,2,1.4
2025-01-01,Tomate,21,14.7
2024-12-20,Zitrone,44,26.4
2025-01-01,Karotte,14,5.6
2024-12-16,Karotte,6,2.4
2024-12-28,Karotte,15,6.0
2025-01-06,Zitrone,37,22.2
2024-12-24,Zitrone,10,6.0
2025-01-10,Tomate,27,18.9
2025-01-12,Banane,11,3.3
2024-12-16,Orange,22,14.3
2025-01-02,Tomate,15,10.5
2024-12-23,Banane,4,1.2
2024-12-16,Karotte,7,2.8
2025-01-05,Apfel,8,4.0
2025-01-04,Paprika,3,3.0
2024-12-23,Apfel,24,12.0
2025-01-05,Orange,18,11.7
2025-01-05,Tomate,27,18.9
2025-01-03,Zitrone,18,10.8
2025-01-01,Gurke,2,1.6
2025-01-12,Paprika,28,28.0
2024-12-23,Karotte,48,19.2
2025-01-07,Banane,35,10.5
2025-01-02,Karotte,27,10.8
2025-01-06,Banane,14,4.2
2024-12-16,Tomate,40,28.0
2024-12-16,Banane,48,14.4
2025-01-02,Apfel,30,15.0
2024-12-15,Gurke,4,3.2
2024-12-17,Banane,32,9.6
2025-01-02,Gurke,24,19.2
2024-12-19,Gurke,32,25.6
2024-12-18,Paprika,11,11.0
2024-12-27,Apfel,17,8.5
2024-12-29,Gurke,10,8.0
2025-01-02,Karotte,3,1.2
2024-12-24,Paprika,15,15.0
2024-12-20,Karotte,27,10.8
2025-01-11,Gurke,24,19.2
2024-12-30,Karotte,21,8.4
2024-12-26,Zitrone,35,21.0
2024-12-22,Banane,41,12.3
2024-12-18,Apfel,34,17.0
2025-01-03,Tomate,48,33.6
2025-01-04,Banane,26,7.8
2025-01-05,Paprika,22,22.0
2024-12-31,Gurke,10,8.0
2024-12-24,Apfel,23,11.5
2024-12-26,Zitrone,35,21.0
2025-01-09,Tomate,33,23.1
2024-12-29,Paprika,30,30.0
2025-01-10,Tomate,8,5.6
2024-12-24,Orange,30,19.5
2024-12-17,Apfel,43,21.5
2024-12-31,Banane,43,12.9
2024-12-29,Banane,45,13.5
2024-12-18,Banane,19,5.7
2025-01-10,Banane,41,12.3
2024-12-26,Tomate,49,34.3
2024-12-28,Orange,49,31.85
2024-12-30,Paprika,29,29.0
2025-01-07,Banane,48,14.4
2024-12-20,Banane,27,8.1
2024-12-26,Karotte,44,17.6
2024-12-23,Apfel,46,23.0
2024-12-27,Zitrone,24,14.4
2025-01-03,Paprika,47,47.0
2024-12-25,Paprika,3,3.0
2025-01-07,Banane,9,2.7
2025-01-12,Orange,5,3.25
2024-12-15,Apfel,18,9.0
2024-12-18,Tomate,37,25.9
2024-12-17,Banane,48,14.4
2025-01-04,Banane,24,7.2
2024-12-30,Tomate,39,27.3
2024-12-19,Zitrone,50,30.0
2024-12-26,Orange,24,15.6
2025-01-01,Karotte,32,12.8
2024-12-14,Gurke,47,37.6
2024-12-26,Gurke,47,37.6
2025-01-05,Banane,7,2.1
2024-12-19,Orange,44,28.6
2024-12-29,Orange,22,14.3
2024-12-28,Banane,36,10.8
2024-12-30,Banane,29,8.7
2024-12-17,Karotte,25,10.0
2024-12-29,Apfel,5,2.5
2024-12-24,Karotte,2,0.8
2025-01-04,Tomate,8,5.6
2025-01-08,Apfel,35,17.5
2024-12-31,Orange,50,32.5
2025-01-05,Orange,50,32.5
2024-12-14,Apfel,15,7.5
2024-12-26,Orange,16,10.4
2024-12-16,Orange,32,20.8
2025-01-09,Paprika,33,33.0
2025-01-08,Gurke,13,10.4
2025-01-09,Banane,5,1.5
2024-12-26,Apfel,18,9.0
2024-12-29,Orange,46,29.9
2024-12-21,Gurke,10,8.0
2025-01-06,Apfel,38,19.0
2025-01-01,Karotte,33,13.2
2024-12-26,Zitrone,26,15.6
2025-01-01,Zitrone,33,19.8
2024-12-22,Apfel,9,4.5
2025-01-07,Karotte,23,9.2
2024-12-31,Tomate,18,12.6
2025-01-03,Banane,30,9.0
2024-12-28,Zitrone,7,4.2
2025-01-07,Paprika,39,39.0
2024-12-15,Paprika,5,5.0
2024-12-20,Paprika,24,24.0
2025-01-10,Paprika,35,35.0
2025-01-04,Karotte,30,12.0
2025-01-07,Gurke,1,0.8
2025-01-04,Orange,42,27.3
2025-01-12,Karotte,32,12.8
2025-01-02,Karotte,15,6.0
2024-12-21,Zitrone,28,16.8
2025-01-02,Karotte,24,9.6
2024-12-19,Apfel,17,8.5
2024-12-19,Tomate,46,32.2
2025-01-08,Paprika,16,16.0
2025-01-02,Apfel,8,4.0
2024-12-28,Banane,12,3.6
2024-12-23,Apfel,42,21.0
2024-12-19,Zitrone,32,19.2
2024-12-17,Gurke,4,3.2
2024-12-30,Banane,4,1.2
2024-12-15,Gurke,26,20.8
2024-12-29,Zitrone,10,6.0
2024-12-16,Karotte,4,1.6
2024-12-23,Banane,7,2.1
2025-01-04,Zitrone,3,1.8
2024-12-24,Gurke,46,36.8
2025-01-02,Karotte,40,16.0
2024-12-28,Orange,28,18.2
2024-12-23,Tomate,45,31.5
2024-12-28,Apfel,38,19.0
2024-12-29,Tomate,15,10.5
2024-12-17,Orange,17,11.05
2024-12-27,Karotte,1,0.4
2024-12-15,Karotte,28,11.2
2025-01-09,Orange,28,18.2
2025-01-08,Karotte,10,4.0
2024-12-31,Tomate,43,30.1
2024-12-15,Gurke,41,32.8
2025-01-12,Paprika,15,15.0
2024-12-21,Banane,33,9.9
2024-12-17,Karotte,45,18.0
2024-12-20,Karotte,46,18.4
2024-12-28,Paprika,31,31.0
2025-01-07,Apfel,42,21.0
2025-01-04,Gurke,1,0.8
2025-01-02,Banane,50,15.0
2024-12-14,Orange,8,5.2
2024-12-23,Zitrone,15,9.0
2025-01-12,Orange,50,32.5
2024-12-27,Gurke,42,33.6
2025-01-03,Karotte,42,16.8
2025-01-02,Banane,34,10.2
2024-12-17,Zitrone,25,15.0
2025-01-03,Gurke,7,5.6
2025-01-11,Zitrone,45,27.0
2024-12-24,Banane,30,9.0
2025-01-07,Zitrone,10,6.0
2024-12-17,Karotte,45,18.0
2025-01-11,Banane,50,15.0
2024-12-24,Paprika,8,8.0
2024-12-17,Gurke,46,36.8
2025-01-04,Apfel,32,16.0
2024-12-17,Orange,47,30.55
2024-12-30,Paprika,49,49.0
2024-12-31,Paprika,29,29.0
2025-01-01,Gurke,16,12.8
2024-12-27,Paprika,2,2.0
2025-01-02,Banane,25,7.5
2024-12-23,Apfel,44,22.0
2024-12-16,Zitrone,25,15.0
2024-12-27,Apfel,34,17.0
2024-12-30,Tomate,49,34.3
2025-01-02,Gurke,2,1.6
2025-01-11,Orange,16,10.4
2025-01-03,Gurke,37,29.6
2025-01-11,Gurke,10,8.0
2025-01-06,Banane,48,14.4
2025-01-09,Karotte,36,14.4
2024-12-24,Orange,46,29.9
2024-12-16,Apfel,5,2.5
2024-12-24,Banane,29,8.7
2024-12-14,Orange,26,16.9
2025-01-03,Orange,1,0.65
2024-12-22,Apfel,25,12.5
2025-01-09,Tomate,2,1.4
2025-01-03,Gurke,12,9.6
2024-12-31,Tomate,5,3.5
2024-12-19,Tomate,47,32.9
2024-12-14,Zitrone,35,21.0
2024-12-27,Banane,32,9.6
2024-12-27,Karotte,23,9.2
2025-01-01,Apfel,15,7.5
2024-12-19,Orange,14,9.1
2025-01-11,Gurke,10,8.0
2024-12-17,Karotte,32,12.8
2024-12-31,Tomate,21,14.7
2024-12-28,Tomate,42,29.4
2025-01-05,Tomate,30,21.0
2024-12-14,Zitrone,10,6.0
2024-12-31,Zitrone,28,16.8
2024-12-22,Banane,36,10.8
2025-01-07,Karotte,6,2.4
2025-01-06,Paprika,35,35.0
2025-01-01,Apfel,37,18.5
2025-01-01,Gurke,34,27.2
2025-01-11,Banane,40,12.0
2025-01-02,Apfel,1,0.5
2024-12-29,Banane,10,3.0
2025-01-01,Banane,30,9.0
2025-01-08,Tomate,23,16.1
2025-01-03,Paprika,17,17.0
2025-01-01,Tomate,10,7.0
2024-12-26,Orange,46,29.9
2025-01-03,Banane,19,5.7
2024-12-17,Tomate,6,4.2
2025-01-02,Apfel,33,16.5
2025-01-01,Karotte,46,18.4
2024-12-21,Apfel,46,23.0
2024-12-23,Gurke,3,2.4
2024-12-22,Paprika,35,35.0
2024-12-15,Gurke,47,37.6
2024-12-30,Gurke,23,18.4
2024-12-28,Zitrone,19,11.4
2025-01-06,Paprika,36,36.0
2024-12-31,Apfel,25,12.5
2024-12-20,Banane,26,7.8
2025-01-03,Orange,20,13.0
2025-01-05,Karotte,46,18.4
2025-01-12,Zitrone,17,10.2
2024-12-29,Paprika,27,27.0
2024-12-23,Apfel,6,3.0
2024-12-15,Apfel,11,5.5
2024-12-22,Tomate,1,0.7
2025-01-12,Orange,47,30.55
2024-12-26,Zitrone,17,10.2
2025-01-12,Gurke,25,20.0
2024-12-27,Paprika,44,44.0
2024-12-17,Zitrone,23,13.8
2024-12-17,Tomate,8,5.6
2024-12-15,Karotte,4,1.6
2025-01-11,Apfel,13,6.5
2024-12-29,Gurke,10,8.0
2024-12-26,Karotte,45,18.0
2024-12-16,Banane,28,8.4
2025-01-04,Orange,27,17.55
2025-01-04,Apfel,46,23.0
2025-01-06,Paprika,3,3.0
2024-12-19,Banane,35,10.5
2024-12-24,Tomate,49,34.3
2024-12-17,Orange,20,13.0
2024-12-31,Banane,22,6.6
2024-12-17,Gurke,40,32.0
2025-01-09,Banane,42,12.6
2024-12-21,Tomate,9,6.3
2025-01-05,Gurke,27,21.6
2024-12-28,Orange,15,9.75
2024-12-15,Paprika,18,18.0
2024-12-21,Karotte,29,11.6
2024-12-29,Orange,41,26.65
2025-01-02,Gurke,43,34.4
2025-01-04,Paprika,31,31.0
2025-01-09,Gurke,11,8.8
2025-01-05,Apfel,8,4.0
2024-12-29,Banane,9,2.7
2025-01-02,Orange,13,8.45
2024-12-23,Banane,38,11.4
2024-12-29,Zitrone,24,14.4
2025-01-12,Gurke,27,21.6
2024-12-26,Zitrone,19,11.4
2025-01-04,Apfel,28,14.0
2025-01-09,Orange,46,29.9
2024-12-20,Zitrone,16,9.6
2024-12-28,Gurke,36,28.8
2024-12-19,Apfel,4,2.0
2025-01-12,Gurke,9,7.2
2024-12-20,Zitrone,21,12.6
2025-01-10,Orange,16,10.4
2024-12-20,Paprika,45,45.0
2024-12-23,Banane,35,10.5
2025-01-11,Apfel,33,16.5
2024-12-20,Orange,19,12.35
2024-12-29,Gurke,10,8.0
2024-12-20,Karotte,15,6.0
2024-12-26,Tomate,28,19.6
2024-12-14,Karotte,11,4.4
2024-12-21,Zitrone,16,9.6
2024-12-27,Tomate,21,14.7
2024-12-24,Karotte,34,13.6
2025-01-04,Gurke,10,8.0
2025-01-02,Paprika,28,28.0
2025-01-10,Paprika,42,42.0
2025-01-01,Karotte,9,3.6
2024-12-30,Banane,46,13.8
2024-12-29,Paprika,44,44.0
2025-01-01,Gurke,18,14.4
2024-12-16,Banane,12,3.6
2025-01-10,Orange,20,13.0
2025-01-11,Tomate,39,27.3
2024-12-29,Orange,26,16.9
2024-12-19,Banane,31,9.3
2025-01-05,Orange,24,15.6
2024-12-16,Apfel,43,21.5
2025-01-07,Orange,4,2.6
2024-12-17,Karotte,11,4.4
2024-12-25,Karotte,45,18.0
2024-12-26,Gurke,50,40.0
2025-01-02,Gurke,28,22.4
2024-12-27,Tomate,27,18.9
2025-01-10,Paprika,6,6.0
2024-12-15,Orange,15,9.75
2024-12-23,Tomate,49,34.3
2024-12-30,Orange,10,6.5
2025-01-12,Apfel,14,7.0
2024-12-31,Gurke,43,34.4
2024-12-16,Banane,49,14.7
2025-01-03,Apfel,1,0.5
2024-12-29,Karotte,43,17.2
2024-12-23,Tomate,28,19.6
2025-01-01,Gurke,18,14.4
2025-01-11,Apfel,50,25.0
2024-12-23,Tomate,24,16.8
2025-01-08,Paprika,39,39.0
2024-12-18,Paprika,45,45.0
2025-01-06,Zitrone,2,1.2
2024-12-16,Banane,6,1.8
2025-01-02,Orange,29,18.85
2024-12-21,Tomate,16,11.2
2024-12-26,Zitrone,44,26.4
2025-01-08,Tomate,20,14.0
2024-12-16,Paprika,40,40.0
2025-01-09,Tomate,16,11.2
2024-12-31,Zitrone,28,16.8
2024-12-23,Karotte,10,4.0
2025-01-10,Tomate,50,35.0
2025-01-02,Paprika,42,42.0
2024-12-19,Orange,41,26.65
2024-12-31,Zitrone,2,1.2
2024-12-15,Banane,42,12.6
2025-01-02,Banane,13,3.9
2025-01-12,Orange,4,2.6
2025-01-06,Banane,28,8.4
2025-01-07,Karotte,32,12.8
2024-12-24,Tomate,28,19.6
2025-01-12,Apfel,7,3.5
2025-01-03,Banane,13,3.9
2024-12-28,Orange,23,14.95
2025-01-06,Orange,5,3.25
2024-12-28,Orange,47,30.55
2025-01-07,Paprika,15,15.0
2025-01-02,Gurke,45,36.0
2025-01-01,Tomate,35,24.5
2024-12-31,Gurke,44,35.2
2024-12-16,Zitrone,9,5.4
2025-01-05,Banane,34,10.2
2024-12-24,Apfel,25,12.5
2025-01-04,Zitrone,26,15.6
2024-12-18,Zitrone,33,19.8
2024-12-21,Gurke,3,2.4
2025-01-11,Tomate,31,21.7
2025-01-06,Gurke,31,24.8
2024-12-26,Gurke,13,10.4
2025-01-07,Gurke,26,20.8
2025-01-04,Apfel,26,13.0
2024-12-31,Paprika,15,15.0
2025-01-12,Orange,30,19.5
2025-01-06,Banane,41,12.3
2025-01-04,Karotte,23,9.2
2024-12-19,Zitrone,26,15.6
2024-12-23,Paprika,19,19.0
2024-12-29,Karotte,24,9.6
2025-01-07,Orange,8,5.2
2024-12-15,Banane,38,11.4
2024-12-15,Karotte,43,17.2
2024-12-17,Paprika,50,50.0
2024-12-24,Banane,40,12.0
2024-12-17,Apfel,26,13.0
2025-01-02,Karotte,3,1.2
2025-01-07,Orange,11,7.15
2025-01-10,Apfel,19,9.5
2024-12-19,Paprika,15,15.0
2024-12-23,Zitrone,31,18.6
2025-01-07,Paprika,11,11.0
2024-12-14,Karotte,14,5.6
2024-12-18,Apfel,16,8.0
2024-12-17,Zitrone,47,28.2
2024-12-29,Paprika,40,40.0
2024-12-24,Paprika,28,28.0
2024-12-16,Gurke,6,4.8
2025-01-09,Tomate,17,11.9
2025-01-12,Zitrone,42,25.2
2025-01-03,Gurke,37,29.6
2025-01-10,Orange,42,27.3
2025-01-11,Karotte,7,2.8
2025-01-01,Gurke,34,27.2
2025-01-06,Banane,8,2.4
2024-12-15,Paprika,24,24.0
2025-01-05,Zitrone,24,14.4
2025-01-08,Tomate,12,8.4
2024-12-28,Zitrone,8,4.8
2025-01-05,Orange,4,2.6
2024-12-28,Apfel,9,4.5
2024-12-16,Banane,33,9.9
2025-01-10,Apfel,22,11.0
2024-12-23,Gurke,21,16.8
2024-12-18,Orange,7,4.55
2025-01-12,Banane,42,12.6
2025-01-01,Gurke,8,6.4
2024-12-18,Karotte,47,18.8
2024-12-18,Tomate,26,18.2
2025-01-09,Paprika,46,46.0
2025-01-10,Tomate,28,19.6
2024-12-24,Tomate,36,25.2
2024-12-15,Gurke,21,16.8
2024-12-31,Tomate,11,7.7
2025-01-10,Orange,50,32.5
2024-12-15,Paprika,38,38.0
2025-01-03,Banane,43,12.9
2024-12-29,Gurke,13,10.4
2024-12-17,Orange,47,30.55
2024-12-26,Tomate,21,14.7
2024-12-18,Banane,42,12.6
2025-01-12,Zitrone,14,8.4
2024-12-15,Apfel,28,14.0
2025-01-06,Banane,45,13.5
2024-12-30,Gurke,7,5.6
2025-01-10,Paprika,4,4.0
2024-12-14,Orange,2,1.3
2025-01-04,Karotte,2,0.8
2024-12-23,Gurke,11,8.8
2025-01-11,Paprika,3,3.0
2024-12-22,Gurke,11,8.8
2025-01-06,Paprika,7,7.0
2024-12-29,Apfel,10,5.0
2024-12-27,Orange,23,14.95
2024-12-25,Apfel,10,5.0
2024-12-29,Gurke,42,33.6
2024-12-23,Orange,30,19.5
2024-12-31,Gurke,42,33.6
2025-01-03,Gurke,33,26.4
2024-12-17,Karotte,49,19.6
2025-01-03,Zitrone,33,19.8
2024-12-20,Karotte,4,1.6
2025-01-05,Zitrone,18,10.8
2025-01-06,Orange,2,1.3
2024-12-17,Zitrone,38,22.8
2024-12-25,Apfel,17,8.5
2024-12-25,Orange,17,11.05
2025-01-04,Tomate,34,23.8
2024-12-27,Apfel,12,6.0
2025-01-05,Gurke,36,28.8
2025-01-12,Banane,16,4.8
2025-01-06,Zitrone,43,25.8
2024-12-23,Tomate,30,21.0
2025-01-12,Paprika,44,44.0
2024-12-24,Karotte,17,6.8
2025-01-09,Tomate,50,35.0
2025-01-12,Apfel,45,22.5
2024-12-24,Banane,29,8.7
2024-12-21,Paprika,17,17.0
2024-12-28,Zitrone,43,25.8
2024-12-25,Zitrone,37,22.2
2025-01-09,Banane,24,7.2
2025-01-07,Orange,30,19.5
2025-01-12,Orange,29,18.85
2024-12-31,Karotte,13,5.2
2025-01-12,Orange,50,32.5
2024-12-25,Tomate,50,35.0
2025-01-12,Zitrone,37,22.2
2024-12-19,Karotte,45,18.0
2025-01-10,Karotte,26,10.4
2025-01-04,Karotte,5,2.0
2024-12-20,Gurke,2,1.6
2025-01-01,Paprika,15,15.0
2024-12-23,Paprika,31,31.0
2025-01-02,Banane,24,7.2
2024-12-21,Apfel,37,18.5
2025-01-12,Karotte,44,17.6
2024-12-30,Banane,14,4.2
2024-12-20,Zitrone,18,10.8
2024-12-23,Zitrone,35,21.0
2025-01-05,Gurke,11,8.8
2024-12-28,Paprika,39,39.0
2025-01-08,Zitrone,35,21.0
2024-12-26,Orange,40,26.0
2025-01-08,Paprika,2,2.0
2024-12-25,Zitrone,31,18.6
2024-12-25,Orange,40,26.0
2025-01-04,Zitrone,32,19.2
2024-12-19,Banane,32,9.6
2024-12-26,Tomate,49,34.3
2024-12-26,Tomate,24,16.8
2024-12-28,Karotte,35,14.0
2024-12-31,Orange,50,32.5
2024-12-29,Zitrone,26,15.6
2025-01-02,Zitrone,18,10.8
2024-12-17,Zitrone,47,28.2
2025-01-08,Apfel,29,14.5
2024-12-14,Orange,26,16.9
2025-01-11,Orange,41,26.65
2024-12-23,Apfel,13,6.5
2024-12-25,Tomate,34,23.8
2024-12-30,Zitrone,22,13.2
2024-12-22,Orange,45,29.25
2025-01-06,Karotte,44,17.6
2024-12-19,Tomate,16,11.2
2025-01-09,Banane,32,9.6
2024-12-28,Banane,44,13.2
2024-12-21,Paprika,49,49.0
2024-12-22,Paprika,6,6.0
2025-01-05,Karotte,8,3.2
2025-01-10,Apfel,6,3.0
2024-12-30,Paprika,9,9.0
2024-12-26,Paprika,15,15.0
2024-12-29,Karotte,36,14.4
2024-12-28,Banane,38,11.4
2025-01-09,Zitrone,3,1.8
2024-12-31,Apfel,22,11.0
2024-12-24,Karotte,19,7.6
2024-12-20,Zitrone,50,30.0
2024-12-14,Apfel,28,14.0
2025-01-05,Apfel,41,20.5
2024-12-16,Apfel,39,19.5
2024-12-16,Orange,6,3.9
2024-12-17,Tomate,40,28.0
2024-12-25,Tomate,16,11.2
2024-12-25,Tomate,17,11.9
2024-12-26,Apfel,22,11.0
2024-12-22,Paprika,3,3.0
2024-12-30,Zitrone,5,3.0
2025-01-08,Banane,40,12.0
2025-01-02,Tomate,17,11.9
2024-12-29,Paprika,34,34.0
2024-12-23,Apfel,14,7.0
2024-12-23,Zitrone,30,18.0
2024-12-24,Paprika,22,22.0
2024-12-26,Gurke,37,29.6
2024-12-19,Orange,47,30.55
2025-01-02,Apfel,15,7.5
2024-12-15,Apfel,10,5.0
2025-01-04,Paprika,19,19.0
2025-01-05,Karotte,6,2.4
2024-12-22,Gurke,25,20.0
2024-12-18,Gurke,40,32.0
2024-12-20,Zitrone,11,6.6
2024-12-15,Apfel,32,16.0
2025-01-09,Tomate,45,31.5
2025-01-02,Paprika,36,36.0
2024-12-23,Zitrone,5,3.0
2025-01-01,Orange,14,9.1
2024-12-26,Orange,15,9.75
2024-12-18,Apfel,28,14.0
2024-12-17,Orange,21,13.65
2025-01-01,Paprika,37,37.0
2025-01-03,Tomate,40,28.0
2025-01-08,Apfel,9,4.5
2025-01-09,Zitrone,34,20.4
2024-12-29,Gurke,14,11.2
2024-12-18,Karotte,31,12.4
2024-12-25,Gurke,32,25.6
2024-12-22,Karotte,7,2.8
2025-01-04,Banane,4,1.2
2025-01-04,Orange,14,9.1
2025-01-06,Tomate,36,25.2
2024-12-28,Zitrone,18,10.8
2024-12-21,Gurke,39,31.2
2024-12-27,Paprika,48,48.0
2025-01-09,Banane,29,8.7
2025-01-11,Apfel,11,5.5
2024-12-21,Banane,17,5.1
2025-01-04,Apfel,2,1.0
2025-01-04,Tomate,4,2.8
2024-12-26,Gurke,34,27.2
2024-12-21,Orange,9,5.85
2024-12-19,Orange,30,19.5
2025-01-10,Zitrone,15,9.0
2024-12-20,Tomate,46,32.2
2024-12-23,Gurke,50,40.0
2025-01-04,Banane,35,10.5
2025-01-10,Zitrone,46,27.6
2025-01-08,Banane,29,8.7
2024-12-24,Paprika,9,9.0
2024-12-21,Tomate,4,2.8
2024-12-30,Paprika,27,27.0
2024-12-17,Orange,33,21.45
2024-12-29,Orange,23,14.95
2024-12-16,Banane,11,3.3
2024-12-30,Karotte,18,7.2
2024-12-29,Gurke,48,38.4
2025-01-03,Paprika,42,42.0
2025-01-09,Paprika,8,8.0
2024-12-19,Gurke,21,16.8
2024-12-28,Orange,44,28.6
2024-12-19,Tomate,14,9.8
2025-01-09,Gurke,43,34.4
2024-12-15,Orange,46,29.9
2025-01-01,Apfel,23,11.5
2024-12-14,Apfel,16,8.0
2025-01-05,Paprika,20,20.0
2024-12-22,Apfel,32,16.0
2024-12-30,Apfel,5,2.5
2024-12-29,Tomate,4,2.8
2024-12-14,Tomate,39,27.3
2024-12-26,Banane,41,12.3
2024-12-14,Gurke,17,13.6
2024-12-20,Gurke,40,32.0
2024-12-30,Zitrone,4,2.4
2025-01-10,Paprika,10,10.0
2025-01-05,Zitrone,46,27.6
2024-12-31,Karotte,31,12.4
2025-01-07,Paprika,13,13.0
2024-12-15,Banane,43,12.9
2025-01-12,Gurke,50,40.0
2024-12-17,Apfel,8,4.0
2025-01-02,Zitrone,47,28.2
2024-12-25,Karotte,5,2.0
2024-12-19,Zitrone,11,6.6
2024-12-31,Paprika,6,6.0
2024-12-20,Paprika,29,29.0
2024-12-15,Paprika,4,4.0
2024-12-31,Banane,39,11.7
2024-12-15,Zitrone,20,12.0
2024-12-15,Karotte,24,9.6
2024-12-14,Orange,42,27.3
2025-01-01,Apfel,40,20.0
2024-12-24,Tomate,6,4.2
2024-12-22,Gurke,12,9.6
2024-12-23,Banane,9,2.7
2025-01-11,Apfel,19,9.5
2024-12-17,Banane,13,3.9
2024-12-21,Zitrone,50,30.0
2024-12-29,Karotte,28,11.2
2025-01-09,Karotte,35,14.0
2024-12-26,Tomate,8,5.6
2025-01-05,Gurke,23,18.4
2025-01-05,Apfel,16,8.0
2024-12-26,Gurke,13,10.4
2024-12-18,Gurke,24,19.2
2024-12-22,Banane,14,4.2
2024-12-16,Zitrone,32,19.2
2024-12-27,Apfel,33,16.5
2024-12-30,Tomate,45,31.5
2024-12-15,Tomate,9,6.3
2024-12-31,Gurke,13,10.4
2024-12-23,Karotte,20,8.0
2025-01-10,Gurke,37,29.6
2024-12-15,Gurke,22,17.6
2025-01-12,Zitrone,8,4.8
2024-12-23,Gurke,5,4.0
2024-12-25,Gurke,5,4.0
2025-01-09,Tomate,28,19.6
2025-01-05,Apfel,20,10.0
2024-12-23,Apfel,42,21.0
2024-12-20,Gurke,21,16.8
2025-01-01,Gurke,9,7.2
2025-01-03,Zitrone,44,26.4
2024-12-20,Apfel,48,24.0
2025-01-06,Zitrone,23,13.8
2024-12-31,Apfel,15,7.5
2025-01-04,Zitrone,31,18.6
2025-01-07,Orange,30,19.5
2025-01-06,Apfel,5,2.5
2025-01-12,Banane,21,6.3
2025-01-07,Karotte,41,16.4
2025-01-04,Zitrone,4,2.4
2025-01-05,Orange,17,11.05
2024-12-27,Orange,21,13.65
2025-01-11,Apfel,47,23.5
2025-01-08,Zitrone,29,17.4
2024-12-21,Zitrone,7,4.2
2024-12-14,Tomate,22,15.4
2025-01-08,Karotte,27,10.8
2024-12-26,Zitrone,36,21.6
2025-01-08,Banane,33,9.9
2024-12-22,Karotte,18,7.2
2024-12-20,Banane,6,1.8
2024-12-27,Apfel,22,11.0
2024-12-24,Orange,49,31.85
2025-01-02,Apfel,20,10.0
2025-01-12,Tomate,26,18.2
2024-12-14,Karotte,25,10.0
2024-12-31,Paprika,21,21.0
2025-01-09,Apfel,12,6.0
2024-12-19,Apfel,31,15.5
2025-01-05,Apfel,22,11.0
2025-01-09,Zitrone,46,27.6
2024-12-31,Paprika,39,39.0
2024-12-25,Karotte,24,9.6
2024-12-26,Paprika,1,1.0
2024-12-31,Paprika,39,39.0
2024-12-22,Banane,49,14.7
2024-12-29,Banane,31,9.3
2024-12-26,Gurke,47,37.6
2025-01-04,Karotte,11,4.4
2025-01-10,Banane,34,10.2
2024-12-23,Zitrone,11,6.6
2024-12-16,Orange,41,26.65
2025-01-04,Gurke,20,16.0
2024-12-24,Gurke,35,28.0
2025-01-10,Orange,46,29.9
2024-12-16,Tomate,26,18.2
2025-01-12,Orange,29,18.85
2025-01-07,Zitrone,6,3.6
2024-12-20,Tomate,19,13.3
2024-12-17,Gurke,17,13.6
2025-01-10,Zitrone,39,23.4
2024-12-25,Apfel,49,24.5
2025-01-05,Paprika,35,35.0
2025-01-07,Banane,34,10.2
2024-12-28,Zitrone,22,13.2
2024-12-24,Tomate,4,2.8
2024-12-29,Apfel,44,22.0
2024-12-26,Banane,45,13.5
2024-12-24,Tomate,48,33.6
2024-12-31,Karotte,2,0.8
2024-12-15,Paprika,47,47.0
2024-12-19,Gurke,8,6.4
2024-12-20,Orange,17,11.05
2025-01-07,Paprika,34,34.0
2025-01-10,Zitrone,3,1.8
2024-12-27,Orange,47,30.55
2025-01-10,Tomate,31,21.7
2024-12-23,Tomate,1,0.7
2024-12-16,Tomate,47,32.9
2025-01-10,Gurke,22,17.6
2025-01-04,Tomate,47,32.9
2025-01-01,Apfel,34,17.0
2024-12-16,Orange,28,18.2
2024-12-25,Zitrone,2,1.2
2024-12-22,Tomate,17,11.9
2025-01-06,Karotte,40,16.0
2025-01-02,Tomate,7,4.9
2025-01-08,Gurke,48,38.4
2025-01-03,Paprika,26,26.0
2025-01-03,Paprika,8,8.0
2024-12-23,Paprika,16,16.0
2025-01-06,Zitrone,38,22.8
2024-12-28,Apfel,40,20.0
2024-12-30,Karotte,1,0.4
2024-12-19,Paprika,17,17.0
2024-12-29,Orange,17,11.05
2025-01-12,Zitrone,39,23.4
2024-12-14,Orange,32,20.8
2024-12-31,Apfel,39,19.5
2024-12-29,Orange,13,8.45
2025-01-08,Orange,16,10.4
2025-01-01,Zitrone,24,14.4
2025-01-09,Gurke,22,17.6
2024-12-20,Tomate,17,11.9
2024-12-29,Paprika,29,29.0
2025-01-05,Paprika,21,21.0
2025-01-03,Paprika,3,3.0
2024-12-24,Tomate,30,21.0
2025-01-03,Apfel,40,20.0
2024-12-30,Banane,19,5.7
2024-12-23,Gurke,39,31.2
2024-12-24,Banane,13,3.9
2024-12-17,Zitrone,7,4.2
2025-01-03,Karotte,16,6.4
2024-12-17,Gurke,21,16.8
2024-12-17,Paprika,19,19.0
2024-12-31,Paprika,1,1.0
2024-12-16,Banane,35,10.5
2024-12-22,Tomate,44,30.8
2024-12-25,Orange,32,20.8
2024-12-30,Karotte,8,3.2
2025-01-04,Paprika,12,12.0
2024-12-22,Gurke,39,31.2
2025-01-08,Zitrone,46,27.6
2024-12-17,Paprika,33,33.0
2025-01-09,Gurke,41,32.8
2024-12-14,Banane,25,7.5
2025-01-01,Paprika,19,19.0
2025-01-07,Karotte,27,10.8
2024-12-18,Apfel,48,24.0
2024-12-31,Paprika,17,17.0
2024-12-26,Tomate,3,2.1
2025-01-02,Paprika,9,9.0
2024-12-14,Karotte,30,12.0
2024-12-15,Karotte,37,14.8
2024-12-30,Zitrone,39,23.4
2024-12-22,Paprika,31,31.0
2024-12-21,Zitrone,37,22.2
2025-01-11,Tomate,17,11.9
2024-12-29,Apfel,49,24.5
2024-12-21,Zitrone,35,21.0
2024-12-28,Zitrone,10,6.0
2025-01-12,Karotte,2,0.8
2024-12-24,Apfel,45,22.5
2024-12-21,Apfel,34,17.0
2024-12-18,Gurke,47,37.6
2025-01-07,Gurke,41,32.8
2024-12-31,Paprika,1,1.0
2024-12-20,Paprika,22,22.0
2025-01-11,Orange,33,21.45
2024-12-15,Apfel,38,19.0
2024-12-18,Paprika,29,29.0
2025-01-07,Karotte,22,8.8
2025-01-07,Zitrone,15,9.0
2025-01-11,Zitrone,46,27.6
2024-12-26,Orange,32,20.8
2024-12-31,Banane,31,9.3
2024-12-16,Tomate,24,16.8
2024-12-28,Zitrone,33,19.8
2024-12-15,Zitrone,39,23.4
2025-01-01,Karotte,45,18.0
2024-12-29,Apfel,1,0.5
2025-01-05,Banane,35,10.5
2025-01-08,Karotte,48,19.2
2024-12-28,Paprika,27,27.0
2024-12-25,Apfel,49,24.5
2025-01-01,Zitrone,37,22.2
2025-01-07,Tomate,21,14.7
2025-01-01,Orange,45,29.25
2024-12-20,Gurke,16,12.8
2025-01-01,Paprika,49,49.0
2025-01-07,Banane,46,13.8
2024-12-23,Tomate,48,33.6
2024-12-18,Orange,47,30.55
2025-01-09,Orange,6,3.9
2024-12-14,Paprika,11,11.0
2025-01-10,Apfel,12,6.0
2024-12-23,Banane,37,11.1
2024-12-16,Orange,10,6.5
2024-12-20,Gurke,9,7.2
2025-01-11,Banane,31,9.3
2025-01-11,Banane,37,11.1
2025-01-11,Zitrone,50,30.0
2024-12-20,Orange,38,24.7
2025-01-11,Tomate,18,12.6
2024-12-28,Paprika,15,15.0
2025-01-07,Paprika,34,34.0
2025-01-09,Banane,18,5.4
2025-01-05,Tomate,34,23.8
2024-12-19,Zitrone,32,19.2
2024-12-14,Karotte,20,8.0
2024-12-17,Paprika,12,12.0
2025-01-04,Banane,21,6.3
2024-12-17,Karotte,2,0.8
2024-12-30,Karotte,7,2.8
2025-01-01,Gurke,30,24.0
2024-12-27,Paprika,40,40.0
2025-01-10,Gurke,25,20.0
2025-01-12,Banane,32,9.6
2024-12-20,Banane,34,10.2
2024-12-29,Gurke,4,3.2
2025-01-11,Banane,42,12.6
2024-12-26,Apfel,7,3.5
2024-12-18,Zitrone,15,9.0
2024-12-30,Zitrone,34,20.4
2024-12-24,Tomate,41,28.7
2024-12-26,Orange,18,11.7
2024-12-29,Gurke,50,40.0
2025-01-02,Karotte,16,6.4
2025-01-04,Zitrone,48,28.8
2024-12-27,Banane,25,7.5
2024-12-19,Orange,31,20.15
2024-12-22,Banane,44,13.2
2024-12-26,Gurke,21,16.8
2024-12-18,Paprika,41,41.0
2024-12-24,Apfel,22,11.0
2024-12-31,Zitrone,18,10.8
2025-01-11,Banane,16,4.8
2025-01-12,Zitrone,19,11.4
2024-12-18,Karotte,5,2.0
2024-12-30,Gurke,15,12.0
2025-01-06,Banane,2,0.6
2025-01-09,Orange,29,18.85
2024-12-24,Zitrone,49,29.4
2024-12-29,Banane,8,2.4
2024-12-29,Gurke,35,28.0
2025-01-10,Tomate,39,27.3
2025-01-09,Zitrone,14,8.4
2025-01-11,Gurke,30,24.0
2024-12-19,Paprika,39,39.0
2024-12-29,Tomate,36,25.2
2025-01-10,Orange,22,14.3
2024-12-25,Tomate,15,10.5
2025-01-01,Banane,40,12.0
2024-12-22,Apfel,34,17.0
2025-01-10,Paprika,42,42.0
2024-12-31,Banane,25,7.5
2025-01-03,Karotte,13,5.2
2024-12-27,Orange,17,11.05
2024-12-23,Banane,28,8.4
2025-01-09,Gurke,28,22.4
2024-12-16,Karotte,48,19.2
2025-01-06,Karotte,23,9.2
2024-12-24,Gurke,48,38.4
2024-12-29,Apfel,19,9.5
2024-12-14,Banane,7,2.1
2025-01-06,Orange,32,20.8
2024-12-27,Karotte,35,14.0
2024-12-30,Paprika,37,37.0
2024-12-22,Tomate,24,16.8
2025-01-12,Apfel,43,21.5
2024-12-17,Paprika,2,2.0
2024-12-17,Paprika,36,36.0
2025-01-06,Banane,21,6.3
2025-01-05,Zitrone,42,25.2
2024-12-18,Tomate,15,10.5
2024-12-23,Karotte,38,15.2
2025-01-09,Apfel,12,6.0
2025-01-08,Apfel,5,2.5
2025-01-02,Gurke,24,19.2
2024-12-29,Banane,7,2.1
2025-01-07,Karotte,16,6.4
2025-01-12,Tomate,31,21.7
2024-12-31,Paprika,28,28.0
2024-12-30,Tomate,36,25.2
2025-01-11,Orange,32,20.8
2024-12-26,Orange,9,5.85
2025-01-09,Gurke,16,12.8
2025-01-09,Karotte,7,2.8
2025-01-06,Paprika,11,11.0
2025-01-07,Apfel,48,24.0
2025-01-03,Karotte,6,2.4
2024-12-31,Apfel,25,12.5
2025-01-09,Apfel,2,1.0
2024-12-17,Banane,21,6.3
2025-01-01,Gurke,34,27.2
2025-01-07,Zitrone,28,16.8
2024-12-29,Tomate,4,2.8
2024-12-14,Zitrone,27,16.2
2025-01-04,Tomate,22,15.4
2025-01-11,Apfel,15,7.5
2025-01-01,Orange,48,31.2
2024-12-22,Tomate,19,13.3
2025-01-06,Gurke,7,5.6
2025-01-06,Zitrone,6,3.6
2024-12-14,Gurke,49,39.2
2024-12-14,Paprika,33,33.0
2024-12-21,Karotte,13,5.2
2024-12-26,Karotte,4,1.6
2025-01-10,Gurke,32,25.6
2024-12-23,Gurke,34,27.2
2025-01-09,Apfel,46,23.0
2024-12-21,Paprika,30,30.0
2025-01-01,Tomate,4,2.8
2024-12-28,Apfel,39,19.5
2025-01-03,Gurke,7,5.6
2025-01-09,Apfel,30,15.0
2024-12-20,Tomate,50,35.0
2024-12-18,Gurke,40,32.0
2024-12-25,Tomate,47,32.9
2024-12-18,Banane,37,11.1
2025-01-06,Gurke,15,12.0
2024-12-26,Orange,32,20.8
2025-01-10,Banane,21,6.3
2024-12-27,Karotte,29,11.6
2024-12-16,Apfel,44,22.0
2024-12-14,Gurke,47,37.6
2025-01-12,Paprika,37,37.0
2024-12-16,Apfel,11,5.5
2025-01-11,Apfel,42,21.0
2025-01-09,Paprika,17,17.0
2024-12-21,Zitrone,19,11.4
2025-01-09,Apfel,47,23.5
2024-12-15,Apfel,48,24.0
2024-12-16,Karotte,39,15.6
2024-12-30,Tomate,40,28.0
2024-12-29,Gurke,32,25.6
2025-01-01,Gurke,43,34.4
2024-12-30,Paprika,28,28.0
2024-12-18,Apfel,46,23.0
2025-01-01,Karotte,38,15.2
2024-12-19,Gurke,34,27.2
2024-12-28,Gurke,9,7.2
2025-01-07,Orange,26,16.9
2024-12-19,Zitrone,50,30.0
2025-01-08,Karotte,35,14.0
2024-12-17,Karotte,21,8.4
2024-12-30,Karotte,15,6.0
2024-12-31,Gurke,17,13.6
2025-01-12,Gurke,23,18.4
2024-12-20,Banane,28,8.4
2025-01-01,Tomate,15,10.5
2025-01-02,Orange,1,0.65
2024-12-19,Zitrone,33,19.8
2024-12-25,Zitrone,16,9.6
2025-01-08,Gurke,14,11.2
2024-12-28,Gurke,1,0.8
2024-12-31,Zitrone,14,8.4
2024-12-19,Zitrone,46,27.6
2024-12-14,Apfel,20,10.0
2024-12-29,Gurke,19,15.2
2024-12-15,Zitrone,40,24.0
2025-01-12,Banane,21,6.3
2025-01-07,Karotte,39,15.6
2024-12-15,Banane,19,5.7
2025-01-11,Tomate,30,21.0
2025-01-01,Banane,7,2.1
2024-12-23,Orange,34,22.1
2025-01-07,Karotte,1,0.4
2024-12-26,Gurke,19,15.2
2024-12-30,Gurke,17,13.6
2025-01-12,Karotte,16,6.4
2024-12-15,Banane,26,7.8
2025-01-06,Paprika,28,28.0
2024-12-31,Tomate,16,11.2
2024-12-29,Banane,25,7.5
2024-12-26,Tomate,2,1.4
2025-01-07,Banane,49,14.7
2025-01-07,Karotte,1,0.4
2025-01-12,Tomate,49,34.3
2024-12-29,Apfel,49,24.5
2024-12-23,Banane,18,5.4
2025-01-07,Orange,37,24.05
2024-12-21,Zitrone,44,26.4
2024-12-29,Zitrone,37,22.2
2024-12-24,Tomate,14,9.8
2024-12-24,Zitrone,2,1.2
2024-12-20,Karotte,41,16.4
2024-12-18,Tomate,3,2.1
2024-12-26,Banane,16,4.8
2025-01-04,Banane,23,6.9
2024-12-16,Orange,6,3.9
2024-12-20,Apfel,50,25.0
2025-01-01,Paprika,5,5.0
2024-12-25,Gurke,38,30.4
2025-01-10,Banane,18,5.4
2024-12-18,Paprika,20,20.0
2024-12-17,Paprika,40,40.0
2025-01-07,Apfel,19,9.5
2024-12-21,Gurke,46,36.8
2025-01-12,Paprika,44,44.0
2025-01-02,Apfel,41,20.5
2024-12-23,Karotte,20,8.0
2024-12-29,Orange,47,30.55
2025-01-09,Banane,45,13.5
2025-01-05,Tomate,33,23.1
2024-12-14,Zitrone,39,23.4
2025-01-01,Tomate,11,7.7
2025-01-11,Karotte,28,11.2
2024-12-22,Banane,28,8.4
2024-12-18,Paprika,37,37.0
2025-01-04,Zitrone,9,5.4
2025-01-10,Apfel,46,23.0
2024-12-29,Paprika,40,40.0
2025-01-10,Paprika,23,23.0
2024-12-20,Karotte,6,2.4
2025-01-04,Karotte,39,15.6
2024-12-18,Paprika,37,37.0
2024-12-30,Gurke,32,25.6
2024-12-15,Zitrone,42,25.2
2025-01-01,Karotte,25,10.0
2024-12-25,Gurke,40,32.0
2024-12-31,Zitrone,8,4.8
2025-01-09,Karotte,30,12.0
2024-12-30,Tomate,35,24.5
2024-12-30,Tomate,27,18.9
2025-01-09,Banane,1,0.3
2024-12-25,Apfel,9,4.5
2025-01-01,Zitrone,36,21.6
2024-12-14,Tomate,47,32.9
2024-12-14,Banane,43,12.9
2024-12-22,Zitrone,43,25.8
2024-12-27,Banane,40,12.0
2025-01-08,Zitrone,35,21.0
2024-12-19,Gurke,26,20.8
2025-01-07,Paprika,31,31.0
2024-12-28,Banane,31,9.3
2024-12-18,Zitrone,33,19.8
2025-01-01,Zitrone,15,9.0
2024-12-24,Karotte,30,12.0
2024-12-22,Banane,28,8.4
2024-12-14,Banane,48,14.4
2024-12-19,Paprika,11,11.0
2024-12-31,Tomate,5,3.5
2025-01-01,Orange,40,26.0
2024-12-24,Paprika,26,26.0
2025-01-11,Gurke,30,24.0
2024-12-18,Gurke,11,8.8
2025-01-05,Apfel,14,7.0
2025-01-03,Paprika,47,47.0
2024-12-25,Orange,24,15.6
2024-12-18,Tomate,8,5.6
2024-12-16,Apfel,47,23.5
2025-01-01,Orange,27,17.55
2024-12-14,Tomate,31,21.7
2024-12-18,Zitrone,16,9.6
2024-12-27,Karotte,11,4.4
2024-12-16,Gurke,28,22.4
2024-12-17,Apfel,26,13.0
2024-12-23,Tomate,11,7.7
2025-01-06,Karotte,16,6.4
2025-01-09,Gurke,14,11.2
2025-01-04,Paprika,27,27.0
2025-01-01,Gurke,12,9.6
2024-12-18,Orange,2,1.3
2025-01-10,Karotte,27,10.8
2024-12-29,Orange,25,16.25
2025-01-07,Zitrone,11,6.6
2024-12-17,Gurke,32,25.6
2025-01-10,Orange,44,28.6
2025-01-02,Zitrone,12,7.2
2024-12-25,Zitrone,20,12.0
2024-12-14,Paprika,8,8.0
2025-01-08,Orange,27,17.55
2025-01-10,Tomate,41,28.7
2025-01-06,Paprika,45,45.0
2024-12-15,Paprika,32,32.0
2024-12-26,Banane,19,5.7
2024-12-16,Karotte,41,16.4
2025-01-12,Paprika,4,4.0
2025-01-03,Gurke,1,0.8
2024-12-27,Apfel,22,11.0
2025-01-08,Orange,19,12.35
2025-01-02,Karotte,32,12.8
2024-12-27,Karotte,32,12.8
2024-12-20,Tomate,4,2.8
2024-12-19,Banane,50,15.0
2025-01-02,Banane,11,3.3
2025-01-11,Paprika,44,44.0
2024-12-28,Orange,24,15.6
2025-01-12,Karotte,20,8.0
2025-01-01,Zitrone,16,9.6
2025-01-02,Karotte,28,11.2
2024-12-22,Karotte,20,8.0
2024-12-18,Tomate,11,7.7
2024-12-22,Gurke,37,29.6
2024-12-26,Orange,47,30.55
2025-01-12,Banane,7,2.1
2024-12-21,Apfel,40,20.0
2025-01-06,Apfel,49,24.5
2024-12-21,Tomate,15,10.5
2024-12-31,Apfel,28,14.0
2025-01-11,Zitrone,21,12.6
2024-12-15,Apfel,44,22.0
2025-01-09,Apfel,44,22.0
2024-12-17,Orange,32,20.8
2025-01-01,Zitrone,29,17.4
2024-12-16,Karotte,21,8.4
2024-12-26,Apfel,2,1.0
2025-01-07,Paprika,21,21.0
2025-01-02,Orange,36,23.4
2024-12-22,Banane,20,6.0
2024-12-25,Paprika,7,7.0
2024-12-25,Paprika,47,47.0
2024-12-21,Orange,16,10.4
2025-01-08,Karotte,5,2.0
2024-12-24,Paprika,29,29.0
2025-01-03,Karotte,14,5.6
2024-12-30,Tomate,7,4.9
2025-01-08,Tomate,36,25.2
2024-12-23,Paprika,12,12.0
2024-12-29,Orange,11,7.15
2025-01-08,Karotte,9,3.6
2025-01-11,Banane,9,2.7
2024-12-30,Apfel,20,10.0
2025-01-11,Apfel,31,15.5
2025-01-01,Banane,28,8.4
2024-12-19,Orange,17,11.05
2025-01-03,Apfel,15,7.5
2024-12-21,Tomate,50,35.0
2025-01-08,Apfel,24,12.0
2024-12-25,Tomate,47,32.9
2025-01-02,Karotte,16,6.4
2025-01-05,Paprika,23,23.0
2024-12-29,Orange,23,14.95
2025-01-02,Paprika,12,12.0
2024-12-22,Apfel,3,1.5
2024-12-25,Orange,36,23.4
2025-01-07,Gurke,26,20.8
2024-12-15,Zitrone,50,30.0
2025-01-01,Gurke,22,17.6
2025-01-11,Zitrone,40,24.0
2025-01-08,Tomate,24,16.8
2025-01-08,Banane,28,8.4
2024-12-27,Orange,34,22.1
2024-12-29,Tomate,14,9.8
2024-12-31,Paprika,22,22.0
2024-12-30,Apfel,44,22.0
2024-12-19,Tomate,48,33.6
2025-01-06,Apfel,36,18.0
2024-12-28,Paprika,23,23.0
2024-12-26,Orange,45,29.25
2024-12-26,Orange,2,1.3
2025-01-09,Apfel,45,22.5
2025-01-06,Orange,21,13.65
2024-12-25,Tomate,30,21.0
2024-12-24,Zitrone,5,3.0
2025-01-12,Banane,21,6.3
2024-12-29,Gurke,47,37.6
2025-01-05,Apfel,2,1.0
2024-12-19,Paprika,12,12.0
2024-12-31,Orange,19,12.35
2025-01-05,Paprika,9,9.0
2025-01-03,Orange,2,1.3
2024-12-22,Banane,17,5.1
2025-01-09,Orange,4,2.6
2024-12-23,Tomate,11,7.7
2025-01-07,Apfel,23,11.5
2024-12-15,Banane,31,9.3
2025-01-01,Banane,48,14.4
2024-12-31,Zitrone,23,13.8
2024-12-20,Orange,5,3.25
2025-01-11,Paprika,38,38.0
2025-01-03,Paprika,38,38.0
2024-12-30,Karotte,41,16.4
2024-12-19,Orange,13,8.45
2024-12-14,Orange,27,17.55
2025-01-04,Paprika,1,1.0
2024-12-26,Zitrone,35,21.0
2025-01-08,Orange,8,5.2
2024-12-31,Apfel,8,4.0
2024-12-15,Apfel,12,6.0
2024-12-21,Paprika,13,13.0
2025-01-08,Banane,32,9.6
2024-12-17,Karotte,49,19.6
2024-12-31,Banane,37,11.1
2025-01-03,Gurke,28,22.4
2024-12-28,Paprika,2,2.0
2024-12-23,Banane,30,9.0
2025-01-10,Zitrone,43,25.8
2024-12-17,Banane,31,9.3
2024-12-23,Zitrone,18,10.8
2025-01-01,Gurke,45,36.0
2024-12-22,Paprika,21,21.0
2024-12-17,Apfel,43,21.5
2025-01-03,Banane,11,3.3
2024-12-29,Karotte,7,2.8
2025-01-03,Tomate,21,14.7
2025-01-02,Paprika,27,27.0
2024-12-27,Paprika,4,4.0
2025-01-02,Paprika,22,22.0
2024-12-19,Zitrone,31,18.6
2025-01-11,Zitrone,36,21.6
2024-12-25,Tomate,18,12.6
2024-12-30,Tomate,26,18.2
2024-12-29,Tomate,10,7.0
2024-12-22,Orange,14,9.1
2024-12-17,Banane,2,0.6
2025-01-02,Paprika,12,12.0
2024-12-27,Orange,47,30.55
2025-01-10,Orange,23,14.95
2025-01-12,Paprika,46,46.0
2025-01-06,Tomate,33,23.1
2024-12-19,Tomate,25,17.5
2024-12-16,Gurke,35,28.0
2025-01-04,Banane,14,4.2
2024-12-17,Zitrone,40,24.0
2024-12-22,Orange,29,18.85
2024-12-15,Orange,37,24.05
2024-12-18,Apfel,26,13.0
2025-01-12,Orange,1,0.65
2025-01-05,Gurke,31,24.8
2025-01-11,Banane,12,3.6
2024-12-24,Paprika,37,37.0
2024-12-30,Gurke,41,32.8
2024-12-26,Banane,17,5.1
2024-12-30,Banane,45,13.5
2024-12-21,Gurke,13,10.4
2025-01-07,Zitrone,35,21.0
2024-12-21,Apfel,38,19.0
2024-12-18,Paprika,5,5.0
2024-12-21,Tomate,8,5.6
2025-01-04,Banane,30,9.0
2024-12-20,Tomate,16,11.2
2024-12-17,Apfel,38,19.0
2025-01-12,Paprika,15,15.0
2025-01-12,Paprika,33,33.0
2025-01-04,Gurke,28,22.4
2024-12-29,Apfel,1,0.5
2025-01-01,Banane,43,12.9
2024-12-23,Tomate,18,12.6
2024-12-21,Paprika,25,25.0
2025-01-06,Gurke,33,26.4
2025-01-07,Tomate,30,21.0
2025-01-10,Karotte,34,13.6
2024-12-30,Paprika,20,20.0
2024-12-14,Karotte,28,11.2
2024-12-16,Apfel,34,17.0
2024-12-21,Banane,5,1.5
2024-12-15,Apfel,39,19.5
2025-01-11,Gurke,24,19.2
2024-12-22,Gurke,8,6.4
2024-12-22,Zitrone,30,18.0
2025-01-06,Banane,14,4.2
2025-01-09,Apfel,2,1.0
2024-12-18,Zitrone,15,9.0
2024-12-29,Apfel,21,10.5
2024-12-19,Karotte,28,11.2
2024-12-19,Zitrone,29,17.4
2024-12-26,Banane,21,6.3
2025-01-04,Gurke,46,36.8
2024-12-26,Banane,26,7.8
2025-01-06,Apfel,3,1.5
2025-01-05,Paprika,40,40.0
2025-01-02,Apfel,46,23.0
2025-01-10,Paprika,17,17.0
2024-12-18,Apfel,38,19.0
2025-01-04,Banane,48,14.4
2024-12-14,Zitrone,11,6.6
2025-01-05,Tomate,7,4.9
2024-12-27,Tomate,49,34.3
2024-12-26,Banane,42,12.6
2024-12-23,Orange,26,16.9
2024-12-20,Gurke,23,18.4
2024-12-15,Banane,26,7.8
2025-01-10,Karotte,29,11.6
2024-12-24,Gurke,22,17.6
2024-12-30,Tomate,47,32.9
2025-01-12,Orange,37,24.05
2024-12-28,Zitrone,36,21.6
2024-12-31,Tomate,15,10.5
2024-12-16,Orange,6,3.9
2025-01-05,Paprika,13,13.0
2024-12-24,Gurke,37,29.6
2024-12-29,Paprika,9,9.0
2025-01-07,Tomate,30,21.0
2024-12-29,Karotte,47,18.8
2024-12-16,Banane,22,6.6
2024-12-18,Apfel,14,7.0
2025-01-09,Tomate,12,8.4
2025-01-11,Banane,23,6.9
2025-01-06,Gurke,33,26.4
2024-12-22,Banane,35,10.5
2025-01-05,Paprika,2,2.0
2024-12-23,Gurke,27,21.6
2024-12-28,Karotte,3,1.2
2024-12-30,Banane,18,5.4
2025-01-04,Banane,38,11.4
2024-12-15,Gurke,27,21.6
2024-12-16,Zitrone,3,1.8
2024-12-14,Paprika,39,39.0
2024-12-15,Apfel,48,24.0
2024-12-31,Banane,23,6.9
2024-12-17,Banane,47,14.1
2024-12-30,Banane,3,0.9
2025-01-09,Banane,3,0.9
2025-01-06,Gurke,39,31.2
2025-01-04,Apfel,33,16.5
2024-12-14,Zitrone,31,18.6
2024-12-16,Apfel,28,14.0
2025-01-02,Gurke,11,8.8
2024-12-27,Zitrone,27,16.2
2024-12-30,Orange,11,7.15
2024-12-31,Zitrone,8,4.8
2025-01-05,Karotte,11,4.4
2024-12-31,Apfel,9,4.5
2025-01-02,Karotte,40,16.0
2025-01-07,Apfel,36,18.0
2024-12-16,Zitrone,44,26.4
2025-01-11,Zitrone,42,25.2
2024-12-20,Paprika,7,7.0
2024-12-15,Tomate,1,0.7
2024-12-28,Gurke,37,29.6
2025-01-10,Orange,40,26.0
2025-01-07,Zitrone,38,22.8
2024-12-22,Zitrone,49,29.4
2024-12-23,Tomate,36,25.2
2024-12-16,Banane,48,14.4
2025-01-10,Zitrone,40,24.0
2024-12-26,Karotte,29,11.6
2025-01-05,Orange,17,11.05
2025-01-08,Paprika,37,37.0
2024-12-29,Karotte,48,19.2
2024-12-18,Apfel,45,22.5
2024-12-26,Zitrone,25,15.0
2024-12-20,Apfel,18,9.0
2025-01-11,Gurke,34,27.2
2025-01-07,Orange,7,4.55
2025-01-05,Orange,26,16.9
2024-12-30,Zitrone,25,15.0
2024-12-23,Orange,12,7.8
2024-12-27,Karotte,13,5.2
2024-12-24,Paprika,7,7.0
2025-01-01,Apfel,25,12.5
2024-12-24,Orange,35,22.75
2025-01-07,Karotte,46,18.4
2024-12-26,Gurke,18,14.4
2025-01-05,Zitrone,41,24.6
2024-12-22,Banane,43,12.9
2025-01-03,Apfel,41,20.5
2025-01-11,Paprika,29,29.0
2025-01-08,Zitrone,22,13.2
2024-12-19,Karotte,32,12.8
2024-12-25,Karotte,33,13.2
2024-12-15,Paprika,27,27.0
2025-01-10,Banane,22,6.6
2025-01-09,Banane,21,6.3
2024-12-25,Zitrone,11,6.6
2025-01-03,Zitrone,47,28.2
2024-12-20,Apfel,12,6.0
2025-01-03,Paprika,33,33.0
2024-12-20,Apfel,9,4.5
2024-12-30,Karotte,28,11.2
2025-01-10,Orange,24,15.6
2024-12-18,Orange,3,1.95
2025-01-11,Tomate,3,2.1
2025-01-01,Gurke,18,14.4
2024-12-25,Apfel,21,10.5
2025-01-10,Gurke,35,28.0
2024-12-25,Paprika,33,33.0
2024-12-16,Paprika,28,28.0
2025-01-10,Zitrone,44,26.4
2025-01-06,Zitrone,10,6.0
2024-12-17,Orange,30,19.5
2024-12-28,Zitrone,15,9.0
2024-12-19,Paprika,23,23.0
2024-12-18,Karotte,32,12.8
2024-12-25,Zitrone,20,12.0
2025-01-11,Orange,5,3.25
2024-12-19,Apfel,16,8.0
2025-01-01,Gurke,41,32.8
2024-12-26,Banane,49,14.7
2024-12-30,Apfel,30,15.0
2024-12-27,Orange,21,13.65
2024-12-16,Apfel,23,11.5
2024-12-14,Banane,34,10.2
2024-12-23,Paprika,45,45.0
2024-12-16,Zitrone,26,15.6
2024-12-30,Apfel,17,8.5
2024-12-24,Tomate,10,7.0
2025-01-11,Orange,49,31.85
2025-01-07,Tomate,44,30.8
2025-01-10,Orange,31,20.15
2025-01-06,Karotte,7,2.8
2025-01-07,Gurke,20,16.0
2025-01-07,Apfel,13,6.5
2025-01-08,Karotte,30,12.0
2024-12-31,Orange,15,9.75
2024-12-17,Tomate,1,0.7
2025-01-01,Tomate,31,21.7
2024-12-19,Karotte,7,2.8
2025-01-04,Orange,45,29.25
2024-12-16,Karotte,3,1.2
2024-12-20,Apfel,7,3.5
2025-01-06,Zitrone,2,1.2
2025-01-12,Paprika,19,19.0
2025-01-05,Zitrone,41,24.6
2025-01-01,Karotte,14,5.6
2024-12-25,Apfel,3,1.5
2025-01-10,Apfel,31,15.5
2025-01-06,Orange,7,4.55
2024-12-16,Banane,36,10.8
2025-01-01,Paprika,4,4.0
2024-12-14,Banane,48,14.4
2024-12-16,Paprika,49,49.0
2024-12-23,Orange,12,7.8
2025-01-06,Orange,32,20.8
2024-12-23,Orange,14,9.1
2024-12-21,Orange,17,11.05
2024-12-28,Karotte,16,6.4
2024-12-27,Tomate,12,8.4
2025-01-01,Apfel,2,1.0
2024-12-24,Gurke,48,38.4
2025-01-08,Orange,17,11.05
2024-12-27,Paprika,19,19.0
2025-01-08,Karotte,24,9.6
2024-12-30,Gurke,23,18.4
2024-12-31,Orange,42,27.3
2024-12-24,Zitrone,35,21.0
2025-01-04,Tomate,36,25.2
2025-01-06,Karotte,20,8.0
2025-01-10,Gurke,2,1.6
2025-01-07,Orange,8,5.2
2024-12-20,Tomate,9,6.3
2024-12-24,Zitrone,29,17.4
2024-12-31,Orange,33,21.45
2025-01-09,Karotte,21,8.4
2025-01-09,Paprika,30,30.0
2025-01-01,Paprika,9,9.0
2024-12-26,Orange,2,1.3
2025-01-08,Karotte,5,2.0
2024-12-30,Zitrone,17,10.2
2024-12-24,Orange,29,18.85
2024-12-25,Tomate,33,23.1
2024-12-22,Tomate,21,14.7
2025-01-06,Tomate,40,28.0
2024-12-31,Tomate,28,19.6
2024-12-27,Orange,12,7.8
2025-01-06,Orange,45,29.25
2025-01-01,Tomate,43,30.1
2024-12-21,Tomate,30,21.0
2024-12-23,Tomate,13,9.1
2024-12-23,Banane,6,1.8
2024-12-18,Tomate,43,30.1
2024-12-25,Orange,3,1.95
2024-12-22,Zitrone,8,4.8
2025-01-03,Karotte,32,12.8
2025-01-12,Apfel,8,4.0
2024-12-30,Gurke,30,24.0
2024-12-20,Apfel,9,4.5
2024-12-30,Paprika,44,44.0
2024-12-17,Banane,24,7.2
2025-01-09,Apfel,30,15.0
2025-01-08,Banane,18,5.4
2025-01-05,Zitrone,25,15.0
2025-01-05,Paprika,31,31.0
2024-12-18,Tomate,38,26.6
2024-12-14,Apfel,13,6.5
2025-01-03,Gurke,27,21.6
2024-12-23,Gurke,6,4.8
2024-12-24,Banane,33,9.9
2024-12-29,Orange,34,22.1
2024-12-24,Karotte,2,0.8
2024-12-18,Banane,48,14.4
2024-12-27,Tomate,39,27.3
2024-12-27,Banane,16,4.8
2025-01-09,Paprika,34,34.0
2025-01-11,Apfel,10,5.0
2024-12-19,Zitrone,3,1.8
2025-01-07,Zitrone,37,22.2
2024-12-16,Orange,11,7.15
2024-12-19,Orange,8,5.2
2025-01-01,Orange,45,29.25
2024-12-19,Banane,17,5.1
2024-12-26,Gurke,13,10.4
2024-12-23,Paprika,14,14.0
2024-12-22,Orange,9,5.85
2024-12-19,Apfel,12,6.0
2024-12-30,Zitrone,33,19.8
2024-12-19,Orange,34,22.1
2024-12-28,Tomate,10,7.0
2025-01-02,Banane,7,2.1
2024-12-14,Orange,28,18.2
2025-01-09,Orange,28,18.2
2024-12-24,Tomate,37,25.9
2025-01-11,Orange,39,25.35
2025-01-05,Tomate,34,23.8
2025-01-03,Zitrone,38,22.8
2025-01-11,Paprika,9,9.0
2024-12-22,Karotte,14,5.6
2025-01-09,Tomate,5,3.5
2024-12-15,Apfel,27,13.5
2025-01-11,Karotte,9,3.6
2025-01-11,Orange,15,9.75
2025-01-06,Karotte,48,19.2
2025-01-08,Gurke,24,19.2
2025-01-03,Paprika,31,31.0
2024-12-16,Banane,4,1.2
2024-12-21,Karotte,36,14.4
2025-01-03,Gurke,2,1.6
2025-01-11,Orange,28,18.2
2024-12-20,Gurke,12,9.6
2025-01-10,Banane,23,6.9
2025-01-06,Tomate,4,2.8
2025-01-06,Apfel,34,17.0
2025-01-11,Tomate,9,6.3
2025-01-06,Banane,48,14.4
2025-01-05,Banane,49,14.7
2024-12-27,Gurke,38,30.4
2024-12-28,Gurke,5,4.0
2025-01-10,Karotte,25,10.0
2025-01-02,Karotte,25,10.0
2024-12-22,Banane,24,7.2
2025-01-09,Paprika,48,48.0
2024-12-24,Orange,30,19.5
2025-01-02,Gurke,20,16.0
2025-01-02,Orange,37,24.05
2025-01-10,Zitrone,22,13.2
2024-12-25,Zitrone,36,21.6
2025-01-02,Zitrone,26,15.6
2024-12-16,Apfel,40,20.0
2024-12-26,Paprika,27,27.0
2024-12-25,Karotte,32,12.8
2024-12-30,Tomate,28,19.6
2024-12-31,Orange,42,27.3
2024-12-19,Orange,18,11.7
2025-01-03,Karotte,24,9.6
2024-12-17,Paprika,9,9.0
2024-12-25,Zitrone,27,16.2
2024-12-14,Tomate,49,34.3
2025-01-09,Karotte,44,17.6
2024-12-30,Banane,34,10.2
2024-12-20,Karotte,49,19.6
2024-12-15,Apfel,12,6.0
2024-12-20,Orange,36,23.4
2025-01-09,Orange,25,16.25
2025-01-07,Gurke,22,17.6
2024-12-16,Gurke,36,28.8
2024-12-20,Orange,36,23.4
2025-01-05,Banane,29,8.7
2024-12-20,Zitrone,32,19.2
2024-12-15,Karotte,26,10.4
2025-01-09,Orange,44,28.6
2025-01-12,Banane,7,2.1
2024-12-27,Karotte,41,16.4
2024-12-14,Orange,39,25.35
2025-01-08,Zitrone,23,13.8
2025-01-03,Paprika,12,12.0
2024-12-19,Banane,14,4.2
2024-12-20,Paprika,42,42.0
2025-01-02,Banane,9,2.7
2024-12-22,Tomate,18,12.6
2024-12-18,Orange,33,21.45
2024-12-29,Zitrone,23,13.8
2024-12-28,Orange,44,28.6
2024-12-26,Paprika,27,27.0
2024-12-20,Tomate,23,16.1
2024-12-17,Paprika,2,2.0
2024-12-23,Zitrone,29,17.4
2025-01-08,Banane,15,4.5
2025-01-04,Apfel,40,20.0
2025-01-06,Apfel,17,8.5
2024-12-29,Banane,29,8.7
2025-01-05,Apfel,23,11.5
2025-01-02,Paprika,29,29.0
2025-01-05,Tomate,15,10.5
2024-12-28,Banane,10,3.0
2025-01-05,Karotte,32,12.8
2025-01-03,Orange,41,26.65
2025-01-11,Zitrone,43,25.8
2025-01-10,Tomate,13,9.1
2025-01-03,Paprika,29,29.0
2024-12-17,Zitrone,34,20.4
2025-01-02,Orange,23,14.95
2024-12-24,Zitrone,2,1.2
2025-01-07,Gurke,29,23.2
2024-12-31,Orange,18,11.7
2025-01-04,Orange,43,27.95
2025-01-10,Tomate,8,5.6
2024-12-15,Banane,3,0.9
2025-01-06,Tomate,36,25.2
2024-12-23,Banane,14,4.2
2024-12-29,Tomate,33,23.1
2025-01-09,Zitrone,22,13.2
2025-01-06,Gurke,9,7.2
2025-01-09,Tomate,36,25.2
2024-12-23,Zitrone,15,9.0
2024-12-23,Paprika,10,10.0
2024-12-18,Gurke,14,11.2
2024-12-24,Zitrone,32,19.2
2024-12-27,Karotte,9,3.6
2025-01-11,Apfel,20,10.0
2024-12-26,Orange,3,1.95
2025-01-09,Paprika,31,31.0
2025-01-11,Apfel,42,21.0
2025-01-03,Tomate,21,14.7
2024-12-20,Paprika,30,30.0
2025-01-10,Apfel,47,23.5
2025-01-05,Zitrone,40,24.0
2024-12-15,Zitrone,31,18.6
2025-01-11,Karotte,33,13.2
2024-12-30,Orange,39,25.35
2024-12-21,Tomate,14,9.8
2025-01-12,Paprika,9,9.0
2025-01-09,Paprika,12,12.0
2024-12-27,Zitrone,6,3.6
2024-12-20,Apfel,11,5.5
2024-12-27,Banane,15,4.5
2025-01-08,Paprika,5,5.0
2024-12-14,Orange,12,7.8
2025-01-07,Zitrone,44,26.4
2024-12-16,Zitrone,31,18.6
2025-01-08,Orange,19,12.35
2025-01-05,Paprika,36,36.0
2024-12-24,Apfel,23,11.5
2024-12-30,Orange,18,11.7
2024-12-16,Apfel,34,17.0
2024-12-20,Gurke,5,4.0
2024-12-24,Banane,23,6.9
2025-01-05,Paprika,24,24.0
2025-01-06,Karotte,47,18.8
2024-12-29,Orange,30,19.5
2025-01-12,Tomate,10,7.0
2024-12-27,Banane,14,4.2
2024-12-30,Apfel,14,7.0
2024-12-17,Paprika,26,26.0
2024-12-28,Zitrone,30,18.0
2024-12-20,Zitrone,36,21.6
2024-12-16,Tomate,42,29.4
2024-12-19,Tomate,34,23.8
2024-12-25,Paprika,19,19.0
2024-12-29,Apfel,42,21.0
2024-12-23,Gurke,7,5.6
2024-12-27,Apfel,22,11.0
2025-01-06,Tomate,49,34.3
2024-12-20,Orange,25,16.25
2024-12-15,Banane,27,8.1
2025-01-06,Banane,15,4.5
2025-01-09,Tomate,40,28.0
2024-12-14,Banane,21,6.3
2025-01-09,Apfel,39,19.5
2024-12-23,Tomate,40,28.0
2024-12-31,Banane,15,4.5
2025-01-06,Zitrone,33,19.8
2025-01-02,Paprika,45,45.0
2025-01-07,Karotte,12,4.8
2024-12-17,Karotte,13,5.2
2025-01-07,Gurke,17,13.6
2024-12-17,Gurke,3,2.4
2024-12-29,Karotte,32,12.8
2025-01-11,Paprika,3,3.0
2025-01-06,Banane,7,2.1
2024-12-22,Paprika,22,22.0
2024-12-24,Apfel,39,19.5
2024-12-27,Apfel,37,18.5
2024-12-21,Tomate,31,21.7
2024-12-28,Banane,27,8.1
2024-12-15,Apfel,3,1.5
2025-01-03,Zitrone,44,26.4
2024-12-14,Orange,41,26.65
2025-01-10,Orange,21,13.65
2024-12-16,Karotte,20,8.0
2024-12-15,Orange,22,14.3
2025-01-02,Paprika,11,11.0
2025-01-05,Zitrone,38,22.8
2024-12-22,Zitrone,7,4.2
2024-12-15,Apfel,17,8.5
2025-01-02,Gurke,38,30.4
2025-01-12,Banane,5,1.5
2024-12-17,Tomate,37,25.9
2024-12-21,Apfel,41,20.5
2025-01-03,Orange,12,7.8
2025-01-02,Zitrone,25,15.0
2024-12-24,Tomate,31,21.7
2025-01-06,Tomate,8,5.6
2025-01-08,Paprika,31,31.0
2024-12-21,Paprika,4,4.0
2025-01-05,Apfel,30,15.0
2025-01-10,Banane,17,5.1
2024-12-25,Orange,12,7.8
2024-12-14,Apfel,33,16.5
2024-12-14,Karotte,29,11.6
2024-12-25,Tomate,16,11.2
2024-12-29,Karotte,3,1.2
2024-12-21,Gurke,17,13.6
2024-12-24,Tomate,17,11.9
2025-01-10,Karotte,3,1.2
2025-01-08,Gurke,19,15.2
2024-12-29,Karotte,36,14.4
2024-12-24,Zitrone,2,1.2
2025-01-03,Zitrone,6,3.6
2025-01-02,Apfel,32,16.0
2024-12-22,Karotte,27,10.8
2024-12-25,Orange,10,6.5
2024-12-26,Paprika,28,28.0
2024-12-25,Zitrone,45,27.0
2024-12-29,Karotte,20,8.0
2024-12-18,Paprika,17,17.0
2024-12-21,Orange,26,16.9
2025-01-12,Apfel,26,13.0
2024-12-22,Orange,12,7.8
2025-01-07,Banane,20,6.0
2025-01-07,Tomate,28,19.6
2024-12-18,Orange,25,16.25
2025-01-12,Gurke,44,35.2
2024-12-22,Apfel,22,11.0
2024-12-26,Paprika,45,45.0
2025-01-05,Gurke,14,11.2
2024-12-19,Zitrone,37,22.2
2024-12-23,Orange,25,16.25
2025-01-09,Apfel,15,7.5
2025-01-06,Karotte,18,7.2
2025-01-06,Orange,11,7.15
2025-01-07,Banane,30,9.0
2024-12-24,Karotte,39,15.6
2024-12-25,Orange,15,9.75
2024-12-26,Orange,46,29.9
2024-12-26,Karotte,34,13.6
2025-01-07,Tomate,6,4.2
2024-12-15,Gurke,46,36.8
2024-12-23,Apfel,15,7.5
2025-01-10,Orange,17,11.05
2024-12-19,Gurke,37,29.6
2025-01-11,Gurke,49,39.2
2024-12-17,Zitrone,3,1.8
2024-12-23,Banane,45,13.5
2025-01-07,Tomate,4,2.8
2025-01-02,Orange,10,6.5
2024-12-30,Gurke,16,12.8
2024-12-26,Orange,25,16.25
2024-12-25,Paprika,25,25.0
2024-12-25,Paprika,32,32.0
2024-12-19,Paprika,23,23.0
2024-12-23,Orange,45,29.25
2025-01-02,Banane,22,6.6
2025-01-02,Orange,13,8.45
2024-12-29,Tomate,10,7.0
2024-12-23,Tomate,19,13.3
2024-12-21,Orange,43,27.95
2024-12-26,Paprika,41,41.0
2024-12-22,Gurke,49,39.2
2025-01-03,Gurke,35,28.0
2025-01-10,Zitrone,36,21.6
2025-01-04,Karotte,22,8.8
2024-12-28,Zitrone,45,27.0
2024-12-26,Apfel,1,0.5
2024-12-20,Apfel,50,25.0
2025-01-05,Apfel,42,21.0
2024-12-27,Karotte,26,10.4
2025-01-07,Tomate,36,25.2
2024-12-23,Gurke,15,12.0
2025-01-10,Orange,41,26.65
2024-12-15,Apfel,24,12.0
2024-12-15,Tomate,40,28.0
2024-12-24,Gurke,9,7.2
2024-12-25,Banane,6,1.8
2025-01-09,Zitrone,49,29.4
2024-12-26,Gurke,45,36.0
2025-01-02,Orange,37,24.05
2024-12-15,Banane,44,13.2
2024-12-31,Orange,15,9.75
2024-12-31,Orange,34,22.1
2024-12-16,Banane,3,0.9
2024-12-29,Karotte,41,16.4
2024-12-22,Orange,6,3.9
2025-01-10,Gurke,5,4.0
2024-12-17,Karotte,31,12.4
2025-01-05,Orange,9,5.85
2024-12-18,Karotte,27,10.8
2024-12-25,Zitrone,30,18.0
2025-01-05,Zitrone,17,10.2
2024-12-19,Tomate,46,32.2
2024-12-22,Apfel,48,24.0
2024-12-15,Orange,16,10.4
2025-01-11,Gurke,8,6.4
2024-12-21,Banane,19,5.7
2024-12-24,Apfel,25,12.5
2024-12-21,Banane,47,14.1
2025-01-03,Orange,50,32.5
2024-12-19,Zitrone,18,10.8
2025-01-10,Banane,7,2.1
2024-12-29,Banane,48,14.4
2024-12-28,Karotte,33,13.2
2024-12-20,Zitrone,20,12.0
2024-12-28,Gurke,10,8.0
2024-12-25,Paprika,33,33.0
2024-12-16,Orange,32,20.8
2024-12-26,Tomate,9,6.3
2024-12-14,Tomate,18,12.6
2025-01-01,Tomate,20,14.0
2024-12-23,Karotte,18,7.2
2024-12-23,Zitrone,37,22.2
2025-01-02,Tomate,37,25.9
2025-01-06,Karotte,24,9.6
2024-12-25,Paprika,5,5.0
2024-12-24,Orange,50,32.5
2024-12-30,Karotte,18,7.2
2024-12-19,Tomate,9,6.3
2024-12-29,Paprika,35,35.0
2024-12-18,Apfel,10,5.0
2025-01-02,Orange,50,32.5
2025-01-01,Apfel,12,6.0
2024-12-20,Gurke,14,11.2
2025-01-08,Apfel,4,2.0
2025-01-10,Orange,36,23.4
2024-12-26,Paprika,3,3.0
2024-12-29,Apfel,29,14.5
2024-12-31,Karotte,8,3.2
2024-12-20,Apfel,16,8.0
2024-12-21,Orange,6,3.9
2024-12-29,Banane,43,12.9
2025-01-11,Banane,48,14.4
2024-12-17,Apfel,45,22.5
2024-12-28,Banane,10,3.0
2025-01-03,Zitrone,24,14.4
2025-01-07,Banane,1,0.3
2024-12-25,Paprika,30,30.0
2024-12-20,Paprika,7,7.0
2024-12-22,Apfel,6,3.0
2024-12-17,Gurke,24,19.2
2025-01-02,Orange,12,7.8
2024-12-17,Gurke,36,28.8
2024-12-25,Zitrone,19,11.4
2024-12-18,Zitrone,1,0.6
2025-01-09,Banane,17,5.1
2025-01-07,Gurke,21,16.8
2024-12-30,Karotte,32,12.8
2024-12-29,Apfel,37,18.5
2025-01-04,Gurke,48,38.4
2024-12-16,Orange,21,13.65
2025-01-03,Paprika,34,34.0
2024-12-16,Paprika,43,43.0
2024-12-29,Zitrone,12,7.2
2025-01-02,Banane,42,12.6
2025-01-04,Paprika,18,18.0
2025-01-09,Tomate,24,16.8
2025-01-01,Zitrone,10,6.0
2025-01-04,Orange,9,5.85
2025-01-03,Orange,12,7.8
2024-12-28,Orange,19,12.35
2024-12-25,Tomate,3,2.1
2024-12-15,Tomate,48,33.6
2024-12-22,Tomate,17,11.9
2025-01-10,Tomate,40,28.0
2024-12-28,Tomate,42,29.4
2024-12-22,Karotte,49,19.6
2024-12-18,Zitrone,35,21.0
2024-12-21,Karotte,48,19.2
2024-12-16,Karotte,14,5.6
2025-01-07,Gurke,21,16.8
2024-12-25,Banane,48,14.4
2024-12-25,Orange,17,11.05
2025-01-05,Apfel,46,23.0
2025-01-11,Paprika,32,32.0
2025-01-11,Apfel,50,25.0
2025-01-05,Tomate,47,32.9
2024-12-17,Karotte,46,18.4
2024-12-27,Banane,23,6.9
2024-12-25,Karotte,16,6.4
2025-01-03,Zitrone,12,7.2
2024-12-29,Gurke,19,15.2
2024-12-18,Banane,34,10.2
2025-01-02,Gurke,15,12.0
2025-01-08,Tomate,30,21.0
2024-12-23,Zitrone,47,28.2
2024-12-23,Paprika,46,46.0
2024-12-23,Banane,28,8.4
2024-12-17,Apfel,16,8.0
2024-12-22,Gurke,25,20.0
2024-12-15,Karotte,38,15.2
2024-12-15,Banane,23,6.9
2025-01-06,Banane,15,4.5
2024-12-31,Gurke,17,13.6
2024-12-21,Karotte,8,3.2
2024-12-30,Zitrone,16,9.6
2025-01-11,Orange,27,17.55
2024-12-31,Apfel,32,16.0
2024-12-20,Paprika,24,24.0
2025-01-06,Zitrone,38,22.8
2025-01-09,Gurke,21,16.8
2024-12-28,Gurke,12,9.6
2024-12-25,Orange,28,18.2
2024-12-18,Zitrone,17,10.2
2024-12-29,Apfel,12,6.0
2024-12-25,Tomate,15,10.5
2024-12-19,Orange,13,8.45
2025-01-04,Tomate,11,7.7
2024-12-19,Tomate,32,22.4
2024-12-20,Apfel,6,3.0
2025-01-12,Banane,30,9.0
2025-01-02,Karotte,1,0.4
2025-01-12,Orange,13,8.45
2025-01-04,Karotte,31,12.4
2025-01-02,Zitrone,37,22.2
2025-01-03,Apfel,8,4.0
2025-01-06,Gurke,47,37.6
2025-01-02,Orange,35,22.75
2024-12-22,Paprika,43,43.0
2024-12-23,Gurke,26,20.8
2024-12-28,Gurke,38,30.4
2025-01-06,Orange,43,27.95
2024-12-19,Karotte,7,2.8
2024-12-14,Banane,8,2.4
2024-12-24,Orange,3,1.95
2024-12-25,Banane,50,15.0
2025-01-04,Zitrone,20,12.0
2025-01-04,Zitrone,2,1.2
2024-12-15,Tomate,47,32.9
2025-01-01,Zitrone,42,25.2
2024-12-21,Apfel,22,11.0
2024-12-14,Orange,12,7.8
2024-12-16,Paprika,13,13.0
2024-12-26,Zitrone,7,4.2
2024-12-18,Apfel,29,14.5
2025-01-08,Zitrone,18,10.8
2024-12-28,Zitrone,23,13.8
2024-12-14,Apfel,17,8.5
2025-01-08,Zitrone,33,19.8
2024-12-28,Banane,11,3.3
2024-12-22,Paprika,1,1.0
2024-12-24,Zitrone,37,22.2
2024-12-18,Zitrone,1,0.6
2024-12-22,Tomate,24,16.8
2024-12-18,Tomate,15,10.5
2024-12-26,Paprika,25,25.0
2024-12-28,Gurke,28,22.4
2025-01-06,Orange,11,7.15
2025-01-04,Apfel,7,3.5
2024-12-28,Zitrone,34,20.4
2024-12-19,Tomate,22,15.4
2024-12-27,Tomate,26,18.2
2025-01-01,Gurke,46,36.8
2024-12-15,Tomate,49,34.3
2024-12-14,Zitrone,40,24.0
2025-01-06,Karotte,30,12.0
2024-12-21,Gurke,27,21.6
2025-01-02,Karotte,27,10.8
2024-12-22,Banane,5,1.5
2025-01-04,Apfel,18,9.0
2025-01-08,Orange,23,14.95
2024-12-18,Zitrone,45,27.0
2024-12-29,Banane,33,9.9
2024-12-21,Karotte,38,15.2
2024-12-27,Paprika,8,8.0
2025-01-11,Gurke,15,12.0
2024-12-26,Gurke,42,33.6
2025-01-10,Gurke,7,5.6
2025-01-06,Gurke,20,16.0
2025-01-04,Orange,35,22.75
2024-12-29,Gurke,4,3.2
2024-12-23,Apfel,39,19.5
2025-01-03,Zitrone,28,16.8
2024-12-27,Zitrone,33,19.8
2024-12-24,Gurke,1,0.8
2025-01-07,Paprika,9,9.0
2025-01-10,Tomate,38,26.6
2025-01-03,Karotte,3,1.2
2025-01-05,Gurke,28,22.4
2024-12-24,Zitrone,24,14.4
2024-12-22,Apfel,40,20.0
2024-12-25,Gurke,35,28.0
2025-01-08,Orange,16,10.4
2025-01-01,Paprika,19,19.0
2024-12-31,Karotte,46,18.4
2024-12-27,Gurke,41,32.8
2024-12-17,Tomate,46,32.2
2024-12-24,Gurke,33,26.4
2024-12-23,Karotte,1,0.4
2024-12-20,Karotte,27,10.8
2025-01-01,Apfel,42,21.0
2025-01-10,Paprika,32,32.0
2025-01-05,Orange,16,10.4
2024-12-17,Gurke,40,32.0
2024-12-23,Tomate,47,32.9
2024-12-14,Orange,20,13.0
2024-12-17,Banane,2,0.6
2024-12-25,Zitrone,27,16.2
2025-01-04,Banane,44,13.2
2024-12-25,Zitrone,9,5.4
2024-12-14,Banane,2,0.6
2024-12-29,Zitrone,29,17.4
2025-01-03,Zitrone,45,27.0
2024-12-24,Tomate,48,33.6
2024-12-26,Paprika,36,36.0
2024-12-27,Paprika,50,50.0
2025-01-01,Karotte,50,20.0
2025-01-05,Apfel,16,8.0
2025-01-03,Zitrone,45,27.0
2024-12-16,Orange,50,32.5
2025-01-04,Paprika,37,37.0
2024-12-22,Paprika,37,37.0
2025-01-05,Banane,21,6.3
2024-12-19,Apfel,38,19.0
2025-01-08,Paprika,25,25.0
2024-12-14,Gurke,43,34.4
2024-12-17,Tomate,25,17.5
2024-12-17,Karotte,5,2.0
2025-01-10,Orange,2,1.3
2024-12-15,Paprika,33,33.0
2024-12-29,Apfel,22,11.0
2024-12-23,Zitrone,35,21.0
2025-01-07,Apfel,12,6.0
2024-12-15,Orange,29,18.85
2024-12-25,Tomate,1,0.7
2024-12-25,Banane,25,7.5
2025-01-06,Zitrone,13,7.8
2024-12-31,Zitrone,43,25.8
2025-01-05,Banane,28,8.4
2024-12-23,Tomate,12,8.4
2024-12-31,Orange,6,3.9
2025-01-09,Zitrone,40,24.0
2025-01-06,Karotte,37,14.8
2025-01-03,Zitrone,29,17.4
2024-12-16,Apfel,24,12.0
2024-12-23,Apfel,47,23.5
2024-12-16,Karotte,40,16.0
2024-12-25,Paprika,35,35.0
2025-01-12,Paprika,47,47.0
2024-12-29,Karotte,23,9.2
2024-12-18,Tomate,40,28.0
2025-01-01,Zitrone,33,19.8
2024-12-21,Apfel,43,21.5
2025-01-11,Paprika,39,39.0
2024-12-14,Banane,28,8.4
2025-01-06,Apfel,43,21.5
2024-12-16,Gurke,7,5.6
2024-12-18,Karotte,20,8.0
2024-12-15,Paprika,8,8.0
2025-01-12,Banane,15,4.5
2025-01-06,Orange,17,11.05
2025-01-06,Karotte,2,0.8
2024-12-30,Banane,43,12.9
2024-12-30,Paprika,29,29.0
2024-12-23,Tomate,42,29.4
2024-12-19,Gurke,4,3.2
2025-01-07,Paprika,28,28.0
2024-12-21,Gurke,2,1.6
2025-01-05,Banane,19,5.7
2025-01-03,Gurke,27,21.6
2024-12-26,Gurke,15,12.0
2024-12-21,Karotte,36,14.4
2025-01-05,Karotte,37,14.8
2024-12-24,Tomate,31,21.7
2024-12-16,Karotte,47,18.8
2024-12-20,Paprika,32,32.0
2024-12-18,Apfel,25,12.5
2025-01-11,Zitrone,32,19.2
2024-12-24,Banane,6,1.8
2025-01-02,Apfel,5,2.5
2024-12-23,Zitrone,47,28.2
2024-12-19,Gurke,3,2.4
2025-01-02,Apfel,36,18.0
2025-01-02,Apfel,48,24.0
2024-12-14,Gurke,25,20.0
2025-01-06,Banane,41,12.3
2024-12-17,Paprika,30,30.0
2025-01-09,Paprika,28,28.0
2025-01-03,Tomate,48,33.6
2024-12-16,Paprika,12,12.0
2024-12-18,Tomate,31,21.7
2025-01-12,Zitrone,14,8.4
2024-12-14,Banane,15,4.5
2024-12-17,Zitrone,12,7.2
2025-01-03,Banane,1,0.3
2024-12-18,Karotte,23,9.2
2024-12-23,Gurke,18,14.4
2024-12-22,Orange,45,29.25
2025-01-09,Gurke,34,27.2
2025-01-06,Zitrone,18,10.8
2025-01-10,Apfel,7,3.5
2024-12-19,Tomate,34,23.8
2025-01-04,Banane,16,4.8
2024-12-25,Tomate,7,4.9
2025-01-07,Karotte,40,16.0
2025-01-03,Karotte,45,18.0
2025-01-05,Gurke,46,36.8
2025-01-11,Apfel,32,16.0
2024-12-19,Orange,23,14.95
2025-01-11,Tomate,29,20.3
2024-12-29,Paprika,30,30.0
2025-01-12,Apfel,5,2.5
2025-01-03,Apfel,17,8.5
2024-12-19,Gurke,47,37.6
2024-12-26,Apfel,3,1.5
2024-12-18,Tomate,1,0.7
2024-12-18,Orange,43,27.95
2024-12-20,Paprika,1,1.0
2025-01-04,Banane,2,0.6
2025-01-06,Orange,43,27.95
2024-12-20,Orange,31,20.15
2025-01-04,Karotte,20,8.0
2025-01-05,Tomate,29,20.3
2025-01-04,Orange,45,29.25
2025-01-07,Apfel,49,24.5
2025-01-01,Karotte,4,1.6
2024-12-26,Zitrone,41,24.6
2024-12-14,Tomate,45,31.5
2024-12-27,Tomate,17,11.9
2024-12-31,Orange,11,7.15
2024-12-14,Zitrone,48,28.8
2024-12-24,Gurke,20,16.0
2024-12-17,Tomate,30,21.0
2024-12-20,Apfel,2,1.0
2025-01-12,Apfel,12,6.0
2025-01-12,Karotte,49,19.6
2024-12-28,Gurke,1,0.8
2024-12-21,Banane,48,14.4
2024-12-28,Zitrone,49,29.4
2025-01-07,Paprika,23,23.0
2025-01-07,Apfel,31,15.5
2024-12-17,Paprika,6,6.0
2025-01-08,Orange,8,5.2
2025-01-12,Tomate,4,2.8
2025-01-11,Gurke,4,3.2
2024-12-26,Banane,47,14.1
2024-12-25,Gurke,5,4.0
2024-12-19,Zitrone,43,25.8
2024-12-23,Karotte,30,12.0
2024-12-18,Apfel,4,2.0
2024-12-14,Karotte,35,14.0
2024-12-17,Paprika,23,23.0
2024-12-26,Orange,25,16.25
2025-01-08,Banane,11,3.3
2025-01-06,Apfel,32,16.0
2025-01-08,Zitrone,32,19.2
2025-01-02,Paprika,35,35.0
2025-01-08,Orange,10,6.5
2024-12-27,Tomate,40,28.0
2025-01-05,Tomate,14,9.8
2025-01-05,Banane,37,11.1
2024-12-29,Gurke,39,31.2
2024-12-22,Orange,16,10.4
2024-12-26,Zitrone,32,19.2
2024-12-29,Karotte,41,16.4
2024-12-16,Apfel,46,23.0
2024-12-31,Zitrone,11,6.6
2024-12-17,Karotte,2,0.8
2024-12-18,Paprika,26,26.0
2025-01-02,Gurke,15,12.0
2024-12-25,Paprika,20,20.0
2024-12-28,Orange,48,31.2
2024-12-28,Tomate,24,16.8
2025-01-04,Apfel,3,1.5
2025-01-10,Karotte,49,19.6
2025-01-06,Orange,29,18.85
2024-12-22,Banane,48,14.4
2025-01-12,Orange,33,21.45
2024-12-17,Paprika,24,24.0
2025-01-01,Zitrone,46,27.6
2025-01-12,Orange,4,2.6
2024-12-24,Zitrone,12,7.2
2025-01-02,Banane,44,13.2
2024-12-18,Tomate,41,28.7
2024-12-29,Gurke,15,12.0
2024-12-17,Paprika,3,3.0
2025-01-02,Zitrone,38,22.8
2024-12-19,Apfel,20,10.0
2024-12-29,Tomate,15,10.5
2025-01-06,Gurke,16,12.8
2024-12-20,Karotte,21,8.4
2025-01-07,Orange,25,16.25
2025-01-06,Banane,5,1.5
2025-01-05,Tomate,34,23.8
2024-12-15,Tomate,36,25.2
2024-12-20,Paprika,6,6.0
2024-12-23,Tomate,4,2.8
2025-01-05,Paprika,37,37.0
2024-12-26,Gurke,14,11.2
2025-01-05,Gurke,42,33.6
2024-12-20,Banane,42,12.6
2024-12-24,Orange,32,20.8
2024-12-21,Karotte,3,1.2
2024-12-19,Orange,36,23.4
2025-01-04,Karotte,12,4.8
2024-12-18,Zitrone,6,3.6
2024-12-19,Banane,13,3.9
2024-12-28,Karotte,16,6.4
2024-12-20,Banane,50,15.0
2025-01-09,Tomate,33,23.1
2024-12-19,Paprika,20,20.0
2025-01-08,Gurke,28,22.4
2024-12-16,Karotte,17,6.8
2025-01-10,Orange,11,7.15
2025-01-08,Banane,21,6.3
2024-12-31,Paprika,38,38.0
2025-01-07,Zitrone,15,9.0
2024-12-27,Orange,27,17.55
2024-12-31,Banane,2,0.6
2024-12-28,Karotte,8,3.2
2025-01-01,Apfel,28,14.0
2025-01-06,Apfel,15,7.5
2024-12-28,Gurke,34,27.2
2024-12-16,Apfel,12,6.0
2025-01-06,Apfel,1,0.5
2024-12-31,Karotte,6,2.4
2025-01-08,Zitrone,16,9.6
2025-01-10,Banane,43,12.9
2025-01-06,Apfel,31,15.5
2025-01-10,Tomate,9,6.3
2024-12-25,Banane,33,9.9
2024-12-14,Apfel,16,8.0
2024-12-19,Orange,40,26.0
2025-01-06,Banane,32,9.6
2025-01-04,Zitrone,8,4.8
2025-01-03,Apfel,44,22.0
2025-01-02,Tomate,29,20.3
2025-01-10,Karotte,35,14.0
2025-01-09,Tomate,17,11.9
2025-01-12,Gurke,46,36.8
2025-01-05,Paprika,38,38.0
2025-01-04,Banane,27,8.1
2024-12-14,Tomate,6,4.2
2024-12-27,Karotte,40,16.0
2024-12-28,Apfel,24,12.0
2025-01-07,Orange,25,16.25
2024-12-29,Zitrone,34,20.4
2024-12-15,Apfel,19,9.5
2025-01-05,Paprika,36,36.0
2024-12-28,Paprika,12,12.0
2025-01-05,Orange,5,3.25
2024-12-20,Banane,20,6.0
2025-01-06,Gurke,46,36.8
2024-12-16,Banane,35,10.5
2024-12-15,Tomate,9,6.3
2025-01-09,Karotte,5,2.0
2025-01-02,Apfel,34,17.0
2024-12-28,Paprika,1,1.0
2024-12-17,Gurke,39,31.2
2025-01-02,Zitrone,37,22.2
2025-01-06,Banane,40,12.0
2025-01-01,Banane,22,6.6
2024-12-26,Orange,18,11.7
2025-01-10,Gurke,16,12.8
2024-12-24,Paprika,48,48.0
2025-01-09,Karotte,33,13.2
2024-12-20,Zitrone,14,8.4
2024-12-28,Banane,6,1.8
2024-12-20,Banane,7,2.1
2025-01-06,Banane,8,2.4
2025-01-05,Banane,23,6.9
2024-12-20,Paprika,41,41.0
2025-01-06,Banane,38,11.4
2024-12-20,Karotte,25,10.0
2025-01-08,Karotte,5,2.0
2025-01-10,Orange,49,31.85
2024-12-17,Paprika,50,50.0
2025-01-08,Paprika,45,45.0
2025-01-04,Tomate,48,33.6
2024-12-24,Orange,12,7.8
2024-12-24,Paprika,38,38.0
2024-12-19,Zitrone,19,11.4
2025-01-07,Paprika,22,22.0
2025-01-05,Karotte,25,10.0
2024-12-22,Gurke,4,3.2
2025-01-01,Orange,39,25.35
2025-01-08,Karotte,8,3.2
2025-01-05,Banane,50,15.0
2024-12-29,Orange,48,31.2
2024-12-30,Tomate,28,19.6
2024-12-28,Orange,9,5.85
2025-01-08,Paprika,19,19.0
2025-01-03,Orange,29,18.85
2024-12-24,Tomate,5,3.5
2024-12-22,Karotte,25,10.0
2024-12-29,Orange,44,28.6
2025-01-02,Banane,27,8.1
2024-12-29,Paprika,43,43.0
2024-12-27,Tomate,9,6.3
2024-12-16,Banane,28,8.4
2025-01-02,Karotte,15,6.0
2025-01-04,Orange,3,1.95
2024-12-23,Karotte,34,13.6
2025-01-06,Gurke,4,3.2
2025-01-04,Zitrone,41,24.6
2024-12-29,Karotte,39,15.6
2025-01-08,Banane,14,4.2
2025-01-06,Apfel,3,1.5
2024-12-20,Zitrone,11,6.6
2025-01-10,Tomate,38,26.6
2025-01-03,Karotte,44,17.6
2024-12-26,Orange,18,11.7
2024-12-18,Zitrone,42,25.2
2024-12-26,Tomate,33,23.1
2024-12-24,Apfel,44,22.0
2025-01-04,Gurke,35,28.0
2025-01-06,Karotte,46,18.4
2025-01-04,Tomate,47,32.9
2025-01-01,Karotte,42,16.8
2024-12-30,Tomate,34,23.8
2024-12-23,Gurke,24,19.2
2025-01-10,Orange,5,3.25
2024-12-25,Paprika,8,8.0
2024-12-24,Orange,11,7.15
2024-12-30,Tomate,42,29.4
2025-01-08,Karotte,45,18.0
2024-12-16,Banane,23,6.9
2025-01-05,Gurke,16,12.8
2024-12-25,Tomate,33,23.1
2025-01-02,Gurke,25,20.0
2024-12-24,Paprika,22,22.0
2025-01-09,Banane,28,8.4
2024-12-17,Banane,23,6.9
2025-01-12,Gurke,42,33.6
2024-12-25,Apfel,12,6.0
2025-01-09,Banane,46,13.8
2025-01-04,Orange,26,16.9
2025-01-09,Karotte,35,14.0
2024-12-24,Banane,50,15.0
2024-12-25,Paprika,23,23.0
2024-12-31,Apfel,44,22.0
2024-12-29,Orange,30,19.5
2024-12-17,Orange,31,20.15
2025-01-07,Gurke,35,28.0
2024-12-27,Gurke,46,36.8
2024-12-26,Banane,9,2.7
2024-12-15,Gurke,49,39.2
2025-01-10,Banane,44,13.2
2025-01-07,Gurke,49,39.2
2025-01-12,Tomate,46,32.2
2025-01-03,Gurke,40,32.0
2025-01-12,Karotte,3,1.2
2024-12-20,Zitrone,18,10.8
2025-01-07,Tomate,17,11.9
2025-01-02,Karotte,28,11.2
2024-12-28,Zitrone,10,6.0
2024-12-20,Karotte,48,19.2
2025-01-10,Orange,35,22.75
2025-01-10,Zitrone,23,13.8
2024-12-19,Apfel,6,3.0
2025-01-04,Banane,6,1.8
2024-12-21,Paprika,32,32.0
2024-12-22,Tomate,32,22.4
2025-01-03,Tomate,16,11.2
2025-01-05,Karotte,22,8.8
2024-12-25,Orange,28,18.2
2024-12-21,Apfel,8,4.0
2024-12-30,Gurke,37,29.6
2024-12-19,Orange,13,8.45
2024-12-28,Zitrone,24,14.4
2024-12-30,Gurke,12,9.6
2024-12-26,Apfel,43,21.5
2024-12-19,Banane,47,14.1
2025-01-03,Paprika,11,11.0
2024-12-25,Apfel,38,19.0
2024-12-28,Gurke,24,19.2
2024-12-28,Banane,33,9.9
2024-12-25,Zitrone,16,9.6
2025-01-07,Orange,26,16.9
2024-12-15,Banane,23,6.9
2024-12-27,Apfel,22,11.0
2024-12-14,Paprika,26,26.0
2024-12-17,Apfel,24,12.0
2025-01-04,Gurke,47,37.6
2025-01-10,Karotte,10,4.0
2025-01-12,Karotte,11,4.4
2024-12-18,Karotte,47,18.8
2024-12-29,Karotte,18,7.2
2024-12-16,Banane,13,3.9
2025-01-08,Orange,48,31.2
2025-01-02,Apfel,7,3.5
2024-12-29,Zitrone,11,6.6
2025-01-09,Orange,44,28.6
2025-01-03,Tomate,20,14.0
2024-12-30,Apfel,18,9.0
2025-01-09,Zitrone,21,12.6
2025-01-09,Karotte,48,19.2
2025-01-09,Karotte,28,11.2
2024-12-24,Apfel,46,23.0
2025-01-06,Tomate,42,29.4
2024-12-18,Tomate,14,9.8
2024-12-25,Paprika,38,38.0
2024-12-18,Gurke,29,23.2
2025-01-05,Apfel,3,1.5
2024-12-24,Banane,4,1.2
2025-01-07,Gurke,6,4.8
2024-12-15,Paprika,17,17.0
2025-01-03,Gurke,9,7.2
2024-12-27,Orange,15,9.75
2024-12-20,Paprika,46,46.0
2024-12-25,Apfel,35,17.5
2024-12-29,Paprika,36,36.0
2025-01-05,Apfel,50,25.0
2024-12-14,Banane,33,9.9
2024-12-27,Karotte,43,17.2
2024-12-21,Paprika,15,15.0
2024-12-23,Tomate,5,3.5
2025-01-03,Apfel,41,20.5
2024-12-14,Apfel,27,13.5
2024-12-29,Banane,16,4.8
2024-12-30,Karotte,26,10.4
2024-12-14,Paprika,40,40.0
2025-01-07,Orange,19,12.35
2024-12-22,Apfel,2,1.0
2025-01-01,Banane,42,12.6
2025-01-05,Apfel,35,17.5
2024-12-28,Karotte,34,13.6
2025-01-11,Paprika,12,12.0
2024-12-16,Gurke,40,32.0
2025-01-03,Karotte,36,14.4
2025-01-09,Orange,8,5.2
2024-12-24,Apfel,7,3.5
2024-12-30,Gurke,8,6.4
2025-01-02,Gurke,1,0.8
2024-12-14,Banane,5,1.5
2025-01-11,Orange,35,22.75
2025-01-02,Tomate,12,8.4
2025-01-01,Tomate,35,24.5
2025-01-11,Apfel,37,18.5
2024-12-29,Gurke,42,33.6
2024-12-29,Tomate,46,32.2
2024-12-25,Banane,28,8.4
2025-01-03,Apfel,28,14.0
2025-01-09,Zitrone,26,15.6
2025-01-02,Karotte,18,7.2
2025-01-01,Banane,2,0.6
2024-12-31,Paprika,14,14.0
2024-12-25,Orange,1,0.65
2025-01-02,Tomate,44,30.8
2025-01-07,Zitrone,37,22.2
2025-01-11,Tomate,37,25.9
2024-12-23,Zitrone,24,14.4
2024-12-15,Gurke,43,34.4
2024-12-15,Tomate,33,23.1
2025-01-01,Apfel,20,10.0
2025-01-09,Banane,18,5.4
2024-12-21,Tomate,23,16.1
2025-01-01,Tomate,32,22.4
2025-01-06,Banane,7,2.1
2024-12-17,Karotte,7,2.8
2024-12-27,Tomate,13,9.1
2025-01-07,Gurke,35,28.0
2024-12-31,Apfel,17,8.5
2024-12-22,Karotte,28,11.2
2024-12-26,Paprika,20,20.0
2025-01-09,Orange,11,7.15
2024-12-14,Orange,9,5.85
2024-12-21,Karotte,2,0.8
2024-12-31,Gurke,45,36.0
2025-01-10,Karotte,27,10.8
2024-12-17,Apfel,19,9.5
2025-01-11,Orange,16,10.4
2024-12-24,Apfel,42,21.0
2024-12-28,Karotte,38,15.2
2025-01-11,Banane,28,8.4
2025-01-11,Gurke,23,18.4
2024-12-30,Zitrone,24,14.4
2024-12-29,Apfel,40,20.0
2025-01-06,Banane,7,2.1
2024-12-18,Karotte,3,1.2
2024-12-19,Zitrone,1,0.6
2024-12-31,Gurke,49,39.2
2024-12-17,Gurke,50,40.0
2024-12-23,Gurke,3,2.4
2025-01-05,Paprika,12,12.0
2025-01-02,Banane,13,3.9
2024-12-28,Gurke,8,6.4
2024-12-30,Gurke,18,14.4
2025-01-12,Banane,33,9.9
2025-01-10,Zitrone,2,1.2
2025-01-12,Orange,43,27.95
2025-01-06,Apfel,24,12.0
2024-12-19,Tomate,20,14.0
2025-01-05,Gurke,47,37.6
2024-12-29,Zitrone,37,22.2
2024-12-14,Karotte,15,6.0
2024-12-16,Tomate,10,7.0
2024-12-24,Apfel,20,10.0
2025-01-11,Paprika,40,40.0
2025-01-09,Paprika,10,10.0
2024-12-31,Orange,23,14.95
2025-01-12,Apfel,24,12.0
2025-01-05,Orange,38,24.7
2024-12-30,Tomate,39,27.3
2024-12-24,Apfel,34,17.0
2025-01-01,Paprika,13,13.0
2024-12-16,Orange,5,3.25
2024-12-15,Orange,19,12.35
2025-01-11,Banane,24,7.2
2024-12-15,Orange,23,14.95
2024-12-24,Banane,19,5.7
2024-12-22,Gurke,30,24.0
2024-12-30,Orange,23,14.95
2025-01-09,Orange,17,11.05
2024-12-26,Paprika,14,14.0
2024-12-23,Orange,10,6.5
2024-12-29,Tomate,32,22.4
2024-12-25,Tomate,44,30.8
2025-01-07,Apfel,17,8.5
2024-12-25,Paprika,19,19.0
2024-12-16,Gurke,35,28.0
2025-01-08,Banane,34,10.2
2025-01-01,Paprika,44,44.0
2025-01-01,Banane,39,11.7
2025-01-03,Karotte,1,0.4
2024-12-14,Banane,5,1.5
2025-01-06,Tomate,23,16.1
2024-12-29,Tomate,22,15.4
2024-12-25,Apfel,2,1.0
2025-01-07,Banane,18,5.4
2025-01-07,Paprika,49,49.0
2024-12-30,Karotte,21,8.4
2025-01-01,Zitrone,40,24.0
2025-01-02,Tomate,20,14.0
2024-12-15,Zitrone,12,7.2
2025-01-01,Zitrone,31,18.6
2024-12-18,Gurke,36,28.8
2024-12-18,Apfel,10,5.0
2024-12-24,Paprika,22,22.0
2024-12-29,Banane,25,7.5
2024-12-21,Orange,21,13.65
2024-12-25,Paprika,1,1.0
2024-12-23,Gurke,2,1.6
2024-12-15,Paprika,27,27.0
2024-12-16,Zitrone,13,7.8
2025-01-02,Gurke,28,22.4
2024-12-29,Gurke,19,15.2
2024-12-19,Apfel,36,18.0
2025-01-04,Banane,5,1.5
2024-12-19,Zitrone,41,24.6
2025-01-10,Zitrone,17,10.2
2024-12-29,Paprika,17,17.0
2024-12-28,Apfel,11,5.5
2025-01-10,Paprika,25,25.0
2024-12-27,Banane,27,8.1
2025-01-03,Zitrone,28,16.8
2025-01-11,Zitrone,30,18.0
2024-12-26,Apfel,29,14.5
2025-01-03,Tomate,31,21.7
2024-12-23,Zitrone,45,27.0
2025-01-01,Paprika,34,34.0
2025-01-11,Gurke,18,14.4
2025-01-01,Paprika,7,7.0
2025-01-07,Tomate,22,15.4
2024-12-29,Karotte,4,1.6
2024-12-30,Gurke,10,8.0
2025-01-05,Apfel,1,0.5
2025-01-08,Zitrone,21,12.6
2024-12-23,Apfel,36,18.0
2024-12-26,Orange,30,19.5
2025-01-07,Banane,8,2.4
2025-01-01,Tomate,49,34.3
2024-12-14,Orange,5,3.25
2024-12-14,Tomate,31,21.7
2024-12-25,Karotte,39,15.6
2024-12-24,Tomate,2,1.4
2024-12-26,Orange,48,31.2
2024-12-31,Apfel,34,17.0
2025-01-12,Orange,2,1.3
2024-12-15,Zitrone,1,0.6
2024-12-29,Paprika,28,28.0
2024-12-24,Orange,38,24.7
2024-12-14,Banane,9,2.7
2024-12-22,Karotte,15,6.0
2025-01-06,Paprika,7,7.0
2024-12-19,Orange,45,29.25
2024-12-26,Apfel,30,15.0
2025-01-10,Tomate,44,30.8
2025-01-08,Paprika,14,14.0
2024-12-16,Apfel,28,14.0
2025-01-11,Apfel,34,17.0
2024-12-21,Apfel,46,23.0
2024-12-31,Tomate,18,12.6
2024-12-17,Gurke,39,31.2
2024-12-24,Banane,36,10.8
2024-12-19,Paprika,10,10.0
2024-12-21,Orange,20,13.0
2024-12-24,Gurke,48,38.4
2025-01-02,Apfel,10,5.0
2024-12-22,Karotte,16,6.4
2025-01-03,Apfel,45,22.5
2024-12-19,Paprika,4,4.0
2025-01-11,Zitrone,7,4.2
2024-12-27,Zitrone,17,10.2
2024-12-25,Karotte,10,4.0
2024-12-19,Apfel,41,20.5
2024-12-29,Tomate,2,1.4
2025-01-07,Tomate,46,32.2
2024-12-28,Apfel,21,10.5
2025-01-07,Gurke,15,12.0
2024-12-14,Orange,32,20.8
2025-01-12,Paprika,8,8.0
2025-01-07,Apfel,6,3.0
2025-01-06,Apfel,30,15.0
2024-12-22,Banane,11,3.3
2024-12-28,Gurke,24,19.2
2025-01-12,Banane,25,7.5
2025-01-05,Apfel,25,12.5
2025-01-02,Orange,26,16.9
2024-12-16,Orange,37,24.05
2024-12-14,Zitrone,47,28.2
2025-01-06,Orange,34,22.1
2024-12-24,Orange,2,1.3
2024-12-18,Tomate,2,1.4
2025-01-03,Paprika,33,33.0
2024-12-27,Karotte,45,18.0
2024-12-19,Orange,21,13.65
2024-12-22,Karotte,18,7.2
2024-12-25,Karotte,4,1.6
2024-12-16,Tomate,10,7.0
2024-12-27,Paprika,44,44.0
2025-01-06,Gurke,16,12.8
2025-01-04,Gurke,12,9.6
2024-12-16,Tomate,41,28.7
2024-12-23,Paprika,21,21.0
2024-12-29,Gurke,22,17.6
2025-01-11,Gurke,24,19.2
2024-12-31,Orange,30,19.5
2025-01-03,Apfel,45,22.5
2024-12-24,Karotte,2,0.8
2025-01-08,Orange,4,2.6
2025-01-10,Orange,27,17.55
2024-12-14,Paprika,33,33.0
2024-12-26,Paprika,43,43.0
2025-01-08,Banane,10,3.0
2024-12-31,Karotte,36,14.4
2024-12-23,Apfel,20,10.0
2025-01-11,Orange,49,31.85
2024-12-21,Karotte,42,16.8
2025-01-04,Apfel,35,17.5
2024-12-22,Banane,12,3.6
2024-12-23,Banane,5,1.5
2025-01-06,Apfel,17,8.5
2024-12-31,Karotte,47,18.8
2024-12-19,Karotte,34,13.6
2024-12-30,Orange,27,17.55
2024-12-26,Apfel,39,19.5
2024-12-23,Karotte,9,3.6
2024-12-16,Paprika,4,4.0
2025-01-10,Karotte,16,6.4
2025-01-06,Karotte,10,4.0
2024-12-30,Paprika,20,20.0
2024-12-27,Orange,41,26.65
2024-12-14,Gurke,2,1.6
2025-01-10,Zitrone,28,16.8
2025-01-01,Karotte,14,5.6
2024-12-23,Tomate,1,0.7
2024-12-18,Karotte,27,10.8
2024-12-23,Paprika,45,45.0
2024-12-16,Orange,32,20.8
2024-12-20,Zitrone,36,21.6
2024-12-19,Karotte,4,1.6
2024-12-30,Apfel,16,8.0
2024-12-21,Gurke,8,6.4
2024-12-27,Banane,11,3.3
2024-12-28,Zitrone,48,28.8
2025-01-11,Karotte,27,10.8
2024-12-29,Orange,12,7.8
2025-01-01,Apfel,49,24.5
2025-01-04,Gurke,12,9.6
2024-12-31,Tomate,7,4.9
2024-12-27,Karotte,50,20.0
2025-01-05,Paprika,37,37.0
2024-12-16,Banane,39,11.7
2024-12-29,Zitrone,5,3.0
2024-12-20,Tomate,39,27.3
2024-12-15,Paprika,19,19.0
2024-12-23,Orange,1,0.65
2024-12-18,Zitrone,31,18.6
2025-01-11,Banane,10,3.0
2025-01-05,Apfel,35,17.5
2024-12-30,Gurke,40,32.0
2025-01-04,Banane,19,5.7
2025-01-02,Tomate,29,20.3
2024-12-20,Zitrone,49,29.4
2025-01-04,Tomate,6,4.2
2024-12-20,Tomate,29,20.3
2025-01-04,Paprika,1,1.0
2024-12-20,Gurke,40,32.0
2025-01-02,Apfel,34,17.0
2024-12-28,Tomate,28,19.6
2024-12-25,Orange,32,20.8
2025-01-11,Gurke,11,8.8
2024-12-24,Apfel,26,13.0
2024-12-27,Apfel,41,20.5
2024-12-28,Tomate,31,21.7
2024-12-18,Tomate,48,33.6
2025-01-07,Karotte,21,8.4
2025-01-07,Paprika,6,6.0
2024-12-24,Gurke,47,37.6
2024-12-29,Karotte,31,12.4
2024-12-19,Zitrone,9,5.4
2025-01-06,Banane,46,13.8
2024-12-24,Paprika,10,10.0
2024-12-27,Paprika,32,32.0
2024-12-23,Banane,17,5.1
2024-12-24,Gurke,8,6.4
2024-12-17,Banane,26,7.8
2024-12-30,Gurke,13,10.4
2024-12-27,Banane,6,1.8
2025-01-07,Zitrone,29,17.4
2025-01-12,Paprika,35,35.0
2024-12-17,Paprika,6,6.0
2024-12-25,Apfel,20,10.0
2025-01-02,Karotte,14,5.6
2024-12-16,Karotte,48,19.2
2025-01-07,Apfel,35,17.5
2024-12-21,Tomate,4,2.8
2025-01-08,Paprika,43,43.0
2025-01-07,Karotte,24,9.6
2025-01-10,Zitrone,35,21.0
2025-01-07,Tomate,37,25.9
2025-01-02,Orange,11,7.15
2025-01-04,Karotte,49,19.6
2024-12-17,Zitrone,15,9.0
2024-12-26,Paprika,32,32.0
2025-01-08,Paprika,39,39.0
2025-01-11,Orange,26,16.9
2024-12-27,Apfel,15,7.5
2024-12-28,Tomate,19,13.3
2024-12-22,Tomate,13,9.1
2025-01-08,Apfel,41,20.5
2024-12-24,Apfel,17,8.5
2024-12-14,Paprika,14,14.0
2025-01-02,Gurke,12,9.6
2024-12-29,Zitrone,39,23.4
2025-01-05,Karotte,16,6.4
2024-12-26,Banane,23,6.9
2024-12-16,Paprika,16,16.0
2024-12-18,Banane,38,11.4
2025-01-04,Paprika,10,10.0
2024-12-15,Apfel,6,3.0
2025-01-12,Gurke,21,16.8
2024-12-19,Apfel,13,6.5
2024-12-15,Banane,31,9.3
2024-12-25,Orange,49,31.85
2025-01-07,Paprika,44,44.0
2025-01-07,Tomate,35,24.5
2024-12-28,Zitrone,12,7.2
2024-12-14,Orange,40,26.0
2025-01-02,Banane,46,13.8
2024-12-20,Apfel,13,6.5
2024-12-26,Tomate,13,9.1
2024-12-23,Zitrone,32,19.2
2025-01-04,Orange,35,22.75
2025-01-04,Banane,43,12.9
2025-01-08,Banane,50,15.0
2024-12-17,Banane,34,10.2
2024-12-22,Apfel,41,20.5
2025-01-06,Karotte,36,14.4
2024-12-20,Apfel,42,21.0
2024-12-17,Banane,37,11.1
2025-01-08,Gurke,45,36.0
2025-01-02,Paprika,36,36.0
2024-12-29,Karotte,26,10.4
2024-12-29,Orange,40,26.0
2024-12-25,Tomate,29,20.3
2025-01-02,Apfel,26,13.0
2025-01-03,Tomate,35,24.5
2024-12-19,Paprika,40,40.0
2025-01-06,Zitrone,28,16.8
2025-01-12,Tomate,29,20.3
2024-12-22,Tomate,27,18.9
2024-12-19,Apfel,44,22.0
2024-12-26,Orange,10,6.5
2024-12-24,Apfel,23,11.5
2024-12-16,Banane,26,7.8
2024-12-14,Banane,18,5.4
2024-12-19,Karotte,24,9.6
2025-01-04,Tomate,12,8.4
2025-01-10,Apfel,38,19.0
2025-01-10,Paprika,32,32.0
2024-12-28,Gurke,25,20.0
2025-01-06,Tomate,1,0.7
2025-01-01,Apfel,36,18.0
2024-12-24,Banane,11,3.3
2025-01-01,Tomate,38,26.6
2024-12-19,Gurke,26,20.8
2025-01-12,Zitrone,47,28.2
2024-12-22,Paprika,10,10.0
2024-12-30,Gurke,31,24.8
2024-12-28,Orange,33,21.45
2024-12-31,Orange,28,18.2
2024-12-18,Karotte,26,10.4
2025-01-09,Karotte,29,11.6
2024-12-19,Zitrone,5,3.0
2025-01-03,Karotte,42,16.8
2024-12-30,Tomate,40,28.0
2024-12-24,Zitrone,9,5.4
2025-01-09,Apfel,19,9.5
2025-01-04,Karotte,16,6.4
2024-12-23,Orange,49,31.85
2025-01-11,Banane,17,5.1
2025-01-06,Zitrone,17,10.2
2024-12-19,Karotte,8,3.2
2024-12-17,Banane,49,14.7
2025-01-11,Karotte,1,0.4
2024-12-29,Karotte,19,7.6
2024-12-19,Gurke,15,12.0
2025-01-09,Banane,1,0.3
2024-12-17,Zitrone,29,17.4
2025-01-06,Orange,30,19.5
2024-12-17,Karotte,12,4.8
2025-01-12,Zitrone,34,20.4
2024-12-16,Gurke,13,10.4
2024-12-16,Karotte,12,4.8
2024-12-17,Apfel,31,15.5
2025-01-05,Orange,33,21.45
2024-12-18,Gurke,46,36.8
2024-12-22,Karotte,31,12.4
2024-12-18,Apfel,35,17.5
2024-12-31,Karotte,26,10.4
2025-01-12,Orange,29,18.85
2024-12-30,Apfel,27,13.5
2025-01-02,Karotte,25,10.0
2025-01-08,Orange,25,16.25
2024-12-14,Orange,36,23.4
2025-01-06,Paprika,11,11.0
2024-12-17,Gurke,46,36.8
2024-12-16,Zitrone,22,13.2
2025-01-08,Karotte,26,10.4
2024-12-29,Gurke,10,8.0
2024-12-29,Orange,25,16.25
2024-12-18,Paprika,22,22.0
2024-12-20,Zitrone,19,11.4
2025-01-08,Gurke,17,13.6
2024-12-15,Orange,10,6.5
2025-01-05,Paprika,40,40.0
2024-12-28,Orange,31,20.15
2024-12-17,Zitrone,17,10.2
2025-01-12,Apfel,48,24.0
2025-01-01,Gurke,32,25.6
2024-12-25,Tomate,6,4.2
2025-01-11,Paprika,39,39.0
2024-12-29,Karotte,50,20.0
2025-01-06,Karotte,19,7.6
2025-01-03,Gurke,39,31.2
2025-01-06,Zitrone,26,15.6
2025-01-12,Apfel,50,25.0
2024-12-19,Karotte,16,6.4
2025-01-04,Gurke,49,39.2
2025-01-03,Paprika,13,13.0
2024-12-17,Paprika,50,50.0
2024-12-21,Tomate,11,7.7
2025-01-12,Zitrone,6,3.6
2025-01-03,Apfel,27,13.5
2024-12-27,Apfel,12,6.0
2024-12-28,Tomate,18,12.6
2025-01-12,Gurke,6,4.8
2024-12-20,Banane,11,3.3
2024-12-19,Paprika,2,2.0
2025-01-09,Gurke,20,16.0
2024-12-27,Paprika,3,3.0
2024-12-17,Tomate,16,11.2
2024-12-17,Zitrone,8,4.8
2024-12-18,Karotte,25,10.0
2025-01-01,Karotte,29,11.6
2024-12-28,Paprika,10,10.0
2024-12-17,Banane,7,2.1
2024-12-21,Karotte,18,7.2
2024-12-17,Tomate,47,32.9
2024-12-28,Banane,42,12.6
2024-12-29,Gurke,7,5.6
2025-01-06,Gurke,3,2.4
2024-12-31,Orange,11,7.15
2024-12-20,Paprika,46,46.0
2025-01-08,Banane,6,1.8
2024-12-16,Zitrone,37,22.2
2025-01-10,Apfel,31,15.5
2024-12-28,Paprika,36,36.0
2025-01-12,Apfel,18,9.0
2024-12-23,Zitrone,41,24.6
2024-12-27,Karotte,14,5.6
2025-01-06,Orange,4,2.6
2024-12-26,Zitrone,12,7.2
2025-01-06,Gurke,18,14.4
2024-12-23,Orange,13,8.45
2024-12-20,Paprika,11,11.0
2024-12-16,Apfel,23,11.5
2024-12-30,Karotte,34,13.6
2024-12-17,Gurke,21,16.8
2024-12-18,Tomate,48,33.6
2024-12-17,Orange,17,11.05
2025-01-03,Tomate,34,23.8
2024-12-16,Banane,34,10.2
2024-12-21,Orange,9,5.85
2024-12-14,Gurke,11,8.8
2024-12-25,Orange,1,0.65
2024-12-29,Zitrone,34,20.4
2024-12-24,Orange,3,1.95
2024-12-28,Banane,29,8.7
2024-12-14,Zitrone,14,8.4
2025-01-09,Zitrone,12,7.2
2025-01-06,Zitrone,38,22.8
2024-12-25,Apfel,38,19.0
2025-01-06,Zitrone,21,12.6
2024-12-24,Orange,38,24.7
2024-12-22,Gurke,45,36.0
2024-12-21,Karotte,24,9.6
2024-12-25,Tomate,38,26.6
2025-01-11,Zitrone,39,23.4
2025-01-02,Karotte,28,11.2
2025-01-06,Apfel,40,20.0
2025-01-03,Karotte,29,11.6
2024-12-30,Gurke,8,6.4
2025-01-10,Paprika,10,10.0
2024-12-24,Tomate,15,10.5
2024-12-16,Banane,12,3.6
2025-01-12,Zitrone,24,14.4
2024-12-30,Gurke,26,20.8
2024-12-15,Zitrone,23,13.8
2025-01-05,Paprika,44,44.0
2024-12-18,Zitrone,36,21.6
2024-12-19,Gurke,23,18.4
2024-12-23,Paprika,8,8.0
2024-12-24,Apfel,15,7.5
2025-01-05,Zitrone,28,16.8
2025-01-07,Orange,26,16.9
2025-01-07,Orange,15,9.75
2025-01-08,Paprika,28,28.0
2025-01-05,Karotte,33,13.2
2025-01-12,Banane,40,12.0
2024-12-29,Gurke,25,20.0
2024-12-25,Apfel,2,1.0
2024-12-19,Tomate,12,8.4
2024-12-19,Banane,47,14.1
2025-01-10,Karotte,15,6.0
2024-12-22,Apfel,5,2.5
2024-12-31,Paprika,46,46.0
2024-12-28,Karotte,5,2.0
2024-12-23,Tomate,13,9.1
2025-01-01,Karotte,41,16.4
2025-01-08,Karotte,24,9.6
2024-12-18,Banane,26,7.8
2024-12-27,Tomate,48,33.6
2025-01-04,Karotte,25,10.0
2025-01-08,Paprika,20,20.0
2025-01-05,Banane,38,11.4
2024-12-31,Zitrone,6,3.6
2025-01-02,Karotte,29,11.6
2024-12-15,Zitrone,8,4.8
2024-12-28,Karotte,27,10.8
2025-01-04,Orange,21,13.65
2024-12-23,Banane,22,6.6
2024-12-31,Apfel,1,0.5
2025-01-11,Orange,2,1.3
2025-01-06,Tomate,6,4.2
2024-12-27,Karotte,42,16.8
2025-01-09,Tomate,33,23.1
2025-01-12,Zitrone,31,18.6
2024-12-31,Paprika,23,23.0
2024-12-16,Zitrone,20,12.0
2024-12-28,Zitrone,22,13.2
2025-01-12,Paprika,4,4.0
2024-12-19,Paprika,19,19.0
2024-12-29,Banane,1,0.3
2025-01-12,Orange,5,3.25
2024-12-31,Zitrone,27,16.2
2024-12-22,Tomate,10,7.0
2024-12-15,Apfel,8,4.0
2024-12-31,Tomate,45,31.5
2024-12-16,Paprika,42,42.0
2024-12-15,Gurke,36,28.8
2024-12-18,Orange,15,9.75
2024-12-19,Orange,26,16.9
2024-12-24,Zitrone,31,18.6
2025-01-02,Zitrone,44,26.4
2024-12-25,Paprika,9,9.0
2025-01-10,Karotte,16,6.4
2025-01-02,Zitrone,44,26.4
2024-12-28,Tomate,31,21.7
2025-01-04,Paprika,21,21.0
2024-12-29,Apfel,44,22.0
2024-12-25,Apfel,14,7.0
2024-12-21,Banane,30,9.0
2025-01-12,Orange,47,30.55
2024-12-16,Paprika,20,20.0
2024-12-16,Orange,33,21.45
2025-01-07,Orange,24,15.6
2024-12-31,Tomate,3,2.1
2024-12-31,Paprika,36,36.0
2024-12-14,Gurke,27,21.6
2025-01-04,Orange,35,22.75
2024-12-30,Banane,43,12.9
2025-01-06,Karotte,45,18.0
2024-12-22,Zitrone,20,12.0
2024-12-23,Orange,5,3.25
2025-01-10,Tomate,35,24.5
2024-12-26,Banane,7,2.1
2025-01-11,Gurke,17,13.6
2024-12-29,Paprika,26,26.0
2025-01-05,Banane,44,13.2
2025-01-10,Tomate,15,10.5
2024-12-18,Orange,27,17.55
2024-12-23,Paprika,35,35.0
2025-01-07,Zitrone,15,9.0
2024-12-27,Paprika,43,43.0
2024-12-25,Zitrone,25,15.0
2025-01-07,Banane,15,4.5
2025-01-11,Paprika,25,25.0
2024-12-21,Orange,17,11.05
2025-01-11,Tomate,30,21.0
2025-01-11,Gurke,41,32.8
2024-12-25,Banane,27,8.1
2025-01-08,Paprika,15,15.0
2025-01-02,Apfel,42,21.0
2024-12-15,Paprika,30,30.0
2025-01-10,Banane,35,10.5
2024-12-30,Paprika,6,6.0
2024-12-27,Banane,31,9.3
2024-12-20,Orange,6,3.9
2024-12-30,Zitrone,40,24.0
2025-01-02,Gurke,16,12.8
2024-12-16,Tomate,33,23.1
2024-12-26,Zitrone,20,12.0
2025-01-11,Karotte,25,10.0
2025-01-07,Gurke,1,0.8
2025-01-12,Apfel,14,7.0
2024-12-30,Orange,33,21.45
2024-12-18,Zitrone,22,13.2
2025-01-03,Banane,6,1.8
2024-12-29,Gurke,22,17.6
2024-12-18,Paprika,49,49.0
2024-12-23,Apfel,25,12.5
2024-12-18,Karotte,5,2.0
2025-01-03,Tomate,33,23.1
2024-12-27,Apfel,20,10.0
2024-12-25,Apfel,27,13.5
2024-12-26,Karotte,46,18.4
2024-12-16,Banane,50,15.0
2025-01-05,Gurke,41,32.8
2024-12-27,Banane,5,1.5
2025-01-05,Banane,27,8.1
2024-12-28,Karotte,22,8.8
2025-01-05,Paprika,28,28.0
2024-12-23,Tomate,23,16.1
2024-12-22,Tomate,48,33.6
2025-01-08,Apfel,45,22.5
2025-01-05,Gurke,43,34.4
2024-12-26,Apfel,9,4.5
2024-12-14,Paprika,42,42.0
2025-01-07,Gurke,7,5.6
2024-12-23,Banane,40,12.0
2024-12-19,Apfel,25,12.5
2025-01-08,Orange,6,3.9
2024-12-17,Paprika,34,34.0
2024-12-27,Karotte,21,8.4
2025-01-04,Orange,50,32.5
2024-12-28,Tomate,36,25.2
2024-12-22,Zitrone,42,25.2
2024-12-24,Apfel,4,2.0
2024-12-17,Gurke,42,33.6
2025-01-05,Paprika,1,1.0
2025-01-07,Zitrone,18,10.8
2025-01-05,Gurke,48,38.4
2025-01-04,Zitrone,31,18.6
2025-01-10,Tomate,17,11.9
2025-01-09,Zitrone,17,10.2
2024-12-28,Zitrone,6,3.6
2024-12-31,Banane,29,8.7
2024-12-16,Tomate,15,10.5
2025-01-06,Gurke,27,21.6
2025-01-01,Paprika,41,41.0
2024-12-18,Karotte,36,14.4
2025-01-08,Karotte,39,15.6
2025-01-02,Gurke,34,27.2
2024-12-26,Banane,46,13.8
2025-01-12,Apfel,26,13.0
2024-12-24,Orange,19,12.35
2024-12-31,Gurke,31,24.8
2024-12-20,Karotte,35,14.0
2025-01-07,Paprika,32,32.0
2024-12-14,Apfel,7,3.5
2025-01-04,Banane,15,4.5
2025-01-11,Apfel,35,17.5
2025-01-02,Gurke,24,19.2
2025-01-03,Banane,36,10.8
2025-01-05,Karotte,14,5.6
2025-01-07,Gurke,37,29.6
2025-01-01,Karotte,32,12.8
2025-01-08,Orange,16,10.4
2025-01-05,Orange,17,11.05
2025-01-11,Karotte,31,12.4
2025-01-12,Apfel,15,7.5
2024-12-25,Banane,18,5.4
2024-12-29,Tomate,48,33.6
2024-12-29,Zitrone,9,5.4
2024-12-29,Gurke,27,21.6
2024-12-23,Apfel,50,25.0
2025-01-08,Tomate,21,14.7
2024-12-23,Tomate,23,16.1
2025-01-08,Orange,50,32.5
2024-12-21,Zitrone,12,7.2
2024-12-19,Tomate,14,9.8
2025-01-04,Tomate,43,30.1
2025-01-05,Gurke,34,27.2
2024-12-31,Banane,22,6.6
2024-12-29,Karotte,5,2.0
2025-01-06,Karotte,2,0.8
2024-12-31,Zitrone,14,8.4
2024-12-16,Banane,21,6.3
2025-01-11,Apfel,49,24.5
2024-12-26,Zitrone,42,25.2
2024-12-21,Zitrone,33,19.8
2024-12-29,Paprika,16,16.0
2025-01-01,Paprika,32,32.0
2024-12-15,Gurke,7,5.6
2025-01-07,Banane,37,11.1
2025-01-05,Apfel,10,5.0
2024-12-31,Apfel,22,11.0
2024-12-26,Paprika,3,3.0
2025-01-01,Karotte,31,12.4
2025-01-09,Banane,23,6.9
2024-12-17,Paprika,17,17.0
2025-01-01,Banane,21,6.3
2024-12-20,Banane,12,3.6
2024-12-14,Tomate,28,19.6
2025-01-11,Zitrone,45,27.0
2024-12-30,Banane,27,8.1
2025-01-08,Tomate,19,13.3
2024-12-28,Paprika,41,41.0
2024-12-27,Orange,23,14.95
2024-12-21,Banane,43,12.9
2024-12-29,Zitrone,39,23.4
2024-12-23,Tomate,30,21.0
2024-12-15,Zitrone,44,26.4
2025-01-12,Zitrone,6,3.6
2024-12-19,Zitrone,20,12.0
2024-12-17,Karotte,9,3.6
2025-01-03,Tomate,15,10.5
2024-12-19,Orange,49,31.85
2025-01-12,Zitrone,49,29.4
2025-01-12,Tomate,31,21.7
2025-01-01,Karotte,19,7.6
2025-01-07,Zitrone,25,15.0
2024-12-14,Zitrone,36,21.6
2024-12-31,Gurke,20,16.0
2025-01-02,Zitrone,9,5.4
2025-01-10,Karotte,38,15.2
2025-01-06,Banane,11,3.3
2025-01-02,Karotte,31,12.4
2024-12-30,Zitrone,42,25.2
2024-12-22,Paprika,20,20.0
2024-12-29,Zitrone,12,7.2
2024-12-25,Banane,41,12.3
2024-12-23,Karotte,45,18.0
2024-12-30,Paprika,7,7.0
2025-01-09,Apfel,17,8.5
2025-01-09,Karotte,7,2.8
2025-01-07,Paprika,14,14.0
2024-12-28,Karotte,29,11.6
2024-12-21,Karotte,16,6.4
2024-12-27,Karotte,25,10.0
2025-01-12,Karotte,17,6.8
2024-12-21,Zitrone,42,25.2
2024-12-14,Karotte,26,10.4
2024-12-20,Banane,26,7.8
2024-12-24,Zitrone,23,13.8
2024-12-21,Zitrone,20,12.0
2024-12-30,Orange,37,24.05
2025-01-11,Tomate,31,21.7
2024-12-19,Apfel,29,14.5
2025-01-12,Apfel,5,2.5
2024-12-15,Banane,23,6.9
2024-12-29,Banane,12,3.6
2025-01-11,Zitrone,16,9.6
2025-01-12,Paprika,4,4.0
2025-01-10,Tomate,5,3.5
2024-12-16,Gurke,45,36.0
2025-01-10,Apfel,11,5.5
2025-01-07,Orange,17,11.05
2024-12-22,Paprika,18,18.0
2025-01-09,Apfel,24,12.0
2024-12-24,Apfel,36,18.0
2025-01-04,Tomate,17,11.9
2024-12-20,Gurke,1,0.8
2024-12-24,Banane,27,8.1
2025-01-02,Banane,21,6.3
2024-12-24,Paprika,46,46.0
2024-12-28,Tomate,12,8.4
2025-01-07,Paprika,1,1.0
2025-01-07,Paprika,10,10.0
2024-12-17,Banane,33,9.9
2025-01-06,Karotte,12,4.8
2025-01-08,Zitrone,50,30.0
2025-01-11,Gurke,31,24.8
2025-01-09,Banane,45,13.5
2025-01-03,Gurke,37,29.6
2025-01-08,Banane,44,13.2
2024-12-22,Orange,1,0.65
2024-12-30,Banane,19,5.7
2024-12-25,Tomate,43,30.1
2025-01-04,Banane,41,12.3
2024-12-24,Zitrone,50,30.0
2024-12-30,Karotte,45,18.0
2024-12-17,Orange,36,23.4
2024-12-26,Banane,48,14.4
2024-12-23,Orange,23,14.95
2025-01-04,Karotte,45,18.0
2024-12-20,Zitrone,12,7.2
2024-12-21,Karotte,45,18.0
2024-12-24,Banane,11,3.3
2024-12-31,Gurke,3,2.4
2024-12-23,Gurke,23,18.4
2024-12-24,Zitrone,10,6.0
2024-12-30,Apfel,8,4.0
2025-01-12,Orange,45,29.25
2024-12-21,Gurke,21,16.8
2024-12-28,Karotte,34,13.6
2025-01-10,Karotte,12,4.8
2025-01-11,Zitrone,17,10.2
2024-12-29,Orange,36,23.4
2025-01-04,Apfel,25,12.5
2024-12-31,Karotte,37,14.8
2024-12-17,Banane,46,13.8
2025-01-04,Karotte,45,18.0
2025-01-02,Karotte,5,2.0
2024-12-23,Zitrone,23,13.8
2025-01-03,Gurke,10,8.0
2024-12-14,Zitrone,5,3.0
2025-01-07,Paprika,10,10.0
2025-01-03,Karotte,39,15.6
2024-12-20,Apfel,26,13.0
2025-01-06,Karotte,45,18.0
2024-12-18,Karotte,18,7.2
2025-01-09,Gurke,25,20.0
2024-12-17,Tomate,42,29.4
2024-12-31,Banane,16,4.8
2024-12-29,Karotte,38,15.2
2024-12-26,Zitrone,16,9.6
2024-12-28,Apfel,22,11.0
2024-12-22,Gurke,42,33.6
2024-12-23,Apfel,7,3.5
2025-01-04,Zitrone,48,28.8
2025-01-04,Apfel,16,8.0
2025-01-02,Zitrone,15,9.0
2024-12-22,Tomate,12,8.4
2024-12-20,Karotte,16,6.4
2025-01-10,Paprika,17,17.0
2024-12-15,Gurke,20,16.0
2025-01-04,Karotte,32,12.8
2024-12-18,Banane,34,10.2
2024-12-29,Apfel,50,25.0
2024-12-21,Apfel,38,19.0
2025-01-07,Gurke,34,27.2
2025-01-03,Paprika,40,40.0
2025-01-01,Tomate,9,6.3
2024-12-21,Orange,47,30.55
2025-01-08,Zitrone,15,9.0
2024-12-31,Zitrone,25,15.0
2024-12-28,Paprika,24,24.0
2025-01-02,Orange,45,29.25
2024-12-23,Banane,38,11.4
2025-01-04,Zitrone,38,22.8
2024-12-27,Orange,7,4.55
2024-12-15,Banane,1,0.3
2025-01-03,Zitrone,36,21.6
2025-01-12,Gurke,42,33.6
2024-12-15,Tomate,39,27.3
2025-01-04,Karotte,4,1.6
2024-12-31,Orange,2,1.3
2025-01-12,Banane,49,14.7
2024-12-31,Zitrone,47,28.2
2024-12-24,Orange,40,26.0
2025-01-08,Karotte,6,2.4
2025-01-07,Zitrone,46,27.6
2025-01-07,Apfel,15,7.5
2024-12-29,Banane,12,3.6
2025-01-06,Karotte,17,6.8
2024-12-15,Zitrone,40,24.0
2024-12-26,Tomate,5,3.5
2025-01-10,Apfel,9,4.5
2025-01-06,Orange,4,2.6
2025-01-03,Orange,27,17.55
2024-12-29,Tomate,29,20.3
2024-12-15,Karotte,17,6.8
2024-12-27,Zitrone,42,25.2
2024-12-31,Orange,16,10.4
2024-12-28,Orange,37,24.05
2024-12-23,Banane,35,10.5
2025-01-02,Orange,6,3.9
2025-01-03,Orange,37,24.05
2025-01-11,Banane,16,4.8
2024-12-30,Banane,48,14.4
2024-12-23,Apfel,20,10.0
2025-01-06,Gurke,31,24.8
2024-12-29,Karotte,6,2.4
2024-12-27,Tomate,31,21.7
2024-12-28,Apfel,23,11.5
2025-01-09,Karotte,3,1.2
2024-12-15,Zitrone,28,16.8
2025-01-10,Tomate,21,14.7
2025-01-11,Apfel,9,4.5
2024-12-25,Banane,50,15.0
2025-01-01,Gurke,5,4.0
2024-12-15,Orange,44,28.6
2025-01-03,Karotte,41,16.4
2024-12-30,Banane,40,12.0
2024-12-18,Gurke,14,11.2
2024-12-23,Apfel,40,20.0
2024-12-17,Banane,14,4.2
2024-12-24,Paprika,41,41.0
2025-01-07,Gurke,25,20.0
2024-12-14,Orange,15,9.75
2024-12-24,Apfel,40,20.0
2024-12-21,Orange,7,4.55
2025-01-08,Paprika,44,44.0
2025-01-01,Banane,41,12.3
2024-12-21,Paprika,49,49.0
2024-12-21,Orange,24,15.6
2024-12-24,Apfel,27,13.5
2024-12-24,Banane,29,8.7
2024-12-18,Karotte,18,7.2
2024-12-24,Zitrone,30,18.0
2025-01-09,Banane,10,3.0
2024-12-31,Apfel,5,2.5
2025-01-10,Zitrone,17,10.2
2025-01-03,Gurke,25,20.0
2024-12-27,Karotte,31,12.4
2025-01-07,Gurke,30,24.0
2025-01-12,Tomate,12,8.4
2024-12-14,Paprika,8,8.0
2025-01-06,Gurke,38,30.4
2025-01-03,Zitrone,11,6.6
2024-12-26,Banane,33,9.9
2025-01-07,Paprika,26,26.0
2024-12-17,Paprika,21,21.0
2024-12-28,Orange,8,5.2
2024-12-31,Orange,20,13.0
2025-01-08,Apfel,12,6.0
2025-01-01,Orange,22,14.3
2025-01-12,Gurke,17,13.6
2024-12-27,Apfel,1,0.5
2024-12-29,Orange,18,11.7
2025-01-12,Banane,32,9.6
2024-12-16,Banane,32,9.6
2025-01-01,Banane,46,13.8
2024-12-24,Orange,18,11.7
2024-12-18,Zitrone,34,20.4
2024-12-28,Orange,34,22.1
2025-01-05,Orange,27,17.55
2024-12-16,Banane,33,9.9
2025-01-04,Karotte,23,9.2
2024-12-24,Tomate,24,16.8
2025-01-11,Karotte,1,0.4
2024-12-29,Tomate,18,12.6
2024-12-29,Tomate,41,28.7
2025-01-04,Tomate,1,0.7
2025-01-12,Zitrone,40,24.0
2024-12-18,Orange,18,11.7
2025-01-06,Orange,31,20.15
2024-12-20,Banane,2,0.6
2024-12-16,Banane,12,3.6
2025-01-12,Karotte,35,14.0
2024-12-24,Orange,46,29.9
2024-12-21,Zitrone,18,10.8
2025-01-02,Paprika,12,12.0
2025-01-07,Banane,32,9.6
2024-12-31,Paprika,15,15.0
2024-12-17,Apfel,16,8.0
2024-12-21,Zitrone,27,16.2
2024-12-27,Zitrone,26,15.6
2025-01-06,Gurke,36,28.8
2024-12-28,Tomate,37,25.9
2024-12-15,Karotte,40,16.0
2024-12-22,Orange,15,9.75
2024-12-27,Gurke,2,1.6
2024-12-24,Apfel,48,24.0
2024-12-29,Orange,25,16.25
2024-12-17,Gurke,30,24.0
2024-12-14,Gurke,28,22.4
2024-12-20,Orange,10,6.5
2024-12-29,Tomate,3,2.1
2024-12-31,Tomate,28,19.6
2025-01-11,Zitrone,11,6.6
2025-01-06,Gurke,41,32.8
2024-12-23,Apfel,16,8.0
2024-12-27,Zitrone,31,18.6
2025-01-07,Banane,22,6.6
2025-01-12,Orange,15,9.75
2025-01-12,Zitrone,9,5.4
2024-12-17,Tomate,8,5.6
2025-01-12,Gurke,4,3.2
2025-01-09,Apfel,41,20.5
2024-12-21,Apfel,28,14.0
2025-01-09,Zitrone,19,11.4
2025-01-09,Zitrone,22,13.2
2024-12-18,Gurke,21,16.8
2024-12-17,Gurke,41,32.8
2024-12-15,Paprika,13,13.0
2025-01-02,Zitrone,5,3.0
2024-12-27,Karotte,28,11.2
2025-01-05,Banane,28,8.4
2024-12-17,Orange,27,17.55
2024-12-29,Apfel,13,6.5
2024-12-14,Karotte,34,13.6
2024-12-14,Apfel,47,23.5
2025-01-05,Gurke,40,32.0
2024-12-31,Gurke,2,1.6
2024-12-15,Orange,34,22.1
2024-12-14,Apfel,19,9.5
2025-01-04,Orange,33,21.45
2024-12-15,Karotte,25,10.0
2024-12-17,Orange,23,14.95
2025-01-04,Paprika,43,43.0
2024-12-28,Banane,4,1.2
2024-12-20,Gurke,32,25.6
2025-01-12,Paprika,6,6.0
2025-01-03,Karotte,19,7.6
2025-01-11,Banane,29,8.7
2025-01-10,Gurke,5,4.0
2025-01-07,Karotte,25,10.0
2024-12-23,Orange,3,1.95
2024-12-15,Banane,47,14.1
2025-01-02,Karotte,43,17.2
2024-12-21,Karotte,23,9.2
2024-12-24,Gurke,9,7.2
2024-12-15,Apfel,5,2.5
2024-12-19,Gurke,33,26.4
2025-01-12,Gurke,31,24.8
2024-12-20,Apfel,45,22.5
2024-12-18,Orange,14,9.1
2024-12-30,Paprika,33,33.0
2024-12-23,Tomate,9,6.3
2025-01-06,Karotte,22,8.8
2024-12-27,Banane,38,11.4
2025-01-09,Orange,29,18.85
2025-01-07,Zitrone,43,25.8
2025-01-10,Tomate,8,5.6
2025-01-09,Orange,26,16.9
2025-01-06,Gurke,42,33.6
2025-01-11,Orange,6,3.9
2024-12-30,Orange,17,11.05
2025-01-03,Karotte,4,1.6
2025-01-02,Paprika,9,9.0
2025-01-01,Orange,49,31.85
2025-01-11,Paprika,42,42.0
2025-01-01,Paprika,47,47.0
2024-12-19,Paprika,29,29.0
2024-12-14,Banane,33,9.9
2024-12-15,Banane,38,11.4
2024-12-30,Tomate,1,0.7
2024-12-14,Banane,25,7.5
2025-01-05,Gurke,41,32.8
2024-12-17,Paprika,17,17.0
2024-12-14,Orange,9,5.85
2024-12-31,Orange,26,16.9
2024-12-19,Tomate,45,31.5
2025-01-03,Zitrone,20,12.0
2024-12-19,Orange,32,20.8
2024-12-17,Gurke,28,22.4
2024-12-23,Apfel,4,2.0
2025-01-10,Paprika,27,27.0
2025-01-03,Apfel,34,17.0
2024-12-14,Karotte,38,15.2
2024-12-22,Gurke,34,27.2
2024-12-25,Gurke,12,9.6
2024-12-18,Banane,37,11.1
2024-12-16,Karotte,1,0.4
2024-12-16,Tomate,38,26.6
2025-01-10,Banane,41,12.3
2024-12-20,Zitrone,38,22.8
2025-01-08,Gurke,20,16.0
2024-12-21,Orange,44,28.6
2025-01-02,Orange,21,13.65
2025-01-12,Banane,6,1.8
2024-12-18,Orange,49,31.85
2025-01-12,Paprika,16,16.0
2024-12-31,Banane,39,11.7
2024-12-21,Banane,13,3.9
2024-12-25,Paprika,11,11.0
2024-12-23,Tomate,8,5.6
2024-12-20,Paprika,32,32.0
2025-01-09,Orange,46,29.9
2025-01-10,Karotte,47,18.8
2024-12-19,Apfel,16,8.0
2024-12-31,Zitrone,38,22.8
2025-01-04,Zitrone,8,4.8
2025-01-02,Karotte,6,2.4
2024-12-31,Gurke,44,35.2
2025-01-07,Banane,41,12.3
2024-12-24,Orange,12,7.8
2025-01-12,Karotte,32,12.8
2025-01-08,Apfel,42,21.0
2024-12-17,Gurke,29,23.2
2024-12-20,Apfel,17,8.5
2024-12-15,Zitrone,17,10.2
2025-01-12,Banane,50,15.0
2025-01-10,Paprika,6,6.0
2024-12-31,Paprika,32,32.0
2025-01-07,Gurke,16,12.8
2025-01-11,Banane,39,11.7
2024-12-22,Banane,46,13.8
2024-12-31,Tomate,1,0.7
2024-12-20,Karotte,25,10.0
2024-12-16,Apfel,18,9.0
2025-01-01,Apfel,47,23.5
2025-01-10,Banane,18,5.4
2024-12-20,Orange,30,19.5
2024-12-23,Apfel,4,2.0
2024-12-28,Tomate,15,10.5
2024-12-24,Zitrone,43,25.8
2025-01-09,Gurke,18,14.4
2024-12-19,Karotte,49,19.6
2024-12-22,Karotte,14,5.6
2025-01-11,Orange,47,30.55
2024-12-18,Orange,16,10.4
2024-12-18,Paprika,18,18.0
2024-12-21,Banane,31,9.3
2025-01-01,Gurke,13,10.4
2025-01-06,Karotte,32,12.8
2024-12-16,Apfel,8,4.0
2024-12-20,Zitrone,4,2.4
2024-12-17,Paprika,28,28.0
2025-01-05,Paprika,39,39.0
2025-01-09,Banane,5,1.5
2025-01-06,Banane,26,7.8
2025-01-02,Zitrone,1,0.6
2025-01-11,Paprika,23,23.0
2024-12-21,Paprika,45,45.0
2024-12-23,Karotte,36,14.4
2024-12-17,Apfel,46,23.0
2025-01-05,Paprika,4,4.0
2025-01-02,Paprika,18,18.0
2024-12-25,Tomate,33,23.1
2024-12-19,Karotte,17,6.8
2024-12-17,Apfel,50,25.0
2025-01-07,Zitrone,24,14.4
2024-12-15,Gurke,5,4.0
2024-12-26,Gurke,5,4.0
2025-01-04,Tomate,14,9.8
2024-12-15,Gurke,39,31.2
2024-12-19,Apfel,11,5.5
2024-12-24,Karotte,2,0.8
2024-12-20,Karotte,46,18.4
2024-12-28,Banane,34,10.2
2024-12-23,Zitrone,29,17.4
2025-01-06,Paprika,23,23.0
2024-12-30,Orange,3,1.95
2025-01-03,Paprika,23,23.0
2025-01-05,Zitrone,48,28.8
2024-12-17,Apfel,39,19.5
2024-12-31,Karotte,37,14.8
2024-12-28,Gurke,25,20.0
2024-12-15,Zitrone,32,19.2
2024-12-15,Gurke,18,14.4
2024-12-28,Gurke,40,32.0
2024-12-14,Apfel,3,1.5
2025-01-12,Gurke,9,7.2
2025-01-08,Orange,36,23.4
2024-12-24,Apfel,43,21.5
2025-01-03,Banane,37,11.1
2024-12-14,Orange,18,11.7
2024-12-28,Paprika,48,48.0
2025-01-02,Orange,24,15.6
2024-12-16,Karotte,6,2.4
2024-12-26,Apfel,38,19.0
2024-12-24,Paprika,37,37.0
2024-12-21,Gurke,26,20.8
2025-01-06,Karotte,19,7.6
2024-12-15,Paprika,32,32.0
2024-12-16,Tomate,1,0.7
2024-12-30,Karotte,46,18.4
2025-01-03,Banane,50,15.0
2024-12-28,Apfel,23,11.5
2025-01-08,Zitrone,41,24.6
2024-12-31,Apfel,8,4.0
2025-01-05,Tomate,44,30.8
2025-01-04,Paprika,35,35.0
2025-01-04,Paprika,21,21.0
2024-12-15,Zitrone,17,10.2
2024-12-30,Tomate,31,21.7
2024-12-14,Apfel,31,15.5
2024-12-25,Tomate,9,6.3
2024-12-15,Zitrone,37,22.2
2025-01-04,Tomate,39,27.3
2024-12-26,Apfel,22,11.0
2024-12-16,Tomate,19,13.3
2024-12-25,Orange,32,20.8
2024-12-31,Gurke,15,12.0
2024-12-20,Tomate,26,18.2
2024-12-15,Gurke,49,39.2
2025-01-09,Paprika,10,10.0
2024-12-17,Zitrone,34,20.4
2024-12-31,Banane,12,3.6
2024-12-21,Tomate,43,30.1
2024-12-15,Apfel,37,18.5
2025-01-02,Orange,45,29.25
2024-12-28,Banane,15,4.5
2025-01-11,Apfel,50,25.0
2024-12-26,Gurke,6,4.8
2025-01-08,Tomate,17,11.9
2024-12-30,Banane,15,4.5
2024-12-14,Gurke,12,9.6
2025-01-12,Paprika,47,47.0
2025-01-08,Zitrone,14,8.4
2024-12-26,Paprika,7,7.0
2025-01-11,Banane,50,15.0
2025-01-03,Karotte,5,2.0
2025-01-01,Zitrone,41,24.6
2025-01-06,Gurke,34,27.2
2025-01-01,Gurke,12,9.6
2024-12-24,Zitrone,9,5.4
2024-12-28,Banane,29,8.7
2024-12-28,Banane,30,9.0
2024-12-28,Karotte,15,6.0
2024-12-17,Apfel,26,13.0
2025-01-12,Orange,7,4.55
2024-12-26,Tomate,7,4.9
2025-01-06,Tomate,48,33.6
2024-12-16,Paprika,28,28.0
2025-01-08,Apfel,48,24.0
2025-01-10,Paprika,21,21.0
2025-01-12,Banane,8,2.4
2025-01-07,Zitrone,23,13.8
2024-12-19,Tomate,20,14.0
2024-12-23,Gurke,5,4.0
2024-12-17,Apfel,15,7.5
2024-12-16,Orange,40,26.0
2024-12-22,Banane,42,12.6
2024-12-19,Paprika,34,34.0
2024-12-15,Zitrone,39,23.4
2025-01-07,Tomate,32,22.4
2024-12-23,Zitrone,16,9.6
2025-01-04,Orange,46,29.9
2025-01-02,Karotte,45,18.0
2024-12-28,Orange,38,24.7
2025-01-01,Apfel,29,14.5
2025-01-09,Gurke,30,24.0
2024-12-24,Banane,12,3.6
2025-01-06,Gurke,40,32.0
2024-12-20,Orange,23,14.95
2025-01-11,Apfel,40,20.0
2024-12-17,Apfel,46,23.0
2025-01-01,Apfel,34,17.0
2024-12-24,Zitrone,16,9.6
2024-12-31,Karotte,29,11.6
2024-12-27,Karotte,36,14.4
2025-01-01,Zitrone,7,4.2
2025-01-07,Paprika,18,18.0
2024-12-29,Paprika,22,22.0
2025-01-08,Gurke,33,26.4
2024-12-31,Tomate,13,9.1
2025-01-01,Tomate,43,30.1
2025-01-07,Apfel,23,11.5
2025-01-07,Banane,34,10.2
2024-12-15,Gurke,27,21.6
2025-01-03,Zitrone,17,10.2
2024-12-31,Orange,49,31.85
2024-12-15,Apfel,11,5.5
2024-12-16,Paprika,15,15.0
2024-12-27,Paprika,32,32.0
2024-12-15,Zitrone,39,23.4
2024-12-28,Gurke,24,19.2
2024-12-21,Paprika,39,39.0
2025-01-05,Orange,32,20.8
2024-12-16,Apfel,16,8.0
2025-01-11,Orange,10,6.5
2024-12-15,Paprika,6,6.0
2024-12-31,Karotte,37,14.8
2024-12-30,Zitrone,29,17.4
2024-12-18,Tomate,4,2.8
2024-12-16,Banane,20,6.0
2024-12-28,Zitrone,1,0.6
2024-12-25,Zitrone,10,6.0
2024-12-16,Apfel,42,21.0
2024-12-28,Paprika,42,42.0
2024-12-26,Karotte,22,8.8
2024-12-30,Apfel,22,11.0
2024-12-20,Zitrone,2,1.2
2024-12-25,Paprika,47,47.0
2025-01-02,Zitrone,24,14.4
2024-12-27,Tomate,46,32.2
2024-12-27,Gurke,20,16.0
2024-12-17,Banane,18,5.4
2025-01-02,Paprika,50,50.0
2025-01-04,Banane,45,13.5
2024-12-28,Gurke,11,8.8
2025-01-05,Apfel,50,25.0
2024-12-27,Paprika,43,43.0
2025-01-02,Gurke,47,37.6
2024-12-31,Banane,42,12.6
2024-12-16,Karotte,23,9.2
2025-01-09,Orange,1,0.65
2025-01-12,Banane,23,6.9
2024-12-31,Apfel,41,20.5
2024-12-21,Paprika,5,5.0
2025-01-11,Zitrone,26,15.6
2025-01-02,Apfel,19,9.5
2024-12-24,Zitrone,30,18.0
2025-01-12,Apfel,21,10.5
2025-01-11,Zitrone,20,12.0
2024-12-22,Banane,26,7.8
2024-12-26,Gurke,35,28.0
2024-12-19,Zitrone,26,15.6
2024-12-17,Tomate,1,0.7
2025-01-04,Banane,39,11.7
2024-12-26,Banane,36,10.8
2025-01-04,Karotte,48,19.2
2024-12-27,Gurke,23,18.4
2024-12-14,Orange,5,3.25
2024-12-16,Tomate,23,16.1
2024-12-16,Karotte,45,18.0
2024-12-16,Zitrone,7,4.2
2024-12-26,Zitrone,6,3.6
2024-12-30,Banane,18,5.4
2024-12-22,Banane,26,7.8
2024-12-14,Banane,19,5.7
2024-12-30,Karotte,10,4.0
2024-12-27,Paprika,50,50.0
2024-12-31,Karotte,40,16.0
2024-12-21,Zitrone,40,24.0
2025-01-07,Tomate,44,30.8
2025-01-06,Gurke,2,1.6
2025-01-06,Apfel,46,23.0
2024-12-18,Gurke,50,40.0
2024-12-15,Zitrone,9,5.4
2024-12-18,Zitrone,46,27.6
2024-12-17,Paprika,41,41.0
2025-01-09,Karotte,30,12.0
2024-12-19,Apfel,2,1.0
2024-12-17,Zitrone,32,19.2
2024-12-28,Zitrone,12,7.2
2024-12-17,Orange,22,14.3
2025-01-06,Gurke,20,16.0
2024-12-28,Banane,41,12.3
2025-01-08,Tomate,44,30.8
2025-01-06,Banane,7,2.1
2024-12-21,Banane,25,7.5
2024-12-18,Apfel,44,22.0
2024-12-25,Tomate,6,4.2
2025-01-07,Apfel,20,10.0
2024-12-14,Tomate,31,21.7
2024-12-16,Banane,13,3.9
2025-01-04,Zitrone,13,7.8
2025-01-10,Orange,49,31.85
2025-01-07,Orange,49,31.85
2025-01-07,Orange,44,28.6
2025-01-06,Banane,49,14.7
2024-12-19,Tomate,7,4.9
2025-01-04,Zitrone,47,28.2
2024-12-23,Orange,28,18.2
2025-01-11,Tomate,30,21.0
2024-12-21,Orange,40,26.0
2025-01-05,Karotte,5,2.0
2025-01-06,Gurke,19,15.2
2024-12-30,Karotte,25,10.0
2024-12-24,Paprika,20,20.0
2025-01-06,Zitrone,16,9.6
2024-12-17,Paprika,42,42.0
2024-12-25,Apfel,1,0.5
2024-12-14,Apfel,31,15.5
2025-01-03,Karotte,34,13.6
2024-12-16,Karotte,18,7.2
2024-12-29,Paprika,24,24.0
2024-12-18,Gurke,39,31.2
2024-12-28,Orange,23,14.95
2024-12-23,Orange,50,32.5
2025-01-08,Zitrone,18,10.8
2024-12-24,Tomate,6,4.2
2025-01-10,Karotte,31,12.4
2025-01-09,Banane,15,4.5
2024-12-15,Apfel,13,6.5
2025-01-10,Paprika,27,27.0
2024-12-31,Tomate,33,23.1
2024-12-21,Orange,9,5.85
2024-12-21,Paprika,38,38.0
2025-01-12,Tomate,42,29.4
2024-12-15,Gurke,17,13.6
2024-12-31,Tomate,35,24.5
2024-12-18,Apfel,34,17.0
2024-12-19,Karotte,18,7.2
2024-12-21,Banane,19,5.7
2024-12-19,Karotte,26,10.4
2024-12-27,Zitrone,15,9.0
2025-01-02,Zitrone,32,19.2
2025-01-07,Gurke,48,38.4
2024-12-27,Orange,40,26.0
2025-01-02,Karotte,23,9.2
2025-01-05,Banane,48,14.4
2024-12-17,Banane,27,8.1
2024-12-31,Orange,8,5.2
2025-01-03,Apfel,2,1.0
2025-01-01,Zitrone,12,7.2
2024-12-18,Apfel,30,15.0
2025-01-10,Orange,4,2.6
2024-12-21,Orange,4,2.6
2024-12-20,Tomate,25,17.5
2024-12-23,Banane,47,14.1
2024-12-22,Banane,27,8.1
2024-12-19,Banane,14,4.2
2024-12-31,Orange,14,9.1
2025-01-02,Zitrone,43,25.8
2024-12-21,Karotte,36,14.4
2025-01-08,Orange,12,7.8
2024-12-22,Apfel,30,15.0
2024-12-29,Tomate,46,32.2
2024-12-15,Zitrone,1,0.6
2025-01-11,Zitrone,44,26.4
2025-01-02,Karotte,13,5.2
2024-12-14,Paprika,46,46.0
2025-01-09,Gurke,17,13.6
2024-12-23,Orange,50,32.5
2024-12-14,Apfel,15,7.5
2024-12-16,Tomate,25,17.5
2025-01-11,Banane,7,2.1
2024-12-17,Orange,34,22.1
2025-01-08,Apfel,19,9.5
2024-12-28,Orange,5,3.25
2025-01-06,Zitrone,17,10.2
2024-12-26,Tomate,42,29.4
2024-12-17,Karotte,10,4.0
2025-01-10,Banane,32,9.6
2025-01-12,Zitrone,39,23.4
2024-12-25,Apfel,46,23.0
2024-12-16,Tomate,16,11.2
2025-01-01,Tomate,47,32.9
2024-12-15,Karotte,44,17.6
2024-12-29,Apfel,47,23.5
2025-01-06,Apfel,19,9.5
2024-12-30,Gurke,14,11.2
2024-12-14,Paprika,49,49.0
2024-12-31,Zitrone,9,5.4
2024-12-18,Banane,49,14.7
2025-01-09,Karotte,8,3.2
2025-01-03,Karotte,30,12.0
2024-12-27,Apfel,50,25.0
2024-12-30,Zitrone,26,15.6
2025-01-05,Banane,47,14.1
2025-01-02,Karotte,39,15.6
2024-12-25,Apfel,49,24.5
2024-12-20,Tomate,19,13.3
2024-12-25,Karotte,15,6.0
2024-12-26,Orange,45,29.25
2025-01-08,Gurke,16,12.8
2025-01-08,Tomate,3,2.1
2024-12-17,Orange,48,31.2
2024-12-26,Banane,31,9.3
2025-01-06,Orange,5,3.25
2024-12-27,Banane,41,12.3
2024-12-29,Apfel,19,9.5
2025-01-07,Orange,35,22.75
2025-01-01,Paprika,44,44.0
2024-12-14,Orange,8,5.2
2025-01-11,Orange,50,32.5
2024-12-17,Paprika,30,30.0
2024-12-22,Banane,17,5.1
2024-12-14,Tomate,13,9.1
2025-01-06,Karotte,4,1.6
2025-01-03,Gurke,18,14.4
2024-12-18,Paprika,1,1.0
2024-12-29,Zitrone,32,19.2
2024-12-28,Paprika,46,46.0
2024-12-18,Karotte,3,1.2
2024-12-26,Apfel,13,6.5
2024-12-18,Paprika,34,34.0
2025-01-12,Apfel,34,17.0
2024-12-29,Zitrone,47,28.2
2025-01-11,Zitrone,21,12.6
2025-01-12,Orange,20,13.0
2025-01-12,Gurke,20,16.0
2025-01-09,Gurke,18,14.4
2024-12-25,Paprika,14,14.0
2024-12-23,Orange,47,30.55
2025-01-01,Paprika,33,33.0
2024-12-30,Apfel,2,1.0
2024-12-30,Orange,11,7.15
2025-01-02,Banane,11,3.3
2024-12-28,Apfel,50,25.0
2024-12-28,Karotte,16,6.4
2024-12-22,Orange,19,12.35
2024-12-14,Zitrone,38,22.8
2024-12-30,Banane,25,7.5
2024-12-22,Karotte,16,6.4
2024-12-18,Apfel,11,5.5
2025-01-01,Orange,43,27.95
2025-01-02,Zitrone,7,4.2
2024-12-19,Apfel,5,2.5
2025-01-09,Orange,24,15.6
2024-12-17,Karotte,46,18.4
2025-01-12,Orange,43,27.95
2025-01-08,Banane,50,15.0
2024-12-29,Paprika,26,26.0
2024-12-29,Tomate,30,21.0
2024-12-26,Apfel,20,10.0
2024-12-22,Karotte,26,10.4
2024-12-27,Paprika,39,39.0
2024-12-21,Karotte,41,16.4
2024-12-17,Apfel,33,16.5
2024-12-29,Gurke,13,10.4
2024-12-28,Apfel,38,19.0
2025-01-09,Apfel,27,13.5
2024-12-16,Banane,43,12.9
2024-12-29,Orange,30,19.5
2024-12-22,Karotte,19,7.6
2025-01-05,Karotte,33,13.2
2024-12-15,Paprika,44,44.0
2024-12-20,Karotte,1,0.4
2024-12-27,Paprika,5,5.0
2025-01-05,Gurke,5,4.0
2025-01-12,Banane,13,3.9
2025-01-10,Karotte,34,13.6
2025-01-06,Paprika,15,15.0
2025-01-03,Gurke,30,24.0
2025-01-08,Tomate,4,2.8
2025-01-10,Gurke,3,2.4
2025-01-04,Paprika,32,32.0
2024-12-16,Paprika,28,28.0
2025-01-03,Orange,23,14.95
2024-12-30,Paprika,21,21.0
2024-12-23,Banane,43,12.9
2025-01-03,Paprika,22,22.0
2024-12-29,Tomate,35,24.5
2025-01-08,Tomate,14,9.8
2025-01-03,Karotte,26,10.4
2024-12-24,Gurke,1,0.8
2024-12-27,Zitrone,45,27.0
2024-12-20,Banane,49,14.7
2025-01-06,Zitrone,36,21.6
2025-01-11,Paprika,20,20.0
2025-01-05,Apfel,2,1.0
2024-12-17,Apfel,34,17.0
2024-12-14,Zitrone,34,20.4
2024-12-19,Paprika,34,34.0
2024-12-18,Karotte,40,16.0
2024-12-22,Banane,39,11.7
2025-01-06,Banane,42,12.6
2024-12-28,Zitrone,11,6.6
2025-01-03,Karotte,17,6.8
2025-01-04,Orange,30,19.5
2025-01-12,Gurke,48,38.4
2025-01-09,Banane,16,4.8
2025-01-12,Paprika,5,5.0
2024-12-28,Karotte,45,18.0
2024-12-20,Paprika,9,9.0
2025-01-02,Zitrone,48,28.8
2025-01-02,Banane,3,0.9
2025-01-09,Orange,36,23.4
2024-12-16,Zitrone,35,21.0
2024-12-19,Apfel,14,7.0
2025-01-09,Zitrone,15,9.0
2025-01-03,Apfel,30,15.0
2024-12-18,Zitrone,50,30.0
2025-01-07,Tomate,26,18.2
2024-12-25,Gurke,46,36.8
2025-01-06,Paprika,13,13.0
2025-01-11,Orange,44,28.6
2024-12-20,Karotte,10,4.0
2024-12-24,Zitrone,8,4.8
2025-01-05,Apfel,15,7.5
2025-01-05,Karotte,9,3.6
2024-12-27,Apfel,43,21.5
2024-12-30,Karotte,13,5.2
2024-12-18,Banane,46,13.8
2025-01-08,Gurke,28,22.4
2025-01-03,Gurke,6,4.8
2024-12-15,Tomate,12,8.4
2024-12-14,Paprika,3,3.0
2024-12-25,Orange,24,15.6
2024-12-28,Tomate,15,10.5
2024-12-15,Apfel,40,20.0
2025-01-05,Paprika,6,6.0
2025-01-06,Zitrone,23,13.8
2025-01-04,Tomate,24,16.8
2024-12-23,Zitrone,26,15.6
2025-01-04,Tomate,37,25.9
2024-12-28,Banane,6,1.8
2025-01-02,Banane,18,5.4
2024-12-19,Tomate,41,28.7
2025-01-03,Orange,30,19.5
2024-12-17,Orange,33,21.45
2024-12-24,Karotte,34,13.6
2025-01-10,Apfel,34,17.0
2024-12-27,Zitrone,20,12.0
2025-01-05,Orange,26,16.9
2025-01-08,Orange,32,20.8
2025-01-04,Apfel,2,1.0
2025-01-05,Orange,27,17.55
2024-12-23,Tomate,25,17.5
2024-12-16,Gurke,30,24.0
2025-01-04,Paprika,29,29.0
2025-01-07,Orange,36,23.4
2024-12-14,Banane,6,1.8
2025-01-04,Apfel,43,21.5
2024-12-25,Karotte,44,17.6
2024-12-31,Tomate,41,28.7
2024-12-22,Karotte,1,0.4
2024-12-25,Orange,27,17.55
2024-12-26,Apfel,45,22.5
2024-12-21,Banane,12,3.6
2025-01-08,Zitrone,24,14.4
2024-12-21,Gurke,3,2.4
2024-12-28,Orange,11,7.15
2025-01-01,Orange,29,18.85
2025-01-03,Paprika,21,21.0
2025-01-05,Zitrone,40,24.0
2025-01-02,Banane,46,13.8
2025-01-04,Karotte,28,11.2
2024-12-27,Orange,12,7.8
2024-12-27,Orange,36,23.4
2024-12-19,Apfel,33,16.5
2024-12-21,Gurke,14,11.2
2024-12-19,Orange,2,1.3
2024-12-17,Banane,4,1.2
2024-12-26,Paprika,44,44.0
2024-12-21,Tomate,14,9.8
2025-01-08,Orange,17,11.05
2025-01-09,Gurke,39,31.2
2025-01-01,Tomate,6,4.2
2024-12-24,Orange,24,15.6
2024-12-21,Paprika,27,27.0
2024-12-16,Zitrone,14,8.4
2025-01-05,Zitrone,7,4.2
2024-12-31,Paprika,33,33.0
2024-12-20,Gurke,29,23.2
2024-12-20,Gurke,14,11.2
2025-01-11,Zitrone,47,28.2
2024-12-20,Zitrone,49,29.4
2024-12-29,Karotte,11,4.4
2025-01-02,Zitrone,32,19.2
2025-01-12,Zitrone,11,6.6
2025-01-08,Apfel,21,10.5
2025-01-08,Paprika,1,1.0
2024-12-23,Apfel,21,10.5
2025-01-12,Tomate,34,23.8
2025-01-11,Tomate,38,26.6
2025-01-01,Banane,28,8.4
2025-01-09,Karotte,4,1.6
2024-12-24,Tomate,21,14.7
2025-01-03,Paprika,17,17.0
2025-01-03,Paprika,47,47.0
2025-01-02,Gurke,41,32.8
2025-01-03,Paprika,15,15.0
2025-01-02,Banane,29,8.7
2025-01-03,Gurke,41,32.8
2025-01-06,Zitrone,43,25.8
2024-12-25,Karotte,41,16.4
2024-12-18,Apfel,12,6.0
2024-12-14,Apfel,18,9.0
2025-01-05,Zitrone,31,18.6
2025-01-04,Karotte,23,9.2
2025-01-04,Gurke,35,28.0
2024-12-22,Zitrone,32,19.2
2025-01-10,Karotte,27,10.8
2025-01-05,Gurke,16,12.8
2024-12-25,Paprika,31,31.0
2025-01-03,Zitrone,31,18.6
2024-12-30,Gurke,32,25.6
2024-12-21,Banane,9,2.7
2024-12-22,Karotte,10,4.0
2025-01-01,Gurke,17,13.6
2024-12-18,Banane,32,9.6
2025-01-07,Paprika,38,38.0
2024-12-19,Orange,12,7.8
2024-12-24,Banane,38,11.4
2024-12-19,Paprika,40,40.0
2024-12-21,Banane,1,0.3
2025-01-06,Zitrone,40,24.0
2024-12-23,Apfel,24,12.0
2024-12-16,Paprika,33,33.0
2025-01-02,Zitrone,22,13.2
2025-01-10,Orange,36,23.4
2024-12-14,Zitrone,35,21.0
2025-01-06,Paprika,21,21.0
2025-01-02,Banane,24,7.2
2024-12-22,Banane,32,9.6
2024-12-23,Apfel,45,22.5
2024-12-25,Banane,25,7.5
2024-12-17,Karotte,27,10.8
2024-12-27,Karotte,10,4.0
2024-12-28,Paprika,14,14.0
2025-01-03,Banane,5,1.5
2024-12-16,Apfel,30,15.0
2024-12-24,Gurke,15,12.0
2024-12-18,Karotte,6,2.4
2024-12-15,Karotte,33,13.2
2025-01-09,Tomate,29,20.3
2024-12-26,Orange,34,22.1
2025-01-06,Tomate,33,23.1
2024-12-14,Gurke,3,2.4
2024-12-21,Karotte,44,17.6
2025-01-11,Apfel,11,5.5
2025-01-02,Paprika,32,32.0
2025-01-03,Karotte,35,14.0
2024-12-17,Zitrone,32,19.2
2025-01-11,Zitrone,37,22.2
2024-12-16,Banane,20,6.0
2025-01-11,Gurke,44,35.2
2024-12-16,Apfel,34,17.0
2024-12-29,Paprika,23,23.0
2025-01-04,Gurke,39,31.2
2025-01-09,Apfel,3,1.5
2025-01-06,Paprika,43,43.0
2025-01-02,Gurke,9,7.2
2025-01-01,Karotte,45,18.0
2025-01-04,Orange,11,7.15
2024-12-29,Tomate,27,18.9
2024-12-28,Tomate,29,20.3
2024-12-31,Orange,17,11.05
2024-12-31,Banane,17,5.1
2024-12-15,Orange,26,16.9
2025-01-01,Paprika,1,1.0
2024-12-27,Banane,19,5.7
2025-01-03,Karotte,31,12.4
2025-01-04,Apfel,29,14.5
2024-12-28,Tomate,37,25.9
2025-01-01,Karotte,26,10.4
2024-12-29,Banane,43,12.9
2025-01-02,Gurke,6,4.8
2025-01-06,Paprika,4,4.0
2025-01-01,Karotte,37,14.8
2024-12-18,Paprika,37,37.0
2024-12-26,Tomate,21,14.7
2025-01-03,Paprika,24,24.0
2025-01-06,Paprika,6,6.0
2024-12-28,Zitrone,33,19.8
2025-01-03,Paprika,8,8.0
2025-01-10,Karotte,46,18.4
2024-12-17,Gurke,30,24.0
2024-12-26,Tomate,39,27.3
