Produkt,Preis pro Einheit (EUR),Verkaufte Menge,Verfallsdatum
Zitrone,0.58,76,2025-01-13
Banane,0.28,55,2025-01-18
Banane,0.3,186,2025-02-03
Gurke,0.85,184,2025-01-26
Tomate,0.74,114,2025-01-25
Tomate,0.65,130,2025-01-25
Apfel,0.51,115,2025-01-30
Zitrone,0.54,197,2025-01-18
Gurke,0.78,190,2025-01-25
Zitrone,0.66,170,2025-01-27
Paprika,1.09,196,2025-02-07
Apfel,0.54,198,2025-02-08
Gurke,0.81,188,2025-02-06
Karotte,0.41,62,2025-02-05
Zitrone,0.58,121,2025-01-29
Orange,0.59,188,2025-01-24
Karotte,0.4,88,2025-02-04
Zitrone,0.61,112,2025-01-27
Zitrone,0.64,93,2025-01-14
Banane,0.3,137,2025-01-25
Banane,0.31,169,2025-01-29
Zitrone,0.58,92,2025-01-25
Karotte,0.37,101,2025-02-08
Karotte,0.39,150,2025-01-12
Zitrone,0.56,109,2025-01-21
Gurke,0.79,104,2025-02-07
Orange,0.62,113,2025-01-28
Gurke,0.83,69,2025-01-27
Gurke,0.86,111,2025-01-23
Orange,0.62,155,2025-02-08
Paprika,0.92,132,2025-01-18
Karotte,0.44,199,2025-02-02
Paprika,1.02,134,2025-02-09
Banane,0.29,134,2025-01-21
Paprika,1.03,78,2025-01-26
Zitrone,0.61,185,2025-01-26
Orange,0.64,139,2025-01-27
Zitrone,0.63,110,2025-01-12
Gurke,0.82,78,2025-01-23
Karotte,0.43,186,2025-01-27
Banane,0.3,109,2025-01-18
Karotte,0.37,76,2025-01-26
Gurke,0.86,179,2025-02-08
Zitrone,0.58,76,2025-02-11
Orange,0.62,158,2025-01-14
Gurke,0.81,197,2025-01-16
Orange,0.71,123,2025-01-20
Paprika,1.09,127,2025-01-27
Paprika,0.92,181,2025-01-30
Karotte,0.39,52,2025-02-04
Paprika,0.96,99,2025-01-17
Gurke,0.88,178,2025-01-19
Paprika,1.09,160,2025-02-09
Karotte,0.36,126,2025-01-24
Gurke,0.73,155,2025-01-15
Orange,0.67,100,2025-01-27
Banane,0.31,89,2025-02-11
Karotte,0.44,191,2025-02-03
Banane,0.29,88,2025-01-21
Zitrone,0.59,97,2025-01-13
Gurke,0.75,89,2025-01-22
Apfel,0.5,67,2025-01-18
Banane,0.32,76,2025-01-22
Orange,0.61,179,2025-01-21
Tomate,0.7,72,2025-02-08
Gurke,0.79,70,2025-02-06
Gurke,0.78,72,2025-02-11
Orange,0.68,129,2025-01-21
Paprika,1.07,165,2025-01-18
Gurke,0.88,121,2025-01-20
Tomate,0.68,193,2025-01-24
Gurke,0.83,188,2025-02-01
Tomate,0.73,85,2025-02-07
Paprika,1.01,114,2025-02-04
Karotte,0.39,115,2025-01-23
Orange,0.69,166,2025-01-15
Banane,0.31,138,2025-02-11
Banane,0.31,81,2025-01-31
Gurke,0.73,149,2025-02-08
Tomate,0.75,76,2025-01-26
Orange,0.71,195,2025-01-24
Karotte,0.41,127,2025-02-11
Zitrone,0.59,188,2025-01-30
Paprika,1.08,130,2025-02-10
Banane,0.32,190,2025-01-13
Tomate,0.69,105,2025-01-20
Zitrone,0.64,185,2025-01-29
Orange,0.65,151,2025-02-11
Apfel,0.47,191,2025-01-22
Apfel,0.47,132,2025-01-21
Gurke,0.79,110,2025-01-12
Apfel,0.48,112,2025-01-24
Paprika,0.95,57,2025-01-12
Orange,0.68,177,2025-01-31
Banane,0.32,63,2025-02-02
Tomate,0.64,200,2025-01-18
Apfel,0.52,62,2025-02-09
Gurke,0.78,59,2025-02-01
Tomate,0.68,159,2025-02-11
Gurke,0.82,193,2025-01-24
Orange,0.63,187,2025-02-01
Orange,0.64,111,2025-02-01
Gurke,0.86,141,2025-01-21
Gurke,0.76,122,2025-02-04
Tomate,0.65,173,2025-01-15
Gurke,0.73,64,2025-01-25
Banane,0.27,74,2025-02-07
Tomate,0.65,171,2025-01-25
Karotte,0.4,61,2025-01-13
Banane,0.31,135,2025-02-05
Orange,0.59,198,2025-02-07
Tomate,0.73,121,2025-01-12
Gurke,0.77,145,2025-02-06
Apfel,0.5,52,2025-01-18
Paprika,0.93,127,2025-01-13
Gurke,0.85,54,2025-01-26
Karotte,0.42,139,2025-02-03
Gurke,0.82,185,2025-01-15
Orange,0.67,140,2025-01-26
Apfel,0.47,184,2025-02-08
Paprika,1.06,168,2025-01-17
Apfel,0.53,169,2025-01-15
Paprika,0.91,80,2025-01-25
Karotte,0.41,96,2025-01-26
Orange,0.71,175,2025-01-16
Zitrone,0.59,108,2025-01-23
Tomate,0.69,166,2025-01-24
Tomate,0.7,87,2025-02-10
Paprika,1.02,80,2025-01-31
Orange,0.71,81,2025-01-14
Apfel,0.54,193,2025-01-14
Apfel,0.52,80,2025-02-07
Karotte,0.38,69,2025-01-19
Karotte,0.42,96,2025-01-21
Paprika,0.93,135,2025-01-25
Zitrone,0.65,123,2025-01-26
Apfel,0.51,144,2025-01-19
Apfel,0.46,101,2025-01-18
Gurke,0.81,76,2025-02-09
Orange,0.62,137,2025-01-12
Apfel,0.51,52,2025-02-04
Banane,0.29,87,2025-01-31
Gurke,0.82,145,2025-02-01
Tomate,0.71,51,2025-02-07
Tomate,0.75,129,2025-02-06
Gurke,0.78,198,2025-01-20
Apfel,0.46,151,2025-02-10
Orange,0.62,117,2025-01-20
Orange,0.64,120,2025-01-20
Paprika,1.01,182,2025-01-31
Orange,0.63,184,2025-02-01
Orange,0.67,101,2025-01-18
Gurke,0.75,182,2025-02-03
Zitrone,0.65,50,2025-01-12
Tomate,0.71,71,2025-01-27
Banane,0.29,199,2025-01-27
Banane,0.31,88,2025-02-01
Banane,0.32,97,2025-02-06
Gurke,0.78,163,2025-01-22
Karotte,0.38,99,2025-01-13
Orange,0.64,133,2025-01-12
Karotte,0.4,150,2025-02-09
Banane,0.3,176,2025-02-01
Tomate,0.7,102,2025-01-19
Paprika,1.0,165,2025-02-06
Orange,0.7,150,2025-01-18
Apfel,0.53,130,2025-02-04
Zitrone,0.59,108,2025-01-23
Gurke,0.79,56,2025-01-12
Gurke,0.8,108,2025-02-10
Tomate,0.64,98,2025-01-19
Tomate,0.67,188,2025-02-08
Banane,0.31,185,2025-01-18
Orange,0.61,184,2025-01-13
Paprika,1.08,105,2025-02-02
Karotte,0.37,160,2025-01-12
Tomate,0.73,127,2025-02-05
Zitrone,0.57,165,2025-02-06
Orange,0.61,179,2025-01-27
Paprika,0.94,59,2025-01-14
Apfel,0.54,197,2025-01-22
Orange,0.63,171,2025-02-09
Apfel,0.45,119,2025-01-26
Apfel,0.49,58,2025-02-08
Paprika,1.01,103,2025-02-08
Gurke,0.83,50,2025-01-24
Paprika,0.94,57,2025-02-10
Tomate,0.72,175,2025-01-18
Tomate,0.64,131,2025-02-01
Banane,0.28,83,2025-02-09
Tomate,0.68,154,2025-02-02
Apfel,0.55,178,2025-01-15
Karotte,0.4,148,2025-01-20
Gurke,0.81,136,2025-01-31
Orange,0.69,180,2025-01-19
Zitrone,0.57,171,2025-01-27
Tomate,0.7,132,2025-01-18
Gurke,0.72,143,2025-01-17
Paprika,1.0,190,2025-02-11
Banane,0.3,76,2025-02-02
Apfel,0.5,58,2025-02-04
Gurke,0.82,171,2025-01-14
Orange,0.64,120,2025-01-30
Gurke,0.87,173,2025-02-08
Banane,0.32,106,2025-01-27
Banane,0.31,119,2025-01-13
Gurke,0.84,51,2025-01-25
Karotte,0.41,114,2025-02-08
Banane,0.29,111,2025-01-28
Tomate,0.7,70,2025-02-08
Tomate,0.67,108,2025-01-16
Gurke,0.82,171,2025-01-23
Gurke,0.85,76,2025-01-28
Orange,0.65,75,2025-01-25
Banane,0.28,53,2025-01-19
Apfel,0.51,109,2025-02-11
Orange,0.67,187,2025-01-25
Tomate,0.68,131,2025-01-30
Karotte,0.38,88,2025-02-03
Orange,0.65,58,2025-01-20
Apfel,0.49,198,2025-01-28
Banane,0.3,69,2025-02-11
Banane,0.33,162,2025-01-28
Apfel,0.47,114,2025-01-18
Orange,0.66,130,2025-01-28
Apfel,0.45,120,2025-01-27
Tomate,0.73,173,2025-02-06
Paprika,0.94,144,2025-01-19
Zitrone,0.54,84,2025-01-31
Paprika,1.07,145,2025-02-03
Apfel,0.54,93,2025-02-08
Tomate,0.73,96,2025-01-30
Paprika,1.07,188,2025-01-15
Paprika,1.09,144,2025-02-01
Apfel,0.55,72,2025-01-23
Karotte,0.37,139,2025-01-17
Paprika,0.91,189,2025-01-14
Tomate,0.74,129,2025-01-29
Zitrone,0.56,94,2025-02-02
Gurke,0.82,171,2025-01-17
Apfel,0.51,200,2025-01-22
Orange,0.59,66,2025-01-18
Karotte,0.4,199,2025-02-10
Gurke,0.87,200,2025-01-28
Apfel,0.46,150,2025-02-05
Orange,0.62,90,2025-01-13
Karotte,0.4,96,2025-02-04
Karotte,0.39,166,2025-01-22
Orange,0.59,111,2025-01-22
Tomate,0.67,61,2025-02-08
Tomate,0.65,83,2025-02-03
Zitrone,0.56,75,2025-01-22
Banane,0.3,148,2025-01-18
Banane,0.31,167,2025-02-03
Orange,0.65,55,2025-02-09
Banane,0.32,149,2025-01-19
Paprika,0.96,62,2025-02-01
Tomate,0.74,73,2025-01-16
Tomate,0.67,64,2025-02-04
Karotte,0.43,73,2025-01-20
Paprika,1.03,183,2025-02-11
Gurke,0.74,74,2025-01-13
Orange,0.7,99,2025-01-15
Apfel,0.52,97,2025-02-03
Gurke,0.75,87,2025-01-15
Apfel,0.46,197,2025-02-09
Karotte,0.4,112,2025-01-16
Tomate,0.68,83,2025-02-04
Tomate,0.72,150,2025-01-14
Banane,0.3,127,2025-01-24
Gurke,0.88,138,2025-01-24
Tomate,0.69,188,2025-02-07
Tomate,0.76,149,2025-02-03
Gurke,0.76,171,2025-01-12
Orange,0.64,147,2025-01-18
Karotte,0.44,85,2025-01-30
Gurke,0.83,161,2025-01-21
Tomate,0.74,99,2025-02-11
Karotte,0.37,55,2025-02-01
Tomate,0.77,56,2025-02-07
Karotte,0.44,162,2025-02-08
Tomate,0.75,61,2025-02-11
Banane,0.29,70,2025-01-18
Zitrone,0.54,146,2025-02-10
Tomate,0.64,96,2025-01-21
Zitrone,0.63,97,2025-02-04
Gurke,0.77,193,2025-01-17
Orange,0.63,177,2025-01-19
Apfel,0.54,77,2025-01-17
Banane,0.27,146,2025-02-02
Zitrone,0.64,199,2025-02-07
Banane,0.32,135,2025-01-30
Tomate,0.64,96,2025-01-23
Karotte,0.43,141,2025-01-17
Apfel,0.48,108,2025-01-13
Paprika,1.02,97,2025-01-25
Zitrone,0.56,59,2025-02-06
Gurke,0.77,182,2025-01-28
Orange,0.62,127,2025-02-06
Paprika,0.92,117,2025-02-11
Zitrone,0.58,147,2025-01-27
Apfel,0.47,170,2025-01-29
Karotte,0.39,72,2025-02-03
Zitrone,0.56,165,2025-02-02
Gurke,0.82,147,2025-01-12
Apfel,0.46,146,2025-01-12
Paprika,1.06,98,2025-01-27
Banane,0.31,176,2025-01-19
Zitrone,0.57,74,2025-02-05
Gurke,0.83,148,2025-01-23
Orange,0.59,180,2025-01-12
Tomate,0.68,144,2025-01-14
Tomate,0.7,94,2025-01-21
Gurke,0.83,84,2025-01-28
Banane,0.27,161,2025-02-08
Banane,0.31,158,2025-01-21
Banane,0.27,99,2025-01-14
Orange,0.71,80,2025-01-28
Zitrone,0.56,186,2025-02-10
Gurke,0.73,193,2025-02-06
Gurke,0.87,179,2025-01-19
Apfel,0.51,176,2025-02-04
Paprika,0.91,135,2025-01-22
Paprika,1.04,59,2025-02-01
Tomate,0.71,108,2025-01-19
Tomate,0.72,96,2025-02-04
Apfel,0.48,184,2025-01-22
Orange,0.7,90,2025-01-12
Apfel,0.45,84,2025-02-03
Zitrone,0.54,197,2025-01-15
Banane,0.27,72,2025-01-22
Banane,0.32,120,2025-02-07
Apfel,0.52,185,2025-02-03
Karotte,0.39,200,2025-02-02
Tomate,0.77,137,2025-02-10
Apfel,0.52,70,2025-01-24
Banane,0.32,148,2025-01-28
Tomate,0.72,116,2025-02-08
Gurke,0.72,68,2025-01-30
Karotte,0.39,111,2025-02-01
Paprika,1.08,92,2025-02-06
Gurke,0.74,155,2025-02-08
Paprika,1.0,196,2025-01-20
Karotte,0.42,97,2025-01-12
Tomate,0.68,164,2025-01-12
Paprika,1.04,158,2025-01-13
Tomate,0.72,108,2025-01-24
Zitrone,0.56,180,2025-01-21
Orange,0.65,161,2025-01-19
Karotte,0.37,61,2025-01-27
Zitrone,0.55,152,2025-02-07
Orange,0.66,87,2025-02-07
Zitrone,0.6,165,2025-01-12
Karotte,0.41,175,2025-01-13
Zitrone,0.59,190,2025-01-23
Zitrone,0.54,146,2025-01-29
Zitrone,0.55,93,2025-02-04
Karotte,0.43,128,2025-01-24
Gurke,0.77,113,2025-01-22
Banane,0.28,186,2025-01-31
Banane,0.28,56,2025-02-10
Zitrone,0.63,157,2025-01-12
Zitrone,0.62,66,2025-01-29
Apfel,0.54,65,2025-02-09
Gurke,0.79,169,2025-01-22
Banane,0.27,170,2025-02-07
Gurke,0.81,91,2025-01-21
Orange,0.68,56,2025-02-03
Karotte,0.42,175,2025-01-24
Tomate,0.67,133,2025-02-07
Banane,0.31,58,2025-02-10
Karotte,0.37,196,2025-01-27
Tomate,0.64,84,2025-02-10
Gurke,0.75,103,2025-01-13
Apfel,0.52,60,2025-01-21
Apfel,0.46,80,2025-01-20
Gurke,0.72,140,2025-01-23
Tomate,0.74,58,2025-01-30
Orange,0.65,74,2025-02-07
Tomate,0.68,79,2025-02-10
Karotte,0.43,114,2025-01-12
Karotte,0.43,162,2025-02-04
Paprika,0.95,123,2025-01-24
Orange,0.65,161,2025-01-22
Paprika,1.06,75,2025-01-28
Zitrone,0.57,141,2025-01-15
Gurke,0.77,153,2025-01-30
Karotte,0.4,99,2025-02-05
Gurke,0.75,97,2025-01-24
Banane,0.29,136,2025-01-14
Paprika,0.98,57,2025-02-03
Tomate,0.71,75,2025-01-28
Zitrone,0.62,153,2025-02-10
Gurke,0.77,173,2025-01-31
Tomate,0.64,194,2025-02-04
Banane,0.28,157,2025-01-13
Apfel,0.52,82,2025-01-22
Banane,0.27,192,2025-02-10
Apfel,0.53,112,2025-02-06
Paprika,0.95,128,2025-01-12
Paprika,1.09,188,2025-01-12
Gurke,0.81,102,2025-01-17
Tomate,0.73,84,2025-02-02
Orange,0.62,84,2025-01-23
Paprika,0.99,180,2025-02-01
Orange,0.6,69,2025-01-22
Apfel,0.52,141,2025-02-05
Apfel,0.48,179,2025-01-18
Paprika,0.91,61,2025-01-12
Zitrone,0.59,59,2025-01-15
Karotte,0.4,160,2025-02-03
Zitrone,0.59,196,2025-02-07
Zitrone,0.55,196,2025-01-22
Apfel,0.5,120,2025-01-17
Banane,0.28,118,2025-02-07
Paprika,1.09,156,2025-02-02
Karotte,0.4,90,2025-02-01
Banane,0.29,101,2025-01-28
Apfel,0.49,84,2025-01-12
Banane,0.29,147,2025-01-23
Apfel,0.5,141,2025-01-28
Zitrone,0.59,55,2025-02-10
Banane,0.29,68,2025-02-01
Paprika,0.94,152,2025-02-10
Gurke,0.8,68,2025-02-06
Zitrone,0.64,185,2025-01-17
Apfel,0.47,54,2025-02-02
Apfel,0.52,61,2025-01-22
Orange,0.68,84,2025-01-26
Paprika,0.92,193,2025-02-02
Karotte,0.39,102,2025-02-06
Gurke,0.88,60,2025-01-12
Gurke,0.85,192,2025-01-17
Apfel,0.5,50,2025-01-19
Paprika,0.91,198,2025-01-12
Apfel,0.52,179,2025-01-20
Banane,0.3,170,2025-02-06
Zitrone,0.6,53,2025-01-15
Karotte,0.43,102,2025-01-31
Paprika,1.0,79,2025-02-03
Zitrone,0.55,192,2025-01-13
Orange,0.63,128,2025-01-18
Gurke,0.82,105,2025-01-26
Apfel,0.54,173,2025-02-04
Zitrone,0.66,70,2025-01-27
Karotte,0.41,53,2025-02-01
Zitrone,0.59,84,2025-01-16
Paprika,0.97,143,2025-01-24
Zitrone,0.59,100,2025-01-26
Gurke,0.74,53,2025-01-27
Karotte,0.39,57,2025-02-09
Paprika,1.03,198,2025-01-24
Banane,0.32,57,2025-01-13
Orange,0.59,90,2025-01-19
Tomate,0.67,116,2025-01-21
Apfel,0.53,106,2025-02-08
Orange,0.68,154,2025-01-24
Karotte,0.43,166,2025-02-11
Gurke,0.85,159,2025-01-26
Paprika,1.0,68,2025-01-23
Apfel,0.53,93,2025-01-26
Orange,0.65,136,2025-01-18
Banane,0.28,142,2025-02-09
Orange,0.65,92,2025-01-19
Karotte,0.4,189,2025-01-26
Gurke,0.75,62,2025-01-28
Paprika,0.95,149,2025-01-31
Orange,0.64,51,2025-01-27
Gurke,0.87,97,2025-01-19
Karotte,0.42,197,2025-01-21
Banane,0.27,186,2025-02-07
Paprika,0.93,120,2025-02-07
Paprika,1.05,126,2025-02-08
Karotte,0.38,115,2025-01-24
Apfel,0.52,103,2025-01-29
Apfel,0.52,79,2025-01-27
Zitrone,0.56,86,2025-01-20
Banane,0.32,91,2025-01-26
Gurke,0.74,79,2025-01-27
Gurke,0.79,57,2025-01-16
Tomate,0.74,133,2025-01-21
Zitrone,0.63,157,2025-02-09
Paprika,1.05,144,2025-02-08
Tomate,0.69,190,2025-02-10
Paprika,1.09,128,2025-01-13
Gurke,0.77,161,2025-02-09
Orange,0.59,124,2025-02-09
Apfel,0.53,170,2025-01-13
Karotte,0.42,174,2025-01-17
Banane,0.28,199,2025-01-18
Paprika,1.1,67,2025-01-30
Paprika,1.06,78,2025-02-04
Zitrone,0.56,187,2025-02-08
Orange,0.66,125,2025-02-03
Tomate,0.73,99,2025-02-05
Zitrone,0.56,125,2025-02-05
Karotte,0.43,161,2025-02-08
Tomate,0.7,123,2025-01-28
Zitrone,0.56,73,2025-01-30
Zitrone,0.55,115,2025-01-27
Zitrone,0.58,193,2025-01-28
Banane,0.3,95,2025-01-18
Zitrone,0.59,174,2025-01-15
Banane,0.32,84,2025-01-20
Gurke,0.81,74,2025-01-16
Orange,0.65,103,2025-01-20
Banane,0.33,170,2025-01-31
Orange,0.71,187,2025-01-18
Zitrone,0.6,126,2025-01-30
Zitrone,0.56,65,2025-02-10
Paprika,1.03,167,2025-01-27
Karotte,0.38,63,2025-01-27
Banane,0.28,192,2025-02-03
Orange,0.64,177,2025-01-24
Tomate,0.67,180,2025-01-14
Tomate,0.67,186,2025-02-05
Orange,0.62,66,2025-01-20
Tomate,0.75,66,2025-01-29
Zitrone,0.59,171,2025-01-31
Gurke,0.72,87,2025-01-19
Paprika,1.03,154,2025-01-14
Tomate,0.75,165,2025-02-02
Karotte,0.43,144,2025-02-02
Apfel,0.54,132,2025-01-14
Karotte,0.37,179,2025-01-28
Paprika,0.95,89,2025-01-21
Tomate,0.75,96,2025-01-15
Zitrone,0.6,119,2025-01-16
Banane,0.32,140,2025-01-23
Orange,0.68,124,2025-01-28
Banane,0.32,54,2025-01-29
Gurke,0.85,79,2025-01-17
Tomate,0.76,138,2025-01-26
Tomate,0.72,164,2025-01-15
Apfel,0.48,56,2025-01-31
Orange,0.69,79,2025-01-26
Gurke,0.77,198,2025-01-15
Tomate,0.77,172,2025-01-22
Tomate,0.71,154,2025-02-08
Zitrone,0.6,108,2025-02-09
Paprika,1.01,188,2025-01-17
Zitrone,0.55,156,2025-01-15
Karotte,0.4,161,2025-02-03
Apfel,0.53,111,2025-01-16
Zitrone,0.57,125,2025-01-28
Paprika,1.08,92,2025-02-08
Apfel,0.48,73,2025-01-26
Banane,0.33,54,2025-01-27
Tomate,0.73,139,2025-02-04
Zitrone,0.64,140,2025-02-04
Paprika,1.1,173,2025-01-24
Karotte,0.37,166,2025-01-28
Orange,0.67,81,2025-02-01
Paprika,0.9,149,2025-01-20
Gurke,0.77,149,2025-01-17
Karotte,0.43,101,2025-01-15
Zitrone,0.66,160,2025-02-03
Apfel,0.45,133,2025-02-10
Apfel,0.53,146,2025-01-15
Gurke,0.87,191,2025-02-03
Tomate,0.67,195,2025-02-07
Zitrone,0.63,194,2025-01-28
Tomate,0.63,127,2025-01-20
Paprika,1.09,198,2025-02-09
Banane,0.32,67,2025-01-28
Tomate,0.76,131,2025-01-29
Apfel,0.51,114,2025-01-13
Paprika,1.06,116,2025-01-27
Apfel,0.46,163,2025-02-01
Paprika,0.92,173,2025-01-25
Apfel,0.49,190,2025-02-08
Zitrone,0.56,146,2025-02-06
Paprika,0.97,81,2025-02-05
Apfel,0.54,83,2025-01-15
Apfel,0.55,142,2025-02-09
Paprika,1.01,121,2025-02-05
Paprika,1.06,94,2025-02-08
Gurke,0.83,94,2025-01-28
Zitrone,0.61,62,2025-01-31
Orange,0.67,141,2025-01-13
Paprika,0.92,91,2025-01-27
Banane,0.3,136,2025-01-26
Paprika,1.06,126,2025-01-12
Orange,0.66,85,2025-02-11
Paprika,0.95,167,2025-02-11
Paprika,0.97,133,2025-01-27
Paprika,0.92,54,2025-01-14
Banane,0.28,77,2025-02-04
Apfel,0.48,145,2025-01-30
Tomate,0.77,174,2025-01-15
Banane,0.3,60,2025-01-20
Banane,0.29,138,2025-01-20
Karotte,0.38,187,2025-02-08
Banane,0.3,148,2025-02-11
Gurke,0.72,143,2025-01-15
Tomate,0.65,77,2025-01-29
Zitrone,0.56,193,2025-02-06
Karotte,0.41,71,2025-02-04
Karotte,0.42,165,2025-01-28
Karotte,0.4,116,2025-01-15
Orange,0.7,92,2025-01-26
Gurke,0.77,154,2025-02-10
Gurke,0.8,66,2025-01-13
Apfel,0.48,178,2025-01-15
Karotte,0.38,119,2025-01-28
Orange,0.63,62,2025-01-29
Orange,0.59,61,2025-02-05
Orange,0.67,76,2025-01-30
Paprika,1.07,98,2025-02-06
Paprika,0.91,129,2025-01-31
Paprika,1.09,85,2025-01-28
Gurke,0.79,50,2025-02-03
Karotte,0.36,110,2025-01-29
Tomate,0.7,198,2025-02-06
Paprika,0.96,182,2025-02-04
Gurke,0.86,57,2025-02-03
Banane,0.29,115,2025-01-18
Apfel,0.51,127,2025-01-23
Paprika,1.0,175,2025-01-28
Orange,0.7,200,2025-02-04
Orange,0.65,53,2025-01-18
Paprika,0.96,78,2025-01-27
Paprika,0.97,145,2025-02-08
Zitrone,0.58,52,2025-02-07
Apfel,0.49,127,2025-02-10
Zitrone,0.57,187,2025-02-09
Gurke,0.77,90,2025-01-31
Paprika,1.03,80,2025-02-06
Banane,0.33,128,2025-02-05
Tomate,0.73,118,2025-02-10
Banane,0.3,51,2025-01-22
Paprika,0.95,181,2025-01-12
Orange,0.65,186,2025-01-31
Apfel,0.49,136,2025-01-14
Tomate,0.74,195,2025-01-15
Paprika,0.93,108,2025-02-05
Banane,0.33,64,2025-01-20
Gurke,0.81,196,2025-01-17
Orange,0.71,94,2025-01-18
Orange,0.64,137,2025-02-04
Paprika,0.96,186,2025-01-28
Apfel,0.48,92,2025-01-31
Apfel,0.47,63,2025-01-27
Tomate,0.65,77,2025-01-21
Orange,0.66,135,2025-02-01
Orange,0.67,108,2025-02-08
Paprika,0.97,112,2025-01-30
Banane,0.29,156,2025-02-01
Gurke,0.84,73,2025-01-28
Gurke,0.84,84,2025-01-29
Orange,0.65,155,2025-01-30
Tomate,0.72,107,2025-02-11
Orange,0.65,190,2025-01-14
Karotte,0.41,121,2025-01-16
Paprika,0.94,195,2025-02-05
Gurke,0.8,99,2025-01-31
Karotte,0.4,200,2025-02-07
Zitrone,0.62,131,2025-02-01
Paprika,1.01,155,2025-01-26
Orange,0.66,191,2025-01-24
Zitrone,0.63,168,2025-01-16
Karotte,0.42,110,2025-02-01
Zitrone,0.59,134,2025-01-26
Paprika,1.06,193,2025-01-14
Tomate,0.76,190,2025-02-10
Tomate,0.66,161,2025-02-04
Tomate,0.63,150,2025-02-04
Apfel,0.46,98,2025-01-16
Karotte,0.43,173,2025-01-23
Gurke,0.73,155,2025-02-11
Orange,0.65,165,2025-02-03
Tomate,0.66,64,2025-02-07
Apfel,0.54,87,2025-02-11
Paprika,1.09,164,2025-02-05
Tomate,0.66,168,2025-01-13
Paprika,1.01,107,2025-02-07
Orange,0.59,189,2025-01-14
Apfel,0.54,64,2025-02-06
Gurke,0.79,146,2025-01-20
Gurke,0.85,168,2025-01-13
Karotte,0.43,154,2025-02-11
Paprika,0.99,140,2025-02-07
Karotte,0.41,199,2025-01-17
Banane,0.32,134,2025-02-10
Zitrone,0.62,111,2025-02-03
Zitrone,0.57,196,2025-01-29
Paprika,0.91,53,2025-02-03
Orange,0.69,187,2025-01-24
Paprika,1.1,84,2025-01-16
Gurke,0.75,193,2025-01-12
Karotte,0.44,106,2025-02-01
Paprika,0.9,161,2025-02-11
Gurke,0.77,159,2025-01-12
Zitrone,0.6,169,2025-01-25
Zitrone,0.58,107,2025-01-30
Apfel,0.55,76,2025-01-20
Gurke,0.79,113,2025-01-16
Apfel,0.54,152,2025-01-17
Orange,0.65,179,2025-02-01
Paprika,0.9,146,2025-01-16
Zitrone,0.66,190,2025-01-13
Banane,0.31,142,2025-01-22
Gurke,0.86,148,2025-01-12
Orange,0.68,191,2025-01-26
Tomate,0.69,72,2025-02-03
Paprika,1.05,114,2025-01-20
Gurke,0.85,170,2025-01-15
Paprika,1.06,192,2025-01-20
Gurke,0.79,133,2025-01-30
Orange,0.71,181,2025-01-14
Karotte,0.37,170,2025-01-25
Zitrone,0.62,142,2025-01-12
Zitrone,0.61,62,2025-01-17
Tomate,0.75,105,2025-02-06
Gurke,0.79,168,2025-02-11
Zitrone,0.55,151,2025-01-31
Tomate,0.66,166,2025-01-19
Banane,0.32,184,2025-01-15
Orange,0.59,116,2025-01-22
Banane,0.32,76,2025-01-20
Karotte,0.43,162,2025-01-30
Tomate,0.68,94,2025-02-11
Paprika,0.98,171,2025-01-30
Paprika,1.03,156,2025-01-21
Apfel,0.48,114,2025-01-21
Apfel,0.48,198,2025-01-18
Karotte,0.38,99,2025-01-29
Tomate,0.72,55,2025-01-30
Tomate,0.66,85,2025-01-17
Zitrone,0.64,100,2025-01-23
Karotte,0.37,93,2025-01-17
Apfel,0.46,53,2025-01-16
Zitrone,0.6,186,2025-01-17
Tomate,0.7,66,2025-01-31
Gurke,0.73,115,2025-02-06
Zitrone,0.61,174,2025-01-18
Karotte,0.4,120,2025-02-02
Apfel,0.53,100,2025-01-18
Karotte,0.39,74,2025-01-23
Karotte,0.43,90,2025-01-27
Karotte,0.37,119,2025-01-15
Paprika,1.09,55,2025-01-27
Banane,0.31,96,2025-01-16
Orange,0.66,99,2025-01-14
Orange,0.67,174,2025-01-21
Paprika,0.97,58,2025-02-05
Orange,0.67,112,2025-01-19
Paprika,1.02,57,2025-01-15
Tomate,0.63,81,2025-02-05
Apfel,0.46,120,2025-01-21
Tomate,0.68,64,2025-01-21
Paprika,1.07,67,2025-02-05
Karotte,0.37,65,2025-01-24
Banane,0.31,70,2025-02-06
Gurke,0.83,190,2025-01-23
Paprika,1.01,132,2025-01-27
Gurke,0.82,90,2025-01-21
Apfel,0.47,136,2025-02-10
Apfel,0.49,159,2025-01-13
Apfel,0.49,139,2025-01-18
Zitrone,0.56,170,2025-01-21
Tomate,0.77,178,2025-01-21
Apfel,0.53,63,2025-02-04
Zitrone,0.58,106,2025-01-30
Banane,0.3,58,2025-02-01
Karotte,0.41,97,2025-01-14
Gurke,0.74,92,2025-02-10
Apfel,0.48,144,2025-01-26
Karotte,0.39,130,2025-01-14
Banane,0.31,97,2025-01-17
Gurke,0.82,104,2025-02-02
Apfel,0.48,174,2025-01-15
Apfel,0.52,95,2025-01-17
Zitrone,0.62,140,2025-02-11
Banane,0.33,112,2025-02-09
Zitrone,0.64,162,2025-01-27
Paprika,0.98,101,2025-01-29
Paprika,1.05,127,2025-01-18
Karotte,0.43,199,2025-02-09
Paprika,1.06,146,2025-01-24
Orange,0.65,104,2025-01-18
Banane,0.31,114,2025-02-11
Paprika,1.01,145,2025-02-09
Zitrone,0.59,192,2025-01-29
Orange,0.63,77,2025-01-24
Tomate,0.72,189,2025-01-17
Karotte,0.42,144,2025-01-27
Zitrone,0.56,95,2025-01-31
Karotte,0.4,197,2025-01-14
Gurke,0.83,180,2025-02-08
Paprika,0.97,110,2025-02-09
Karotte,0.4,53,2025-02-06
Tomate,0.72,90,2025-02-01
Karotte,0.39,133,2025-01-29
Zitrone,0.58,136,2025-02-04
Banane,0.28,114,2025-02-09
Tomate,0.75,166,2025-01-26
Karotte,0.36,87,2025-02-08
Paprika,1.09,114,2025-02-09
Gurke,0.76,77,2025-01-21
Gurke,0.77,141,2025-02-07
Karotte,0.37,170,2025-02-01
Orange,0.61,132,2025-02-05
Banane,0.3,130,2025-01-22
Gurke,0.72,131,2025-01-13
Apfel,0.49,67,2025-01-15
Tomate,0.74,190,2025-02-02
Karotte,0.38,185,2025-01-30
Karotte,0.37,142,2025-01-16
Tomate,0.77,145,2025-02-08
Banane,0.3,132,2025-02-06
Banane,0.28,175,2025-01-17
Banane,0.28,122,2025-01-21
Karotte,0.4,92,2025-02-03
Tomate,0.76,111,2025-01-18
Orange,0.59,172,2025-02-11
Apfel,0.54,188,2025-01-17
Orange,0.62,135,2025-02-09
Paprika,0.99,180,2025-02-06
Karotte,0.43,76,2025-01-27
Zitrone,0.61,102,2025-01-18
Apfel,0.54,112,2025-02-03
Zitrone,0.56,160,2025-01-12
Zitrone,0.64,141,2025-01-16
Banane,0.27,134,2025-01-12
Apfel,0.46,104,2025-01-21
Paprika,1.09,58,2025-01-23
Tomate,0.7,159,2025-01-21
Gurke,0.76,100,2025-01-21
Tomate,0.68,79,2025-02-06
Paprika,1.05,153,2025-01-25
Apfel,0.48,183,2025-02-11
Apfel,0.49,60,2025-02-10
Tomate,0.68,165,2025-02-09
Karotte,0.37,77,2025-02-01
Zitrone,0.61,117,2025-02-04
Karotte,0.43,113,2025-01-12
Gurke,0.87,193,2025-01-30
Paprika,0.93,121,2025-02-04
Banane,0.32,141,2025-01-31
Karotte,0.4,70,2025-02-09
Tomate,0.65,83,2025-01-21
Karotte,0.39,134,2025-02-05
Apfel,0.51,152,2025-01-26
Gurke,0.84,168,2025-01-13
Zitrone,0.59,173,2025-02-03
Paprika,1.03,124,2025-02-05
Banane,0.28,96,2025-02-04
Karotte,0.4,88,2025-02-06
Gurke,0.88,70,2025-01-27
Orange,0.68,88,2025-01-22
Orange,0.61,140,2025-01-29
Paprika,0.99,150,2025-02-04
Gurke,0.73,56,2025-01-14
Banane,0.28,84,2025-01-21
Paprika,0.99,150,2025-02-08
Tomate,0.72,138,2025-02-03
Karotte,0.42,63,2025-02-03
Paprika,1.08,178,2025-01-21
Orange,0.62,121,2025-01-31
Karotte,0.42,80,2025-01-18
Karotte,0.4,111,2025-02-08
Karotte,0.37,114,2025-02-01
Paprika,0.96,191,2025-01-29
Karotte,0.38,186,2025-01-16
Orange,0.63,192,2025-02-08
Apfel,0.51,200,2025-01-20
Apfel,0.5,65,2025-01-20
Karotte,0.38,164,2025-01-14
Orange,0.71,142,2025-01-13
Karotte,0.38,189,2025-01-16
Apfel,0.51,168,2025-02-10
Zitrone,0.62,153,2025-02-04
Karotte,0.43,190,2025-01-18
Gurke,0.73,99,2025-01-19
Gurke,0.81,94,2025-02-04
Apfel,0.55,85,2025-01-19
Tomate,0.66,89,2025-01-26
Karotte,0.44,62,2025-02-03
Tomate,0.64,151,2025-01-28
Banane,0.29,86,2025-02-05
Banane,0.29,170,2025-02-10
Karotte,0.42,54,2025-01-27
Banane,0.28,181,2025-02-01
Banane,0.3,173,2025-02-07
Paprika,1.0,72,2025-02-02
Tomate,0.69,132,2025-02-10
Orange,0.59,152,2025-02-09
Zitrone,0.58,123,2025-02-01
Zitrone,0.66,150,2025-02-09
Gurke,0.84,119,2025-02-09
Gurke,0.76,146,2025-02-07
Tomate,0.7,86,2025-02-11
Paprika,0.98,154,2025-01-24
Zitrone,0.59,188,2025-02-11
Paprika,1.04,77,2025-02-10
Banane,0.28,158,2025-02-06
Tomate,0.64,130,2025-02-06
Apfel,0.5,174,2025-01-29
Zitrone,0.64,117,2025-01-28
Gurke,0.78,199,2025-01-13
Karotte,0.4,148,2025-01-24
Apfel,0.49,64,2025-02-07
Orange,0.64,168,2025-01-22
Gurke,0.83,87,2025-01-29
Zitrone,0.63,110,2025-01-30
Zitrone,0.64,179,2025-02-02
Tomate,0.68,51,2025-01-31
Zitrone,0.64,127,2025-02-05
Tomate,0.72,142,2025-02-07
Apfel,0.47,187,2025-01-13
Apfel,0.49,195,2025-01-25
Gurke,0.8,100,2025-01-18
Paprika,0.98,114,2025-01-31
Orange,0.7,143,2025-01-22
Apfel,0.54,179,2025-01-25
Gurke,0.78,54,2025-01-23
Banane,0.3,110,2025-01-29
Banane,0.32,72,2025-02-08
Zitrone,0.6,179,2025-02-05
Karotte,0.39,120,2025-01-28
Tomate,0.76,165,2025-01-22
Apfel,0.49,167,2025-01-13
Orange,0.68,131,2025-01-30
Paprika,0.99,165,2025-01-12
Gurke,0.76,96,2025-01-28
Banane,0.29,173,2025-01-18
Orange,0.68,200,2025-01-17
Paprika,0.95,150,2025-02-05
Orange,0.62,140,2025-02-01
Tomate,0.68,170,2025-01-16
Gurke,0.76,166,2025-01-13
Zitrone,0.63,61,2025-01-30
Gurke,0.74,134,2025-02-05
Gurke,0.76,135,2025-01-28
Tomate,0.66,153,2025-02-09
Zitrone,0.56,189,2025-01-16
Apfel,0.54,150,2025-02-07
Orange,0.68,157,2025-01-26
Karotte,0.39,76,2025-01-31
Zitrone,0.55,96,2025-02-08
Apfel,0.5,156,2025-01-30
Gurke,0.88,146,2025-01-26
Banane,0.31,58,2025-01-29
Zitrone,0.57,163,2025-02-01
Paprika,1.05,112,2025-01-25
Gurke,0.73,89,2025-01-14
Orange,0.6,132,2025-01-25
Karotte,0.41,139,2025-01-29
Tomate,0.63,137,2025-01-18
Apfel,0.5,86,2025-01-20
Gurke,0.8,60,2025-02-08
Zitrone,0.65,146,2025-01-20
Tomate,0.71,107,2025-01-16
Zitrone,0.6,78,2025-01-29
Gurke,0.76,181,2025-01-30
Apfel,0.49,84,2025-02-01
Tomate,0.65,197,2025-01-15
Zitrone,0.6,76,2025-01-15
Karotte,0.39,157,2025-01-25
Orange,0.66,114,2025-02-01
Banane,0.31,142,2025-02-09
Apfel,0.53,85,2025-01-14
Zitrone,0.62,161,2025-01-15
Gurke,0.78,130,2025-02-10
Karotte,0.43,198,2025-01-18
Zitrone,0.64,181,2025-02-07
Tomate,0.72,195,2025-02-03
Orange,0.59,129,2025-02-04
Apfel,0.52,130,2025-02-05
Apfel,0.5,53,2025-01-18
Tomate,0.67,123,2025-02-06
Zitrone,0.59,168,2025-02-11
Zitrone,0.59,60,2025-01-13
Paprika,1.04,196,2025-02-05
Banane,0.28,118,2025-02-04
Tomate,0.72,87,2025-01-13
Karotte,0.38,83,2025-02-07
Orange,0.6,159,2025-01-23
Paprika,0.91,59,2025-01-18
Apfel,0.47,138,2025-01-22
Apfel,0.45,132,2025-01-20
Karotte,0.44,183,2025-02-11
Orange,0.59,175,2025-01-26
Zitrone,0.55,173,2025-01-29
Orange,0.69,198,2025-01-23
Apfel,0.46,63,2025-01-12
Karotte,0.43,200,2025-01-31
Apfel,0.46,134,2025-02-10
Gurke,0.82,158,2025-01-19
Paprika,1.05,134,2025-01-19
Orange,0.68,95,2025-01-16
Paprika,0.93,122,2025-01-17
Zitrone,0.61,109,2025-01-13
Gurke,0.76,117,2025-02-04
Tomate,0.73,200,2025-01-18
Zitrone,0.65,141,2025-01-21
Paprika,0.96,195,2025-02-08
Orange,0.68,182,2025-01-22
Apfel,0.49,82,2025-02-06
Karotte,0.4,90,2025-02-07
Zitrone,0.55,158,2025-02-08
Karotte,0.43,150,2025-02-10
Gurke,0.73,72,2025-02-02
Karotte,0.43,146,2025-01-12
Apfel,0.47,132,2025-02-09
Orange,0.62,83,2025-01-12
Gurke,0.73,94,2025-01-20
Orange,0.6,57,2025-01-31
Banane,0.27,191,2025-01-31
Tomate,0.72,198,2025-01-16
Orange,0.64,137,2025-01-22
Karotte,0.41,128,2025-01-31
Paprika,1.01,110,2025-01-28
Tomate,0.72,65,2025-01-30
Apfel,0.49,149,2025-02-04
Paprika,0.94,184,2025-01-22
Apfel,0.52,186,2025-01-31
Tomate,0.69,192,2025-01-31
Banane,0.31,170,2025-02-10
Zitrone,0.55,95,2025-02-10
Karotte,0.43,96,2025-02-08
Gurke,0.74,83,2025-01-18
Orange,0.66,86,2025-02-09
Banane,0.33,97,2025-02-02
Banane,0.29,115,2025-02-01
Orange,0.68,193,2025-01-27
Karotte,0.38,196,2025-01-27
Gurke,0.83,80,2025-01-18
Gurke,0.85,78,2025-01-18
Karotte,0.42,140,2025-02-05
Gurke,0.75,164,2025-01-12
Banane,0.29,177,2025-01-22
Karotte,0.43,167,2025-01-26
Zitrone,0.6,150,2025-01-12
Banane,0.27,132,2025-01-12
Banane,0.3,59,2025-01-23
Zitrone,0.66,116,2025-01-18
Paprika,0.92,87,2025-02-10
Karotte,0.39,101,2025-01-20
Paprika,0.99,100,2025-01-14
Banane,0.31,133,2025-01-27
Paprika,0.91,111,2025-02-05
Karotte,0.38,196,2025-01-22
Karotte,0.43,147,2025-01-27
Gurke,0.84,135,2025-01-26
Paprika,0.94,69,2025-01-28
Banane,0.3,117,2025-01-22
Orange,0.62,56,2025-01-13
Karotte,0.42,174,2025-01-16
Gurke,0.83,192,2025-02-03
Karotte,0.44,196,2025-02-08
Tomate,0.7,165,2025-01-13
Tomate,0.75,90,2025-01-15
Paprika,0.96,168,2025-01-18
Banane,0.32,115,2025-02-01
Karotte,0.43,91,2025-02-02
Apfel,0.48,99,2025-02-04
Tomate,0.65,125,2025-01-17
Tomate,0.64,131,2025-01-31
Gurke,0.77,164,2025-01-15
Apfel,0.47,146,2025-01-25
Paprika,0.99,54,2025-01-30
Apfel,0.49,182,2025-01-14
Orange,0.66,60,2025-02-10
Banane,0.28,73,2025-01-31
Paprika,0.98,94,2025-01-18
Karotte,0.42,93,2025-01-30
Orange,0.68,94,2025-01-21
Apfel,0.52,77,2025-01-17
Tomate,0.67,133,2025-01-15
Tomate,0.72,68,2025-01-16
Karotte,0.39,88,2025-01-23
Banane,0.31,51,2025-01-27
Orange,0.66,91,2025-01-16
Karotte,0.42,96,2025-02-03
Orange,0.65,65,2025-02-09
Tomate,0.7,105,2025-01-14
Paprika,0.93,64,2025-01-28
Banane,0.3,61,2025-02-04
Apfel,0.48,190,2025-02-07
Paprika,1.0,56,2025-01-13
Gurke,0.8,114,2025-01-18
Zitrone,0.59,171,2025-01-27
Tomate,0.76,114,2025-01-31
Gurke,0.82,73,2025-01-15
Orange,0.66,64,2025-01-15
Banane,0.33,81,2025-01-14
Gurke,0.82,150,2025-01-16
Paprika,0.93,121,2025-01-19
Orange,0.63,175,2025-02-02
Zitrone,0.58,101,2025-01-23
Karotte,0.38,143,2025-01-14
Zitrone,0.6,197,2025-02-02
Apfel,0.53,137,2025-01-30
Paprika,0.91,147,2025-01-27
Gurke,0.86,122,2025-01-16
Gurke,0.86,163,2025-02-04
Banane,0.28,190,2025-01-17
Banane,0.29,167,2025-01-15
Banane,0.28,120,2025-01-15
Tomate,0.69,129,2025-01-13
Orange,0.66,52,2025-02-11
Orange,0.64,167,2025-02-07
Paprika,0.94,56,2025-01-20
Gurke,0.73,116,2025-01-29
Paprika,0.91,95,2025-01-20
Banane,0.3,124,2025-01-16
Tomate,0.71,105,2025-01-12
Orange,0.64,101,2025-01-31
Tomate,0.63,185,2025-01-18
Banane,0.31,110,2025-02-09
Zitrone,0.6,126,2025-01-13
Paprika,0.93,111,2025-01-28
Orange,0.7,193,2025-02-10
Zitrone,0.61,156,2025-01-14
Zitrone,0.64,148,2025-01-28
Orange,0.7,150,2025-01-26
Gurke,0.87,51,2025-01-15
Karotte,0.41,77,2025-01-12
Karotte,0.4,120,2025-02-11
Tomate,0.63,98,2025-01-28
Paprika,0.91,154,2025-01-26
Banane,0.28,64,2025-02-03
Zitrone,0.56,89,2025-01-18
Paprika,1.0,152,2025-01-19
Banane,0.31,116,2025-01-21
Apfel,0.55,51,2025-02-07
Paprika,1.0,143,2025-02-05
Zitrone,0.66,185,2025-01-31
Zitrone,0.59,200,2025-02-03
Gurke,0.82,144,2025-02-04
Gurke,0.77,137,2025-02-09
Zitrone,0.57,96,2025-02-09
Paprika,1.09,138,2025-01-25
Apfel,0.45,114,2025-01-31
Tomate,0.76,143,2025-02-06
Gurke,0.77,59,2025-01-13
Tomate,0.72,55,2025-01-23
Karotte,0.41,170,2025-02-02
Orange,0.69,187,2025-01-28
Paprika,0.91,195,2025-01-29
Gurke,0.81,105,2025-01-25
Paprika,0.93,160,2025-02-04
Karotte,0.39,146,2025-02-05
Orange,0.62,123,2025-01-25
Karotte,0.4,136,2025-02-09
Paprika,1.08,117,2025-02-01
Zitrone,0.63,136,2025-02-03
Zitrone,0.59,66,2025-02-10
Gurke,0.82,78,2025-01-12
Karotte,0.36,68,2025-02-07
Zitrone,0.62,91,2025-01-12
Tomate,0.72,165,2025-02-01
Apfel,0.52,60,2025-01-13
Orange,0.6,178,2025-01-18
Karotte,0.44,96,2025-02-01
Banane,0.28,100,2025-02-10
Orange,0.61,138,2025-02-07
Tomate,0.72,127,2025-01-31
Tomate,0.7,168,2025-02-05
Orange,0.68,116,2025-02-05
Orange,0.61,160,2025-02-03
Karotte,0.38,125,2025-01-31
Gurke,0.88,194,2025-01-16
Apfel,0.48,83,2025-01-26
Karotte,0.38,71,2025-01-16
Gurke,0.78,137,2025-01-12
Apfel,0.49,132,2025-01-16
Banane,0.28,138,2025-01-30
Gurke,0.79,62,2025-02-10
Karotte,0.43,53,2025-01-30
Tomate,0.65,171,2025-01-25
Zitrone,0.62,79,2025-01-19
Zitrone,0.64,162,2025-01-29
Orange,0.69,72,2025-01-20
Banane,0.29,172,2025-01-22
Tomate,0.69,159,2025-01-29
Tomate,0.65,58,2025-01-28
Karotte,0.38,157,2025-01-21
Zitrone,0.54,114,2025-02-02
Banane,0.27,63,2025-02-02
Tomate,0.68,82,2025-01-25
Orange,0.62,104,2025-01-20
Banane,0.29,199,2025-02-10
Tomate,0.69,106,2025-02-10
Karotte,0.39,178,2025-01-17
Banane,0.3,72,2025-01-30
Tomate,0.69,59,2025-01-21
Paprika,1.05,159,2025-02-06
Banane,0.3,129,2025-01-21
Zitrone,0.65,155,2025-01-26
Banane,0.3,178,2025-01-19
Tomate,0.75,180,2025-01-29
Karotte,0.4,85,2025-01-28
Orange,0.7,128,2025-01-30
Karotte,0.43,161,2025-01-31
Zitrone,0.63,125,2025-01-26
Gurke,0.81,126,2025-01-29
Apfel,0.54,120,2025-01-27
Karotte,0.4,63,2025-01-21
Karotte,0.42,103,2025-01-15
Zitrone,0.59,194,2025-02-07
Banane,0.3,176,2025-01-25
Zitrone,0.65,167,2025-02-07
Paprika,1.07,152,2025-01-28
Karotte,0.36,173,2025-01-26
Karotte,0.4,142,2025-02-11
Zitrone,0.56,176,2025-01-27
Paprika,1.05,171,2025-01-21
Tomate,0.73,131,2025-02-10
Tomate,0.71,54,2025-01-12
Orange,0.6,124,2025-02-06
Banane,0.31,178,2025-02-05
Paprika,1.0,158,2025-01-27
Apfel,0.53,159,2025-01-30
Karotte,0.44,72,2025-01-12
Tomate,0.68,177,2025-01-31
Tomate,0.73,128,2025-01-26
Tomate,0.7,124,2025-01-29
Paprika,1.09,156,2025-01-22
Apfel,0.5,159,2025-01-12
Paprika,1.04,73,2025-01-23
Zitrone,0.57,99,2025-01-14
Karotte,0.42,107,2025-01-17
Gurke,0.78,140,2025-01-13
Orange,0.69,91,2025-02-06
Tomate,0.77,120,2025-01-26
Gurke,0.86,120,2025-01-23
Paprika,1.01,181,2025-01-23
Apfel,0.51,184,2025-01-23
Gurke,0.85,148,2025-01-26
Paprika,0.95,73,2025-02-01
Apfel,0.51,171,2025-01-25
Paprika,1.03,129,2025-01-26
Apfel,0.54,113,2025-02-04
Apfel,0.51,69,2025-01-26
Gurke,0.84,120,2025-01-31
Orange,0.68,83,2025-01-23
Paprika,0.92,114,2025-01-27
Banane,0.3,123,2025-02-03
Apfel,0.46,130,2025-02-07
Tomate,0.7,126,2025-02-01
Tomate,0.67,63,2025-01-29
Paprika,0.94,182,2025-02-07
Karotte,0.4,78,2025-01-14
Zitrone,0.65,192,2025-02-06
Apfel,0.45,151,2025-01-14
Paprika,0.95,89,2025-01-15
Tomate,0.66,137,2025-02-05
Apfel,0.5,113,2025-01-17
Orange,0.71,112,2025-01-30
Tomate,0.67,141,2025-01-20
Paprika,0.97,77,2025-01-21
Orange,0.7,123,2025-02-04
Paprika,0.96,196,2025-02-02
Paprika,1.01,175,2025-02-03
Banane,0.33,107,2025-01-18
Zitrone,0.57,179,2025-01-28
Apfel,0.52,122,2025-02-08
Apfel,0.47,146,2025-02-05
Tomate,0.76,81,2025-01-15
Gurke,0.82,62,2025-01-19
Zitrone,0.56,74,2025-01-16
Paprika,0.94,125,2025-01-18
Paprika,1.06,109,2025-02-03
Orange,0.6,77,2025-02-11
Tomate,0.67,130,2025-01-24
Tomate,0.7,55,2025-02-02
Gurke,0.74,92,2025-02-09
Tomate,0.69,110,2025-02-07
Apfel,0.48,120,2025-01-23
Orange,0.63,135,2025-01-14
Apfel,0.48,152,2025-01-21
Tomate,0.63,136,2025-01-26
Banane,0.27,101,2025-01-27
Apfel,0.52,100,2025-02-09
Banane,0.3,136,2025-01-19
Banane,0.28,145,2025-02-06
Banane,0.27,72,2025-02-08
Banane,0.3,94,2025-02-07
Apfel,0.53,51,2025-02-08
Karotte,0.41,61,2025-01-20
Banane,0.31,101,2025-02-04
Zitrone,0.55,124,2025-02-10
Banane,0.33,140,2025-01-25
Tomate,0.74,188,2025-01-18
Paprika,1.04,165,2025-01-22
Gurke,0.87,186,2025-01-20
Orange,0.6,67,2025-01-17
Tomate,0.73,191,2025-01-18
Gurke,0.77,140,2025-02-04
Apfel,0.54,78,2025-02-09
Banane,0.31,118,2025-01-13
Banane,0.27,195,2025-02-08
Orange,0.65,188,2025-02-11
Gurke,0.77,70,2025-01-15
Karotte,0.37,124,2025-01-17
Karotte,0.36,158,2025-01-14
Gurke,0.78,157,2025-01-16
Apfel,0.53,57,2025-02-02
Orange,0.61,161,2025-02-01
Banane,0.28,183,2025-01-16
Orange,0.69,154,2025-01-25
Banane,0.32,52,2025-01-31
Karotte,0.41,198,2025-01-18
Apfel,0.46,90,2025-02-06
Apfel,0.51,119,2025-02-11
Karotte,0.36,123,2025-01-23
Paprika,0.98,69,2025-02-07
Tomate,0.76,163,2025-02-02
Zitrone,0.64,121,2025-02-03
Gurke,0.82,68,2025-02-11
Banane,0.28,181,2025-01-26
Tomate,0.68,198,2025-02-05
Apfel,0.47,73,2025-02-08
Orange,0.71,197,2025-02-09
Banane,0.31,70,2025-01-31
Karotte,0.42,51,2025-01-26
Banane,0.28,125,2025-02-07
Zitrone,0.6,128,2025-02-05
Karotte,0.42,146,2025-01-27
Karotte,0.44,141,2025-01-20
Orange,0.7,93,2025-02-09
Karotte,0.42,93,2025-01-16
Orange,0.6,142,2025-02-07
Banane,0.27,140,2025-01-31
Orange,0.71,98,2025-01-22
Tomate,0.63,74,2025-01-14
Karotte,0.39,193,2025-02-03
Tomate,0.69,138,2025-01-23
Paprika,1.07,67,2025-01-24
Tomate,0.69,97,2025-01-14
Zitrone,0.58,137,2025-01-16
Karotte,0.44,107,2025-02-06
Zitrone,0.62,138,2025-02-01
Tomate,0.74,164,2025-01-19
Zitrone,0.65,66,2025-01-16
Tomate,0.63,189,2025-01-27
Gurke,0.79,149,2025-01-30
Paprika,0.99,191,2025-01-13
Paprika,0.91,160,2025-01-23
Banane,0.28,68,2025-02-11
Banane,0.3,158,2025-01-23
Tomate,0.69,136,2025-01-22
Karotte,0.4,114,2025-01-21
Banane,0.29,60,2025-02-05
Banane,0.27,144,2025-02-01
Zitrone,0.62,176,2025-02-06
Zitrone,0.56,168,2025-01-22
Apfel,0.5,68,2025-01-28
Zitrone,0.62,56,2025-01-29
Tomate,0.72,160,2025-01-23
Orange,0.59,80,2025-01-21
Karotte,0.38,81,2025-01-21
Paprika,1.09,137,2025-01-24
Tomate,0.64,143,2025-01-19
Orange,0.64,191,2025-02-01
Gurke,0.82,85,2025-02-02
Banane,0.28,135,2025-01-19
Zitrone,0.63,149,2025-01-13
Gurke,0.76,153,2025-01-21
Tomate,0.7,151,2025-01-19
Zitrone,0.64,142,2025-01-18
Karotte,0.37,103,2025-02-03
Apfel,0.54,68,2025-01-22
Apfel,0.53,83,2025-01-24
Karotte,0.4,64,2025-01-26
Gurke,0.73,86,2025-01-13
Karotte,0.37,175,2025-01-16
Karotte,0.37,68,2025-01-21
Gurke,0.73,104,2025-02-04
Tomate,0.67,192,2025-02-02
Karotte,0.41,181,2025-01-30
Gurke,0.85,80,2025-02-04
Gurke,0.81,188,2025-02-04
Gurke,0.86,151,2025-02-02
Paprika,1.08,187,2025-01-13
Apfel,0.54,163,2025-01-25
Orange,0.59,192,2025-01-26
Paprika,0.91,105,2025-01-21
Tomate,0.68,193,2025-01-15
Paprika,0.98,183,2025-02-03
Karotte,0.41,163,2025-02-04
Gurke,0.85,79,2025-02-03
Apfel,0.45,125,2025-01-17
Karotte,0.38,50,2025-01-22
Orange,0.68,115,2025-02-10
Apfel,0.5,186,2025-02-10
Gurke,0.8,99,2025-02-11
Banane,0.33,126,2025-02-09
Orange,0.63,93,2025-02-01
Tomate,0.66,54,2025-02-08
Tomate,0.7,67,2025-02-08
Zitrone,0.55,84,2025-02-06
Zitrone,0.56,92,2025-01-24
Karotte,0.39,80,2025-02-07
Orange,0.6,65,2025-02-01
Gurke,0.74,183,2025-01-19
Tomate,0.66,196,2025-01-30
Orange,0.61,102,2025-01-18
Paprika,0.91,128,2025-02-01
Apfel,0.47,195,2025-01-19
Apfel,0.49,163,2025-02-07
Orange,0.63,64,2025-02-10
Karotte,0.43,92,2025-01-23
Apfel,0.49,142,2025-01-20
Tomate,0.67,162,2025-01-14
Karotte,0.43,53,2025-01-27
Apfel,0.49,182,2025-01-13
Paprika,1.07,141,2025-02-01
Tomate,0.77,149,2025-01-28
Zitrone,0.62,126,2025-02-08
Karotte,0.39,95,2025-01-17
Banane,0.29,99,2025-01-21
Karotte,0.39,113,2025-01-27
Banane,0.28,192,2025-01-31
Paprika,0.98,132,2025-01-14
Apfel,0.46,145,2025-01-23
Paprika,1.07,57,2025-02-01
Orange,0.68,128,2025-02-05
Apfel,0.47,191,2025-02-06
Karotte,0.37,134,2025-01-19
Gurke,0.79,109,2025-01-12
Zitrone,0.55,60,2025-02-06
Paprika,1.06,54,2025-01-26
Banane,0.31,61,2025-02-05
Zitrone,0.55,63,2025-01-23
Tomate,0.74,72,2025-01-17
Orange,0.64,51,2025-02-04
Apfel,0.54,138,2025-02-04
Zitrone,0.54,177,2025-01-28
Paprika,0.92,126,2025-02-07
Tomate,0.72,77,2025-01-17
Tomate,0.7,186,2025-01-26
Zitrone,0.58,143,2025-02-03
Paprika,1.07,82,2025-01-27
Apfel,0.48,72,2025-02-07
Gurke,0.82,151,2025-02-01
Tomate,0.73,67,2025-01-14
Zitrone,0.64,138,2025-02-08
Banane,0.32,121,2025-01-17
Tomate,0.73,174,2025-02-05
Tomate,0.68,81,2025-01-12
Gurke,0.83,61,2025-02-04
Banane,0.28,141,2025-02-03
Gurke,0.79,177,2025-01-22
Orange,0.6,130,2025-01-24
Zitrone,0.55,53,2025-02-11
Tomate,0.71,158,2025-01-27
Apfel,0.48,185,2025-01-19
Zitrone,0.64,184,2025-02-01
Zitrone,0.63,183,2025-01-16
Banane,0.29,120,2025-02-05
Gurke,0.86,132,2025-02-02
Zitrone,0.58,76,2025-01-23
Karotte,0.4,186,2025-01-28
Apfel,0.53,179,2025-02-10
Tomate,0.74,168,2025-02-05
Paprika,0.91,155,2025-01-17
Paprika,0.96,154,2025-02-09
Apfel,0.52,200,2025-02-09
Paprika,1.07,82,2025-02-03
Tomate,0.67,63,2025-01-27
Gurke,0.87,85,2025-02-07
Paprika,1.0,199,2025-01-26
Zitrone,0.58,103,2025-02-02
Karotte,0.43,59,2025-01-18
Paprika,0.98,195,2025-02-10
Zitrone,0.64,175,2025-01-30
Zitrone,0.55,138,2025-01-13
Banane,0.27,155,2025-01-17
Tomate,0.67,180,2025-01-16
Apfel,0.51,170,2025-01-20
Banane,0.32,183,2025-02-09
Tomate,0.73,199,2025-01-29
Paprika,1.03,200,2025-01-27
Tomate,0.64,157,2025-02-03
Paprika,0.99,90,2025-02-07
Banane,0.32,121,2025-01-20
Orange,0.6,131,2025-01-23
Tomate,0.76,169,2025-01-19
Zitrone,0.64,178,2025-01-22
Karotte,0.36,109,2025-01-19
Tomate,0.66,149,2025-02-08
Gurke,0.8,145,2025-02-09
Paprika,0.96,171,2025-02-04
Paprika,1.1,129,2025-02-08
Karotte,0.42,86,2025-01-24
Gurke,0.77,107,2025-01-24
Zitrone,0.66,188,2025-01-26
Paprika,0.96,78,2025-01-26
Orange,0.65,60,2025-01-16
Paprika,0.96,146,2025-01-23
Banane,0.31,100,2025-02-08
Orange,0.61,56,2025-01-13
Karotte,0.41,157,2025-01-15
Banane,0.32,106,2025-02-11
Orange,0.66,167,2025-01-30
Tomate,0.76,140,2025-02-01
Karotte,0.4,185,2025-01-12
Apfel,0.54,190,2025-02-02
Paprika,1.01,55,2025-01-16
Orange,0.66,160,2025-02-11
Orange,0.64,68,2025-01-30
Tomate,0.74,90,2025-02-10
Apfel,0.46,115,2025-01-17
Banane,0.28,134,2025-02-02
Banane,0.31,127,2025-01-12
Karotte,0.43,61,2025-01-17
Zitrone,0.55,139,2025-01-15
Orange,0.59,158,2025-01-29
Orange,0.71,105,2025-01-12
Tomate,0.69,192,2025-01-25
Orange,0.68,79,2025-01-31
Tomate,0.73,111,2025-02-02
Gurke,0.79,116,2025-01-13
Apfel,0.47,184,2025-01-26
Tomate,0.72,122,2025-01-12
Zitrone,0.55,151,2025-01-24
Banane,0.28,175,2025-02-05
Gurke,0.72,147,2025-01-30
Zitrone,0.66,174,2025-01-25
Karotte,0.43,145,2025-01-22
Karotte,0.36,112,2025-01-21
Gurke,0.83,116,2025-02-10
Karotte,0.41,136,2025-02-11
Tomate,0.77,138,2025-02-03
Gurke,0.79,195,2025-01-14
Apfel,0.53,141,2025-01-21
Orange,0.66,157,2025-01-22
Orange,0.61,189,2025-02-02
Orange,0.71,121,2025-02-11
Zitrone,0.6,54,2025-01-13
Zitrone,0.62,173,2025-02-07
Banane,0.28,112,2025-01-27
Karotte,0.37,77,2025-01-30
Tomate,0.7,135,2025-01-16
Paprika,0.91,136,2025-02-02
Zitrone,0.6,145,2025-02-02
Orange,0.62,78,2025-01-15
Banane,0.31,159,2025-01-15
Zitrone,0.57,105,2025-02-11
Apfel,0.51,149,2025-01-12
Tomate,0.67,93,2025-01-24
Banane,0.27,180,2025-01-20
Gurke,0.86,124,2025-01-17
Karotte,0.39,128,2025-01-22
Paprika,1.06,83,2025-01-22
Apfel,0.47,116,2025-01-20
Gurke,0.73,101,2025-01-31
Paprika,0.93,190,2025-01-26
Apfel,0.55,76,2025-01-21
Tomate,0.68,83,2025-01-25
Apfel,0.55,196,2025-02-06
Zitrone,0.55,68,2025-02-07
Paprika,0.93,172,2025-01-26
Apfel,0.46,52,2025-01-27
Apfel,0.49,82,2025-02-04
Apfel,0.52,165,2025-01-26
Apfel,0.53,110,2025-01-26
Orange,0.61,140,2025-01-20
Orange,0.61,132,2025-01-28
Gurke,0.78,84,2025-01-29
Orange,0.62,158,2025-01-25
Gurke,0.87,96,2025-01-31
Apfel,0.46,183,2025-02-08
Orange,0.71,98,2025-01-28
Zitrone,0.61,82,2025-02-08
Paprika,1.02,150,2025-01-30
Paprika,0.98,174,2025-01-28
Paprika,0.95,138,2025-01-29
Apfel,0.45,177,2025-02-09
Gurke,0.79,200,2025-02-10
Paprika,0.9,173,2025-02-11
Paprika,0.99,91,2025-01-21
Paprika,1.06,113,2025-02-06
Gurke,0.79,127,2025-02-01
Orange,0.63,81,2025-01-17
Gurke,0.76,140,2025-02-05
Gurke,0.79,82,2025-01-13
Karotte,0.37,152,2025-01-26
Gurke,0.75,119,2025-01-13
Orange,0.7,61,2025-01-25
Zitrone,0.57,94,2025-01-17
Gurke,0.83,159,2025-02-11
Tomate,0.66,88,2025-02-03
Orange,0.64,168,2025-02-09
Zitrone,0.58,179,2025-02-07
Apfel,0.47,154,2025-02-07
Gurke,0.86,88,2025-01-31
Karotte,0.38,58,2025-01-16
Banane,0.28,71,2025-02-08
Banane,0.29,154,2025-02-08
Banane,0.31,188,2025-01-30
Karotte,0.37,111,2025-02-09
Zitrone,0.6,154,2025-01-25
Apfel,0.47,100,2025-02-03
Orange,0.61,124,2025-01-22
Apfel,0.54,73,2025-01-14
Paprika,1.0,126,2025-01-20
Karotte,0.42,166,2025-01-15
Gurke,0.83,96,2025-02-06
Paprika,0.93,98,2025-02-01
Orange,0.66,159,2025-01-19
Gurke,0.74,56,2025-02-10
Apfel,0.53,116,2025-01-12
Orange,0.65,102,2025-01-23
Zitrone,0.64,133,2025-02-09
Apfel,0.53,117,2025-01-18
Paprika,1.02,75,2025-01-19
Karotte,0.41,89,2025-02-08
Paprika,1.02,189,2025-01-13
Tomate,0.74,133,2025-01-25
Paprika,0.97,80,2025-02-08
Tomate,0.7,87,2025-02-10
Zitrone,0.62,100,2025-02-02
Paprika,1.06,127,2025-02-04
Zitrone,0.54,145,2025-01-13
Orange,0.63,66,2025-01-31
Orange,0.64,114,2025-02-03
Paprika,0.94,52,2025-01-19
Apfel,0.47,137,2025-02-03
Orange,0.66,142,2025-02-09
Paprika,0.92,96,2025-01-29
Banane,0.3,53,2025-01-28
Tomate,0.74,172,2025-02-06
Gurke,0.79,145,2025-01-13
Karotte,0.41,184,2025-02-01
Orange,0.67,140,2025-02-01
Tomate,0.73,114,2025-01-27
Banane,0.32,59,2025-01-29
Banane,0.28,146,2025-01-13
Tomate,0.68,157,2025-02-10
Orange,0.65,56,2025-02-10
Apfel,0.49,105,2025-01-22
Orange,0.65,139,2025-01-17
Tomate,0.7,142,2025-01-28
Orange,0.67,159,2025-02-08
Zitrone,0.56,161,2025-01-25
Banane,0.31,133,2025-01-18
Gurke,0.88,140,2025-01-21
Karotte,0.42,150,2025-01-18
Orange,0.7,130,2025-01-17
Paprika,1.01,178,2025-01-27
Orange,0.68,83,2025-01-14
Zitrone,0.59,107,2025-01-13
Zitrone,0.66,76,2025-01-28
Tomate,0.68,155,2025-01-15
Apfel,0.51,104,2025-02-10
Orange,0.65,54,2025-01-13
Tomate,0.74,97,2025-01-30
Zitrone,0.63,98,2025-01-29
Paprika,0.91,196,2025-01-31
Orange,0.71,114,2025-02-01
Karotte,0.4,142,2025-02-11
Apfel,0.47,70,2025-01-14
Tomate,0.63,182,2025-01-14
Apfel,0.46,186,2025-01-12
Orange,0.66,137,2025-02-04
Paprika,1.06,167,2025-01-31
Apfel,0.51,188,2025-01-20
Tomate,0.75,161,2025-01-31
Orange,0.68,57,2025-01-27
Orange,0.7,127,2025-02-08
Karotte,0.41,92,2025-01-25
Zitrone,0.59,99,2025-01-19
Paprika,1.02,179,2025-01-31
Karotte,0.42,53,2025-02-02
Karotte,0.41,114,2025-02-11
Apfel,0.48,71,2025-01-19
Banane,0.3,53,2025-02-01
Tomate,0.72,170,2025-02-10
Gurke,0.85,103,2025-02-10
Paprika,1.01,85,2025-01-14
Orange,0.65,198,2025-02-09
Banane,0.31,190,2025-01-18
Tomate,0.66,191,2025-02-02
Tomate,0.74,116,2025-01-29
Karotte,0.38,177,2025-01-31
Banane,0.32,73,2025-01-22
Orange,0.67,50,2025-01-30
Zitrone,0.64,156,2025-02-03
Orange,0.67,175,2025-01-12
Zitrone,0.57,180,2025-01-27
Zitrone,0.64,198,2025-02-11
Banane,0.27,154,2025-02-08
Banane,0.28,54,2025-02-09
Gurke,0.84,94,2025-01-26
Zitrone,0.64,192,2025-01-14
Apfel,0.46,125,2025-01-29
Zitrone,0.65,65,2025-01-17
Apfel,0.53,90,2025-01-27
Banane,0.28,193,2025-01-31
Banane,0.3,129,2025-01-21
Banane,0.29,141,2025-01-31
Orange,0.69,161,2025-01-15
Apfel,0.52,128,2025-01-12
Orange,0.62,105,2025-01-22
Orange,0.63,178,2025-01-24
Zitrone,0.56,88,2025-02-06
Banane,0.33,111,2025-01-19
Tomate,0.63,122,2025-01-16
Tomate,0.73,81,2025-01-24
Zitrone,0.59,80,2025-01-20
Paprika,1.01,156,2025-02-11
Paprika,0.93,151,2025-01-24
Tomate,0.69,188,2025-01-21
Paprika,0.9,189,2025-01-30
Apfel,0.52,81,2025-02-10
Banane,0.3,73,2025-02-11
Orange,0.65,98,2025-02-05
Banane,0.3,75,2025-01-29
Karotte,0.42,69,2025-01-21
Gurke,0.76,64,2025-02-03
Tomate,0.63,194,2025-01-24
Karotte,0.43,88,2025-01-28
Gurke,0.78,149,2025-02-07
Paprika,0.95,106,2025-02-05
Paprika,1.07,167,2025-02-01
Zitrone,0.62,137,2025-01-25
Karotte,0.41,156,2025-02-07
Karotte,0.39,159,2025-01-12
Paprika,1.08,150,2025-01-14
Apfel,0.54,148,2025-01-30
Apfel,0.45,104,2025-02-10
Tomate,0.72,61,2025-02-02
Orange,0.67,198,2025-02-01
Apfel,0.49,61,2025-01-18
Tomate,0.76,90,2025-01-15
Paprika,0.99,118,2025-01-23
Gurke,0.8,70,2025-02-01
Gurke,0.87,79,2025-01-18
Paprika,1.01,55,2025-01-24
Paprika,0.95,144,2025-01-27
Paprika,1.04,104,2025-01-19
Zitrone,0.65,154,2025-02-03
Apfel,0.46,85,2025-02-11
Gurke,0.82,193,2025-01-21
Gurke,0.79,173,2025-01-14
Karotte,0.41,200,2025-02-10
Orange,0.68,126,2025-01-30
Gurke,0.75,178,2025-01-21
Karotte,0.4,97,2025-02-04
Gurke,0.75,103,2025-01-27
Karotte,0.41,50,2025-01-22
Zitrone,0.66,150,2025-01-17
Gurke,0.79,91,2025-01-30
Gurke,0.78,133,2025-02-02
Banane,0.3,148,2025-01-21
Apfel,0.46,126,2025-01-30
Banane,0.33,142,2025-01-24
Zitrone,0.59,198,2025-01-17
Gurke,0.8,151,2025-01-24
Karotte,0.43,140,2025-02-02
Orange,0.67,161,2025-02-05
Tomate,0.71,137,2025-01-12
Gurke,0.77,58,2025-01-13
Tomate,0.64,83,2025-01-28
Apfel,0.47,146,2025-01-22
Tomate,0.66,50,2025-01-24
Paprika,1.09,89,2025-01-14
Zitrone,0.58,169,2025-01-27
Paprika,1.08,155,2025-01-16
Orange,0.62,144,2025-01-14
Apfel,0.45,89,2025-01-16
Paprika,1.04,104,2025-02-02
Tomate,0.7,56,2025-02-03
Karotte,0.39,86,2025-01-23
Zitrone,0.64,137,2025-01-25
Karotte,0.38,79,2025-01-24
Karotte,0.38,190,2025-01-18
Paprika,1.04,81,2025-01-28
Orange,0.61,71,2025-02-05
Karotte,0.41,93,2025-01-22
Paprika,0.92,198,2025-02-06
Orange,0.71,139,2025-02-01
Karotte,0.42,86,2025-01-16
Zitrone,0.61,175,2025-01-29
Orange,0.7,178,2025-02-04
Gurke,0.79,194,2025-01-27
Orange,0.61,93,2025-01-12
Apfel,0.47,66,2025-02-01
Apfel,0.48,102,2025-02-10
Tomate,0.72,57,2025-02-07
Karotte,0.43,56,2025-02-06
Banane,0.29,51,2025-01-28
Apfel,0.51,128,2025-01-28
Zitrone,0.64,153,2025-01-14
Gurke,0.76,85,2025-01-26
Banane,0.3,158,2025-01-26
Orange,0.64,107,2025-01-17
Tomate,0.67,167,2025-02-04
Tomate,0.64,136,2025-02-04
Apfel,0.47,198,2025-02-01
Apfel,0.49,144,2025-02-09
Apfel,0.53,82,2025-01-15
Tomate,0.73,178,2025-01-28
Tomate,0.68,180,2025-01-29
Gurke,0.75,194,2025-01-31
Tomate,0.72,88,2025-02-10
Zitrone,0.65,156,2025-02-01
Paprika,1.06,62,2025-02-02
Tomate,0.69,188,2025-01-13
Karotte,0.37,93,2025-01-25
Gurke,0.8,71,2025-02-02
Banane,0.29,72,2025-01-18
Apfel,0.48,53,2025-01-29
Tomate,0.72,74,2025-02-04
Orange,0.66,76,2025-02-05
Tomate,0.7,179,2025-02-04
Karotte,0.43,86,2025-01-30
Banane,0.28,96,2025-02-02
Zitrone,0.61,157,2025-01-15
Tomate,0.73,124,2025-02-08
Zitrone,0.58,167,2025-01-17
Banane,0.29,103,2025-02-03
Paprika,1.07,175,2025-01-25
Zitrone,0.64,76,2025-01-27
Tomate,0.7,111,2025-01-16
Tomate,0.65,65,2025-01-16
Banane,0.3,114,2025-01-29
Gurke,0.73,70,2025-01-21
Paprika,1.0,141,2025-01-17
Banane,0.32,78,2025-01-17
Banane,0.32,138,2025-01-26
Banane,0.28,137,2025-01-13
Banane,0.29,193,2025-02-09
Zitrone,0.55,173,2025-02-04
Zitrone,0.57,97,2025-02-02
Karotte,0.38,157,2025-01-27
Gurke,0.85,142,2025-01-12
Karotte,0.37,144,2025-01-23
Orange,0.68,193,2025-01-12
Orange,0.67,169,2025-02-01
Banane,0.3,200,2025-01-27
Orange,0.67,141,2025-01-27
Tomate,0.66,69,2025-01-29
Banane,0.31,175,2025-01-31
Karotte,0.44,71,2025-01-24
Karotte,0.4,78,2025-02-08
Tomate,0.74,65,2025-01-25
Orange,0.68,94,2025-02-10
Apfel,0.55,170,2025-01-22
Karotte,0.42,164,2025-01-23
Gurke,0.78,177,2025-02-08
Orange,0.63,118,2025-02-07
Zitrone,0.57,122,2025-01-28
Apfel,0.54,60,2025-01-19
Gurke,0.83,96,2025-02-09
Gurke,0.85,171,2025-02-08
Zitrone,0.64,187,2025-01-23
Paprika,0.95,120,2025-02-08
Banane,0.29,98,2025-02-07
Zitrone,0.59,112,2025-01-21
Gurke,0.78,161,2025-01-31
Apfel,0.55,76,2025-02-02
Gurke,0.76,92,2025-01-25
Gurke,0.83,128,2025-01-30
Orange,0.62,179,2025-02-08
Karotte,0.39,124,2025-01-28
Zitrone,0.55,192,2025-01-16
Banane,0.31,183,2025-01-18
Orange,0.68,184,2025-01-14
Tomate,0.69,121,2025-02-11
Paprika,1.02,138,2025-01-25
Orange,0.66,63,2025-01-31
Gurke,0.85,60,2025-01-22
Paprika,0.93,131,2025-01-30
Paprika,1.09,124,2025-01-21
Orange,0.69,107,2025-01-13
Zitrone,0.59,74,2025-02-03
Orange,0.69,144,2025-01-12
Zitrone,0.56,149,2025-02-06
Karotte,0.38,107,2025-02-03
Tomate,0.69,99,2025-02-02
Zitrone,0.66,83,2025-01-29
Banane,0.28,91,2025-01-16
Paprika,0.94,96,2025-01-27
Karotte,0.44,144,2025-01-20
Orange,0.63,86,2025-01-21
Gurke,0.81,148,2025-01-19
Gurke,0.76,144,2025-02-04
Apfel,0.47,180,2025-01-29
Apfel,0.47,108,2025-02-08
Paprika,0.94,98,2025-02-07
Tomate,0.67,77,2025-01-27
Karotte,0.42,156,2025-02-11
Paprika,1.1,53,2025-01-12
Banane,0.29,120,2025-01-18
Tomate,0.76,167,2025-01-26
Paprika,0.98,181,2025-02-03
Apfel,0.47,62,2025-01-19
Banane,0.27,196,2025-01-21
Karotte,0.42,129,2025-01-30
Paprika,0.94,124,2025-02-06
Banane,0.27,87,2025-01-18
Gurke,0.83,181,2025-01-22
Zitrone,0.55,59,2025-02-08
Tomate,0.68,154,2025-01-15
Karotte,0.41,177,2025-01-23
Gurke,0.76,114,2025-01-27
Apfel,0.48,148,2025-02-10
Gurke,0.84,93,2025-01-17
Karotte,0.39,84,2025-02-02
Banane,0.29,64,2025-01-31
Apfel,0.51,81,2025-02-10
Banane,0.28,130,2025-02-11
Banane,0.27,93,2025-02-05
Gurke,0.79,145,2025-01-31
Paprika,0.93,154,2025-02-03
Karotte,0.42,130,2025-01-22
Apfel,0.51,136,2025-01-26
Karotte,0.43,103,2025-02-01
Gurke,0.81,152,2025-01-17
Zitrone,0.58,112,2025-02-03
Karotte,0.42,135,2025-02-05
Paprika,1.01,159,2025-01-19
Banane,0.32,176,2025-01-21
Orange,0.69,102,2025-01-13
Orange,0.62,97,2025-01-13
Orange,0.7,181,2025-01-22
Paprika,1.06,139,2025-01-25
Gurke,0.78,112,2025-01-31
Tomate,0.69,186,2025-02-03
Karotte,0.41,185,2025-02-07
Karotte,0.37,135,2025-02-11
Paprika,0.9,162,2025-01-17
Apfel,0.52,61,2025-01-31
Banane,0.32,174,2025-01-26
Paprika,1.06,188,2025-02-04
Apfel,0.45,167,2025-02-06
Apfel,0.45,81,2025-01-28
Apfel,0.47,86,2025-01-15
Zitrone,0.59,53,2025-01-21
Gurke,0.84,68,2025-01-19
Orange,0.62,155,2025-01-15
Orange,0.63,167,2025-01-23
Orange,0.59,182,2025-01-16
Zitrone,0.55,98,2025-01-28
Gurke,0.78,199,2025-01-14
Paprika,0.99,66,2025-01-14
Gurke,0.84,191,2025-02-02
Paprika,0.95,161,2025-02-04
Gurke,0.78,87,2025-01-27
Apfel,0.52,87,2025-01-24
Orange,0.71,187,2025-01-12
Paprika,1.08,180,2025-01-16
Tomate,0.73,104,2025-01-16
Banane,0.28,120,2025-01-26
Gurke,0.76,121,2025-01-30
Tomate,0.68,157,2025-01-27
Karotte,0.43,183,2025-02-06
Paprika,1.08,193,2025-02-07
Tomate,0.66,195,2025-01-12
Karotte,0.43,193,2025-02-06
Tomate,0.75,169,2025-01-16
Paprika,1.08,185,2025-01-24
Tomate,0.69,129,2025-01-20
Zitrone,0.65,62,2025-02-08
Tomate,0.69,166,2025-01-23
Zitrone,0.58,70,2025-01-13
Paprika,1.0,159,2025-01-26
Zitrone,0.63,100,2025-01-12
Banane,0.29,164,2025-02-10
Tomate,0.65,162,2025-02-03
Paprika,1.07,126,2025-01-13
Paprika,1.08,160,2025-01-20
Tomate,0.65,58,2025-01-26
Karotte,0.37,136,2025-02-02
Orange,0.69,132,2025-01-15
Gurke,0.78,84,2025-01-25
Zitrone,0.64,198,2025-01-14
Zitrone,0.58,53,2025-01-14
Gurke,0.86,104,2025-01-22
Banane,0.31,99,2025-01-30
Gurke,0.85,118,2025-01-28
Orange,0.68,105,2025-01-30
Tomate,0.65,54,2025-01-27
Banane,0.32,58,2025-01-30
Gurke,0.79,75,2025-02-04
Gurke,0.84,130,2025-01-27
Paprika,1.03,118,2025-02-01
Paprika,0.98,54,2025-01-22
Banane,0.3,177,2025-01-31
Karotte,0.42,185,2025-02-10
Apfel,0.48,136,2025-01-17
Karotte,0.39,123,2025-01-25
Tomate,0.75,182,2025-01-15
Orange,0.65,160,2025-01-25
Tomate,0.76,182,2025-02-09
Karotte,0.37,147,2025-01-15
Gurke,0.77,121,2025-01-14
Zitrone,0.65,92,2025-01-27
Banane,0.29,180,2025-01-19
Banane,0.33,154,2025-01-16
Zitrone,0.57,94,2025-02-11
Paprika,1.04,130,2025-01-21
Paprika,0.95,96,2025-01-30
Gurke,0.87,58,2025-01-20
Zitrone,0.54,173,2025-02-06
Orange,0.71,54,2025-01-24
Banane,0.31,91,2025-01-17
Orange,0.66,142,2025-02-09
Paprika,1.0,55,2025-02-08
Zitrone,0.65,168,2025-02-04
Tomate,0.66,99,2025-01-18
Tomate,0.65,161,2025-01-29
Banane,0.29,113,2025-01-22
Zitrone,0.62,89,2025-01-26
Apfel,0.54,130,2025-02-11
Karotte,0.44,101,2025-01-21
Paprika,1.06,161,2025-01-14
Gurke,0.83,125,2025-01-27
Apfel,0.47,164,2025-01-19
Zitrone,0.66,149,2025-01-17
Apfel,0.52,99,2025-02-09
Zitrone,0.55,140,2025-01-15
Karotte,0.38,89,2025-01-24
Karotte,0.44,117,2025-02-09
Tomate,0.73,61,2025-02-09
Karotte,0.38,142,2025-01-15
Karotte,0.38,185,2025-01-14
Karotte,0.44,74,2025-02-10
Paprika,0.97,92,2025-01-30
Tomate,0.76,110,2025-01-22
Zitrone,0.58,91,2025-02-10
Tomate,0.67,97,2025-02-03
Karotte,0.4,187,2025-01-21
Apfel,0.54,70,2025-02-10
Karotte,0.44,160,2025-01-17
Karotte,0.4,61,2025-01-22
Paprika,1.0,115,2025-01-31
Banane,0.29,167,2025-02-09
Gurke,0.83,151,2025-01-26
Gurke,0.85,78,2025-01-30
Gurke,0.81,63,2025-01-30
Banane,0.27,144,2025-02-04
Apfel,0.53,60,2025-01-31
Orange,0.66,110,2025-01-30
Tomate,0.66,53,2025-01-16
Apfel,0.53,128,2025-02-01
Apfel,0.46,65,2025-01-12
Gurke,0.81,107,2025-02-01
Paprika,1.0,140,2025-02-10
Karotte,0.41,168,2025-01-18
Karotte,0.41,163,2025-01-20
Gurke,0.83,107,2025-02-04
Gurke,0.79,158,2025-01-17
Zitrone,0.65,75,2025-01-30
Apfel,0.52,94,2025-02-11
Karotte,0.41,159,2025-01-16
Gurke,0.87,145,2025-01-15
Paprika,1.09,125,2025-01-20
Orange,0.64,87,2025-01-30
Karotte,0.38,181,2025-02-05
Apfel,0.49,145,2025-01-21
Tomate,0.72,70,2025-02-11
Karotte,0.4,167,2025-01-29
Zitrone,0.64,180,2025-01-25
Paprika,0.94,180,2025-02-04
Paprika,0.93,148,2025-02-02
Gurke,0.72,113,2025-01-29
Banane,0.3,169,2025-01-23
Gurke,0.81,73,2025-02-11
Apfel,0.48,73,2025-01-26
Karotte,0.39,82,2025-01-29
Karotte,0.42,58,2025-02-10
Tomate,0.63,92,2025-01-14
Apfel,0.53,193,2025-02-07
Orange,0.64,60,2025-01-26
Gurke,0.88,62,2025-01-20
Apfel,0.46,71,2025-01-27
Gurke,0.86,189,2025-01-21
Orange,0.71,117,2025-01-16
Tomate,0.75,67,2025-02-06
Zitrone,0.64,151,2025-02-04
Gurke,0.79,92,2025-02-11
Paprika,0.95,93,2025-02-02
Orange,0.62,100,2025-02-09
Apfel,0.55,116,2025-01-19
Paprika,0.93,144,2025-02-10
Paprika,0.96,158,2025-02-06
Apfel,0.54,82,2025-01-23
Banane,0.28,73,2025-02-01
Gurke,0.83,109,2025-01-22
Gurke,0.84,175,2025-02-09
Paprika,1.05,181,2025-02-01
Banane,0.28,77,2025-01-18
Gurke,0.81,124,2025-02-06
Orange,0.71,123,2025-01-28
Karotte,0.39,139,2025-01-28
Zitrone,0.59,123,2025-02-08
Zitrone,0.62,50,2025-01-25
Zitrone,0.59,79,2025-01-27
Zitrone,0.56,184,2025-02-01
Apfel,0.52,141,2025-02-09
Tomate,0.74,140,2025-02-11
Gurke,0.72,106,2025-02-01
Zitrone,0.55,174,2025-02-02
Zitrone,0.6,144,2025-02-08
Gurke,0.84,106,2025-01-24
Karotte,0.4,136,2025-01-31
Zitrone,0.56,72,2025-01-22
Paprika,0.99,98,2025-01-14
Zitrone,0.62,164,2025-01-22
Apfel,0.52,156,2025-01-18
Karotte,0.36,116,2025-01-31
Gurke,0.86,55,2025-01-29
Tomate,0.68,78,2025-01-13
Tomate,0.68,154,2025-01-22
Banane,0.28,50,2025-02-03
Orange,0.64,121,2025-02-07
Karotte,0.4,147,2025-01-15
Apfel,0.46,134,2025-02-06
Paprika,1.01,191,2025-02-04
Apfel,0.54,118,2025-02-05
Banane,0.3,94,2025-01-19
Tomate,0.7,64,2025-01-28
Orange,0.69,154,2025-02-02
Banane,0.31,74,2025-01-16
Banane,0.33,112,2025-01-28
Tomate,0.66,111,2025-02-08
Apfel,0.47,184,2025-01-16
Karotte,0.39,98,2025-02-09
Karotte,0.38,128,2025-01-27
Apfel,0.51,178,2025-01-25
Karotte,0.39,88,2025-02-03
Orange,0.67,186,2025-01-30
Paprika,1.05,99,2025-01-29
Tomate,0.75,72,2025-01-29
Apfel,0.47,59,2025-01-21
Karotte,0.41,190,2025-02-01
Orange,0.67,56,2025-02-01
Tomate,0.75,156,2025-02-03
Orange,0.61,51,2025-01-20
Orange,0.64,141,2025-01-15
Paprika,0.96,139,2025-01-24
Paprika,0.99,173,2025-01-12
Zitrone,0.63,108,2025-01-16
Gurke,0.77,179,2025-01-27
Orange,0.67,98,2025-01-27
Banane,0.29,56,2025-01-27
Zitrone,0.6,126,2025-01-28
Zitrone,0.59,106,2025-02-11
Orange,0.64,61,2025-01-14
Banane,0.28,122,2025-02-04
Orange,0.66,193,2025-01-16
Tomate,0.66,72,2025-01-27
Tomate,0.63,89,2025-01-25
Gurke,0.73,91,2025-02-06
Tomate,0.69,194,2025-01-15
Karotte,0.41,129,2025-01-17
Banane,0.29,105,2025-01-16
Apfel,0.53,195,2025-01-25
Apfel,0.48,199,2025-01-23
Paprika,0.93,91,2025-02-03
Tomate,0.76,177,2025-02-02
Zitrone,0.65,84,2025-01-22
Orange,0.63,135,2025-01-15
Tomate,0.77,63,2025-02-01
Banane,0.3,51,2025-01-13
Karotte,0.4,156,2025-01-12
Paprika,0.98,80,2025-01-31
Zitrone,0.56,59,2025-02-02
Banane,0.33,192,2025-01-15
Paprika,1.08,161,2025-02-06
Zitrone,0.62,170,2025-01-30
Banane,0.3,161,2025-01-30
Apfel,0.52,162,2025-01-27
Apfel,0.49,184,2025-02-04
Karotte,0.36,56,2025-01-12
Orange,0.59,123,2025-01-12
Tomate,0.67,150,2025-02-06
Paprika,0.92,53,2025-02-09
Tomate,0.69,105,2025-02-11
Orange,0.71,181,2025-02-11
Orange,0.7,87,2025-02-01
Banane,0.3,161,2025-01-18
Zitrone,0.57,111,2025-01-12
Orange,0.68,174,2025-02-06
Tomate,0.71,140,2025-01-14
Paprika,1.09,72,2025-01-24
Orange,0.6,60,2025-01-13
Karotte,0.38,120,2025-02-03
Orange,0.68,199,2025-01-14
Karotte,0.44,198,2025-01-29
Paprika,0.91,150,2025-02-09
Gurke,0.86,90,2025-01-31
Tomate,0.76,53,2025-02-08
Orange,0.67,150,2025-02-05
Zitrone,0.59,177,2025-02-11
Paprika,1.09,166,2025-01-21
Paprika,1.05,54,2025-01-17
Apfel,0.45,81,2025-02-04
Zitrone,0.64,88,2025-01-15
Banane,0.3,161,2025-01-27
Paprika,1.0,179,2025-01-24
Orange,0.67,74,2025-01-29
Zitrone,0.56,113,2025-01-29
Gurke,0.74,127,2025-01-27
Apfel,0.49,60,2025-01-17
Apfel,0.53,117,2025-01-22
Tomate,0.68,156,2025-01-12
Paprika,0.98,108,2025-01-27
Paprika,0.98,176,2025-01-28
Zitrone,0.64,106,2025-02-01
Apfel,0.48,163,2025-01-12
Zitrone,0.65,54,2025-01-14
Gurke,0.8,175,2025-02-03
Apfel,0.55,177,2025-01-28
Banane,0.32,141,2025-01-24
Karotte,0.4,106,2025-02-03
Karotte,0.44,193,2025-02-11
Gurke,0.86,126,2025-01-12
Paprika,1.03,178,2025-02-09
Paprika,1.05,143,2025-01-29
Banane,0.33,123,2025-01-18
Karotte,0.4,186,2025-01-15
Gurke,0.83,195,2025-01-29
Orange,0.63,115,2025-02-01
Gurke,0.82,63,2025-01-17
Karotte,0.36,93,2025-01-27
Gurke,0.73,161,2025-01-12
Paprika,1.06,185,2025-01-28
Tomate,0.77,122,2025-01-19
Paprika,0.91,142,2025-02-07
Tomate,0.75,78,2025-02-01
Banane,0.32,186,2025-02-08
Paprika,0.98,136,2025-02-11
Gurke,0.72,71,2025-01-31
Zitrone,0.65,144,2025-02-11
Gurke,0.84,79,2025-02-06
Paprika,1.0,177,2025-01-27
Apfel,0.51,161,2025-01-17
Paprika,1.09,150,2025-02-01
Apfel,0.52,153,2025-02-10
Gurke,0.81,166,2025-02-02
Tomate,0.73,179,2025-02-09
Tomate,0.76,78,2025-02-04
Banane,0.29,175,2025-02-10
Zitrone,0.54,130,2025-02-11
Zitrone,0.65,79,2025-01-19
Gurke,0.76,104,2025-02-02
Gurke,0.87,92,2025-02-06
Karotte,0.39,164,2025-02-07
Apfel,0.46,165,2025-01-26
Apfel,0.48,101,2025-01-13
Karotte,0.4,116,2025-01-24
Apfel,0.52,79,2025-02-04
Karotte,0.36,116,2025-01-29
Zitrone,0.62,119,2025-01-25
Gurke,0.82,140,2025-01-22
Tomate,0.66,178,2025-01-19
Banane,0.28,171,2025-02-03
Apfel,0.48,148,2025-01-22
Gurke,0.77,93,2025-01-17
Tomate,0.69,128,2025-01-14
Karotte,0.42,137,2025-01-27
Orange,0.69,148,2025-02-11
Gurke,0.75,147,2025-01-22
Gurke,0.74,143,2025-01-30
Paprika,0.92,116,2025-01-12
Orange,0.63,146,2025-01-17
Gurke,0.76,58,2025-01-12
Zitrone,0.62,85,2025-01-23
Orange,0.67,102,2025-01-17
Paprika,0.99,189,2025-01-30
Zitrone,0.58,176,2025-02-01
Orange,0.7,59,2025-02-02
Karotte,0.4,161,2025-01-17
Karotte,0.4,172,2025-02-03
Gurke,0.76,145,2025-02-06
Paprika,1.0,113,2025-01-25
Banane,0.29,91,2025-01-13
Apfel,0.54,170,2025-02-02
Paprika,0.93,95,2025-01-21
Tomate,0.66,177,2025-01-27
Banane,0.31,104,2025-01-21
Karotte,0.43,58,2025-02-10
Gurke,0.77,127,2025-01-17
Karotte,0.37,87,2025-02-10
Paprika,1.04,91,2025-01-13
Tomate,0.72,145,2025-02-08
Gurke,0.87,69,2025-01-20
Tomate,0.69,200,2025-02-07
Karotte,0.38,109,2025-02-05
Tomate,0.65,157,2025-01-14
Gurke,0.81,179,2025-02-09
Paprika,1.03,113,2025-02-02
Tomate,0.66,66,2025-02-09
Karotte,0.42,76,2025-01-17
Paprika,0.94,92,2025-01-18
Gurke,0.86,132,2025-01-29
Apfel,0.52,136,2025-01-13
Zitrone,0.57,96,2025-02-01
Zitrone,0.55,73,2025-01-25
Paprika,1.06,183,2025-01-31
Paprika,0.93,56,2025-01-28
Tomate,0.72,167,2025-01-21
Paprika,1.0,130,2025-02-10
Tomate,0.73,60,2025-02-10
Paprika,0.93,159,2025-01-18
Gurke,0.78,121,2025-02-06
Orange,0.59,80,2025-01-25
Tomate,0.76,121,2025-02-09
Banane,0.32,133,2025-01-27
Orange,0.63,193,2025-01-27
Orange,0.71,132,2025-01-13
Orange,0.64,61,2025-02-05
Gurke,0.8,88,2025-01-24
Zitrone,0.63,87,2025-01-24
Orange,0.69,180,2025-01-12
Banane,0.33,187,2025-02-01
Paprika,1.05,147,2025-01-13
Apfel,0.55,74,2025-01-26
Tomate,0.76,112,2025-02-04
Apfel,0.49,121,2025-01-31
Zitrone,0.57,59,2025-02-08
Banane,0.29,166,2025-02-10
Banane,0.32,174,2025-01-27
Banane,0.31,109,2025-02-07
Karotte,0.42,124,2025-01-19
Paprika,1.04,189,2025-02-11
Orange,0.62,124,2025-01-31
Zitrone,0.54,154,2025-01-14
Apfel,0.54,124,2025-01-16
Zitrone,0.55,68,2025-01-22
Banane,0.31,193,2025-01-17
Gurke,0.76,137,2025-02-03
Apfel,0.51,83,2025-01-18
Orange,0.71,86,2025-01-31
Apfel,0.51,61,2025-01-19
Orange,0.62,73,2025-01-20
Paprika,1.05,118,2025-01-28
Gurke,0.77,85,2025-01-16
Paprika,1.0,62,2025-01-15
Orange,0.59,80,2025-01-17
Banane,0.31,66,2025-02-01
Apfel,0.53,191,2025-02-07
Karotte,0.42,152,2025-01-20
Banane,0.33,53,2025-02-01
Zitrone,0.62,141,2025-01-20
Gurke,0.85,69,2025-02-02
Apfel,0.54,152,2025-01-31
Banane,0.29,120,2025-02-01
Banane,0.28,120,2025-01-31
Paprika,0.93,137,2025-02-01
Orange,0.65,64,2025-02-02
Karotte,0.39,131,2025-01-18
Paprika,1.09,90,2025-01-31
Karotte,0.42,173,2025-02-04
Orange,0.69,194,2025-02-08
Paprika,0.94,59,2025-01-14
Zitrone,0.66,122,2025-02-08
Banane,0.33,68,2025-01-22
Zitrone,0.62,125,2025-02-02
Orange,0.69,130,2025-01-14
Karotte,0.42,142,2025-01-14
Tomate,0.74,79,2025-01-15
Gurke,0.81,71,2025-01-31
Gurke,0.82,163,2025-01-31
Tomate,0.68,108,2025-01-23
Banane,0.31,115,2025-02-05
Orange,0.65,138,2025-01-19
Banane,0.28,120,2025-02-06
Orange,0.63,86,2025-01-15
Zitrone,0.61,110,2025-02-02
Zitrone,0.56,188,2025-01-31
Apfel,0.46,58,2025-01-20
Karotte,0.36,91,2025-01-20
Banane,0.28,80,2025-01-29
Tomate,0.74,139,2025-01-21
Karotte,0.41,60,2025-01-18
Paprika,0.95,67,2025-02-09
Paprika,0.95,60,2025-02-06
Zitrone,0.54,99,2025-02-02
Karotte,0.38,52,2025-01-31
Orange,0.6,174,2025-01-16
Apfel,0.48,178,2025-02-04
Zitrone,0.59,166,2025-01-21
Paprika,0.92,64,2025-01-31
Zitrone,0.61,131,2025-02-03
Karotte,0.44,105,2025-01-15
Tomate,0.72,191,2025-02-06
Gurke,0.86,195,2025-01-23
Apfel,0.48,157,2025-01-22
Banane,0.32,131,2025-01-25
Tomate,0.63,145,2025-02-04
Orange,0.71,165,2025-01-19
Banane,0.28,200,2025-02-01
Zitrone,0.57,145,2025-01-13
Karotte,0.41,161,2025-01-17
Karotte,0.42,90,2025-01-15
Karotte,0.37,159,2025-01-19
Apfel,0.52,170,2025-02-01
Orange,0.67,96,2025-01-21
Banane,0.32,93,2025-02-08
Zitrone,0.58,80,2025-01-21
Paprika,0.91,92,2025-02-06
Apfel,0.49,91,2025-02-08
Karotte,0.42,128,2025-01-16
Orange,0.68,75,2025-02-01
Apfel,0.47,119,2025-01-25
Apfel,0.53,106,2025-02-04
Banane,0.28,68,2025-02-05
Paprika,0.98,101,2025-02-03
Paprika,0.97,131,2025-01-13
Banane,0.27,117,2025-02-04
Paprika,0.94,111,2025-02-01
Gurke,0.86,186,2025-01-19
Karotte,0.41,78,2025-02-05
Paprika,1.01,65,2025-02-07
Banane,0.29,185,2025-02-04
Karotte,0.41,100,2025-01-14
Banane,0.31,140,2025-02-07
Tomate,0.75,130,2025-01-28
Paprika,0.91,134,2025-01-24
Gurke,0.86,116,2025-02-09
Apfel,0.53,52,2025-01-30
Paprika,0.98,169,2025-01-18
Banane,0.31,70,2025-02-08
Orange,0.63,112,2025-01-25
Zitrone,0.54,115,2025-01-13
Banane,0.32,71,2025-01-31
Apfel,0.53,172,2025-01-24
Tomate,0.75,128,2025-02-10
Apfel,0.47,162,2025-02-05
Apfel,0.46,148,2025-01-25
Paprika,1.07,81,2025-01-21
Karotte,0.39,122,2025-01-25
Gurke,0.78,54,2025-01-26
Paprika,1.07,167,2025-02-07
Tomate,0.75,64,2025-01-18
Tomate,0.67,200,2025-01-27
Karotte,0.39,129,2025-01-12
Karotte,0.39,123,2025-02-05
Paprika,1.06,197,2025-01-20
Orange,0.65,169,2025-02-06
Banane,0.29,126,2025-01-22
Gurke,0.86,94,2025-01-19
Gurke,0.77,186,2025-02-09
Banane,0.27,199,2025-01-20
Banane,0.32,143,2025-01-23
Gurke,0.77,174,2025-02-05
Tomate,0.76,134,2025-01-18
Gurke,0.84,73,2025-01-23
Karotte,0.41,117,2025-01-13
Karotte,0.38,163,2025-02-04
Tomate,0.69,157,2025-01-15
Tomate,0.77,60,2025-02-11
Tomate,0.69,151,2025-01-25
Banane,0.31,137,2025-01-12
Orange,0.59,147,2025-01-19
Apfel,0.45,161,2025-01-28
Orange,0.7,52,2025-02-10
Gurke,0.83,57,2025-02-05
Orange,0.61,134,2025-01-14
Karotte,0.44,137,2025-02-11
Banane,0.27,52,2025-01-23
Banane,0.32,178,2025-01-27
Zitrone,0.66,169,2025-01-18
Gurke,0.84,186,2025-01-26
Paprika,0.9,158,2025-01-27
Karotte,0.36,118,2025-01-24
Orange,0.63,131,2025-01-18
Paprika,0.95,111,2025-01-14
Orange,0.6,166,2025-02-08
Banane,0.3,121,2025-01-30
Banane,0.33,151,2025-02-10
Tomate,0.68,158,2025-02-02
Orange,0.7,108,2025-02-11
Orange,0.61,124,2025-02-06
Gurke,0.76,165,2025-01-15
Gurke,0.82,175,2025-02-02
Zitrone,0.56,118,2025-01-19
Banane,0.28,101,2025-01-15
Gurke,0.75,131,2025-01-16
Tomate,0.72,192,2025-01-16
Orange,0.63,84,2025-01-20
Apfel,0.49,101,2025-01-20
Zitrone,0.59,183,2025-01-15
Banane,0.32,190,2025-01-21
Banane,0.33,53,2025-02-02
Banane,0.29,182,2025-02-02
Gurke,0.75,153,2025-01-12
Apfel,0.54,138,2025-02-11
Banane,0.31,115,2025-01-17
Tomate,0.66,77,2025-01-22
Paprika,0.99,167,2025-02-11
Apfel,0.48,175,2025-02-11
Orange,0.71,93,2025-02-08
Karotte,0.4,107,2025-02-06
Paprika,0.97,156,2025-01-30
Orange,0.66,175,2025-01-14
Zitrone,0.55,118,2025-02-11
Tomate,0.73,68,2025-01-18
Gurke,0.77,101,2025-01-13
Apfel,0.55,80,2025-02-05
Tomate,0.76,89,2025-01-14
Apfel,0.5,142,2025-01-20
Orange,0.6,86,2025-02-06
Paprika,1.05,60,2025-01-31
Zitrone,0.55,183,2025-02-11
Karotte,0.38,180,2025-01-12
Banane,0.3,70,2025-01-23
Zitrone,0.55,90,2025-01-22
Zitrone,0.6,162,2025-02-02
Karotte,0.4,161,2025-02-04
Banane,0.31,81,2025-01-19
Zitrone,0.61,171,2025-02-03
Apfel,0.53,196,2025-02-01
Karotte,0.39,157,2025-01-13
Zitrone,0.65,122,2025-01-19
Tomate,0.67,65,2025-01-20
Karotte,0.39,94,2025-01-30
Karotte,0.41,79,2025-01-15
Tomate,0.69,174,2025-01-12
Karotte,0.43,166,2025-01-24
Banane,0.29,91,2025-02-01
Apfel,0.5,187,2025-01-31
Zitrone,0.59,84,2025-01-24
Banane,0.27,152,2025-01-12
Apfel,0.47,162,2025-01-20
Banane,0.33,128,2025-01-21
Tomate,0.72,85,2025-01-20
Banane,0.29,97,2025-01-16
Apfel,0.55,74,2025-02-04
Zitrone,0.61,61,2025-02-11
Orange,0.62,67,2025-01-28
Apfel,0.53,200,2025-01-23
Zitrone,0.55,83,2025-01-28
Tomate,0.67,107,2025-02-08
Orange,0.63,94,2025-02-06
Karotte,0.44,179,2025-01-29
Karotte,0.42,178,2025-02-04
Orange,0.7,153,2025-02-02
Apfel,0.52,187,2025-01-14
Gurke,0.8,165,2025-02-02
Tomate,0.71,72,2025-01-18
Tomate,0.73,193,2025-02-06
Gurke,0.76,95,2025-01-29
Orange,0.63,143,2025-02-07
Paprika,1.05,108,2025-01-30
Banane,0.27,56,2025-01-18
Gurke,0.87,184,2025-02-06
Gurke,0.83,129,2025-01-25
Gurke,0.83,100,2025-02-08
Orange,0.66,53,2025-01-22
Orange,0.63,57,2025-01-20
Orange,0.65,92,2025-02-02
Gurke,0.81,140,2025-01-20
Banane,0.31,152,2025-02-01
Karotte,0.42,139,2025-01-13
Karotte,0.42,147,2025-01-23
Gurke,0.75,128,2025-01-12
Zitrone,0.61,99,2025-01-30
Apfel,0.46,99,2025-01-21
Orange,0.71,105,2025-01-29
Apfel,0.48,159,2025-01-21
Zitrone,0.6,157,2025-02-03
Tomate,0.76,76,2025-02-07
Tomate,0.7,71,2025-01-25
Paprika,1.06,167,2025-02-02
Karotte,0.38,171,2025-01-22
Paprika,0.92,185,2025-01-28
Karotte,0.38,199,2025-01-28
Paprika,0.92,139,2025-01-31
Zitrone,0.55,167,2025-02-01
Banane,0.28,87,2025-02-08
Apfel,0.5,137,2025-02-05
Paprika,1.0,161,2025-01-24
Banane,0.28,130,2025-01-17
Gurke,0.77,101,2025-01-29
Tomate,0.74,166,2025-02-03
Paprika,1.07,133,2025-02-06
Karotte,0.4,70,2025-01-15
Karotte,0.43,187,2025-02-08
Gurke,0.78,86,2025-01-30
Zitrone,0.55,150,2025-02-03
Orange,0.61,122,2025-02-06
Zitrone,0.61,55,2025-01-13
Paprika,1.05,63,2025-01-26
Apfel,0.52,90,2025-01-15
Zitrone,0.62,193,2025-01-28
Karotte,0.42,179,2025-01-16
Gurke,0.75,148,2025-01-21
Orange,0.67,106,2025-01-12
Apfel,0.54,181,2025-02-07
Karotte,0.39,52,2025-01-14
Banane,0.3,172,2025-01-17
Orange,0.69,151,2025-02-11
Zitrone,0.59,120,2025-01-13
Paprika,1.0,192,2025-01-30
Gurke,0.79,142,2025-01-19
Paprika,0.99,86,2025-01-28
Karotte,0.43,98,2025-02-08
Banane,0.28,174,2025-02-11
Apfel,0.49,176,2025-01-17
Paprika,0.96,100,2025-01-18
Zitrone,0.64,147,2025-01-23
Gurke,0.87,116,2025-01-16
Paprika,0.99,167,2025-02-11
Gurke,0.88,182,2025-01-12
Zitrone,0.56,76,2025-01-24
Karotte,0.4,165,2025-01-18
Karotte,0.43,64,2025-01-29
Paprika,0.98,146,2025-02-01
Tomate,0.72,123,2025-01-14
Paprika,0.93,56,2025-02-06
Orange,0.66,165,2025-01-31
Gurke,0.78,168,2025-02-06
Karotte,0.38,187,2025-01-28
Gurke,0.86,82,2025-02-04
Banane,0.3,78,2025-01-13
Paprika,1.0,158,2025-01-26
Karotte,0.37,184,2025-01-16
Orange,0.65,156,2025-01-27
Gurke,0.76,176,2025-02-10
Banane,0.31,114,2025-02-02
Orange,0.59,60,2025-01-12
Tomate,0.71,174,2025-02-11
Paprika,0.97,198,2025-01-15
Tomate,0.64,90,2025-01-28
Apfel,0.5,120,2025-01-27
Orange,0.6,121,2025-01-24
Banane,0.27,76,2025-01-26
Zitrone,0.54,136,2025-02-07
Zitrone,0.62,60,2025-02-04
Zitrone,0.6,175,2025-01-29
Tomate,0.74,186,2025-01-22
Tomate,0.67,70,2025-01-12
Paprika,0.9,198,2025-02-09
Banane,0.28,70,2025-02-05
Karotte,0.38,164,2025-01-27
Orange,0.7,159,2025-01-17
Banane,0.33,98,2025-01-16
Apfel,0.48,98,2025-02-07
Apfel,0.5,94,2025-01-17
Apfel,0.46,72,2025-01-12
Zitrone,0.6,102,2025-02-02
Tomate,0.77,118,2025-01-24
Gurke,0.75,132,2025-01-14
Orange,0.59,88,2025-02-11
Orange,0.71,143,2025-02-09
Paprika,1.0,165,2025-02-07
Apfel,0.47,173,2025-02-05
Gurke,0.73,96,2025-01-24
Paprika,1.02,59,2025-02-11
Banane,0.32,70,2025-02-01
Tomate,0.77,55,2025-01-21
Orange,0.64,193,2025-02-10
Tomate,0.65,174,2025-01-19
Apfel,0.54,102,2025-01-27
Gurke,0.82,139,2025-02-08
Apfel,0.45,118,2025-01-24
Karotte,0.39,143,2025-01-14
Apfel,0.51,70,2025-01-13
Tomate,0.68,190,2025-01-18
Tomate,0.67,53,2025-01-27
Zitrone,0.65,89,2025-01-18
Apfel,0.5,81,2025-01-31
Paprika,0.97,138,2025-01-25
Tomate,0.76,156,2025-02-10
Banane,0.27,127,2025-02-05
Zitrone,0.58,133,2025-01-16
Paprika,0.99,149,2025-01-24
Karotte,0.43,126,2025-02-02
Apfel,0.46,145,2025-01-25
Karotte,0.42,134,2025-01-27
Zitrone,0.63,114,2025-01-15
Banane,0.31,172,2025-01-12
Zitrone,0.57,130,2025-01-15
Orange,0.67,79,2025-02-11
Zitrone,0.57,66,2025-02-08
Banane,0.33,129,2025-01-30
Banane,0.3,79,2025-01-30
Paprika,1.0,120,2025-02-03
Gurke,0.79,165,2025-02-01
Gurke,0.82,66,2025-01-18
Zitrone,0.64,122,2025-01-12
Karotte,0.43,162,2025-02-08
Karotte,0.38,89,2025-01-21
Apfel,0.54,69,2025-01-25
Apfel,0.52,184,2025-02-09
Banane,0.32,173,2025-01-22
Gurke,0.84,181,2025-02-02
Orange,0.7,52,2025-02-08
Gurke,0.84,158,2025-01-22
Gurke,0.75,97,2025-01-21
Orange,0.65,159,2025-01-20
Gurke,0.75,78,2025-01-19
Zitrone,0.62,74,2025-01-21
Banane,0.28,149,2025-01-26
Karotte,0.41,62,2025-01-14
Orange,0.7,93,2025-01-20
Zitrone,0.59,75,2025-02-10
Apfel,0.52,71,2025-01-15
Orange,0.66,80,2025-01-25
Orange,0.7,196,2025-01-31
Gurke,0.84,108,2025-01-16
Gurke,0.76,93,2025-01-20
Zitrone,0.57,200,2025-02-01
Karotte,0.42,99,2025-02-09
Orange,0.69,165,2025-02-04
Orange,0.65,89,2025-01-30
Zitrone,0.63,63,2025-01-28
Gurke,0.84,124,2025-02-04
Apfel,0.51,91,2025-01-15
Zitrone,0.56,153,2025-01-18
Zitrone,0.54,141,2025-01-24
Apfel,0.52,179,2025-01-24
Gurke,0.76,192,2025-02-01
Orange,0.66,149,2025-01-31
Gurke,0.77,194,2025-02-08
Zitrone,0.56,190,2025-01-30
Orange,0.67,75,2025-02-07
Tomate,0.7,52,2025-01-31
Apfel,0.46,70,2025-01-31
Zitrone,0.56,98,2025-01-22
Apfel,0.52,190,2025-01-26
Orange,0.62,165,2025-01-23
Zitrone,0.58,75,2025-01-20
Banane,0.32,106,2025-01-20
Apfel,0.49,70,2025-01-31
Gurke,0.8,127,2025-01-25
Karotte,0.41,192,2025-02-05
Gurke,0.86,186,2025-01-15
Paprika,1.08,74,2025-01-29
Zitrone,0.65,126,2025-02-05
Paprika,1.09,127,2025-01-21
Orange,0.63,84,2025-01-27
Karotte,0.43,129,2025-02-06
Gurke,0.8,72,2025-02-04
Banane,0.31,58,2025-01-25
Gurke,0.77,112,2025-01-13
Tomate,0.63,151,2025-01-25
Orange,0.67,167,2025-01-23
Apfel,0.53,93,2025-02-02
Orange,0.71,161,2025-01-13
Paprika,0.99,148,2025-02-07
Paprika,0.93,68,2025-02-04
Apfel,0.46,50,2025-02-04
Karotte,0.37,63,2025-02-09
Gurke,0.78,104,2025-01-31
Tomate,0.75,104,2025-02-05
Karotte,0.4,112,2025-01-22
Tomate,0.66,151,2025-02-02
Apfel,0.52,195,2025-01-12
Zitrone,0.59,71,2025-01-27
Tomate,0.75,79,2025-01-31
Paprika,1.09,187,2025-02-02
Paprika,1.02,184,2025-01-29
Apfel,0.52,177,2025-02-01
Gurke,0.81,168,2025-01-18
Orange,0.61,180,2025-02-01
Tomate,0.67,153,2025-01-14
Karotte,0.37,158,2025-01-29
Paprika,1.09,149,2025-01-16
Gurke,0.84,192,2025-02-10
Apfel,0.54,200,2025-01-16
Paprika,1.03,100,2025-02-09
Gurke,0.79,102,2025-02-08
Paprika,0.97,165,2025-01-26
Karotte,0.4,196,2025-01-22
Karotte,0.36,64,2025-02-02
Zitrone,0.6,131,2025-01-24
Gurke,0.77,98,2025-02-04
Zitrone,0.56,151,2025-01-15
Paprika,1.06,120,2025-01-25
Karotte,0.44,156,2025-01-31
Gurke,0.8,59,2025-02-10
Zitrone,0.56,85,2025-02-09
Banane,0.27,124,2025-01-28
Zitrone,0.54,92,2025-01-17
Karotte,0.4,95,2025-01-24
Banane,0.28,60,2025-01-15
Banane,0.31,115,2025-01-25
Orange,0.67,123,2025-02-02
Gurke,0.73,172,2025-01-19
Zitrone,0.66,187,2025-02-09
Banane,0.32,194,2025-02-07
Paprika,1.01,69,2025-01-27
Gurke,0.78,51,2025-01-16
Karotte,0.42,182,2025-02-01
Apfel,0.54,196,2025-01-28
Orange,0.62,116,2025-02-10
Paprika,1.09,107,2025-01-23
Banane,0.27,152,2025-02-01
Karotte,0.4,114,2025-01-20
Banane,0.31,50,2025-02-09
Banane,0.31,178,2025-01-21
Apfel,0.52,191,2025-01-30
Gurke,0.77,106,2025-01-20
Gurke,0.74,141,2025-01-22
Tomate,0.66,128,2025-01-14
Paprika,1.08,62,2025-01-26
Tomate,0.66,143,2025-01-28
Paprika,1.03,161,2025-01-22
Tomate,0.63,58,2025-01-12
Apfel,0.45,158,2025-01-31
Gurke,0.79,127,2025-02-07
Apfel,0.49,102,2025-01-29
Apfel,0.49,150,2025-01-15
Banane,0.29,155,2025-01-29
Apfel,0.55,98,2025-01-23
Tomate,0.73,174,2025-01-30
Apfel,0.51,61,2025-01-12
Banane,0.28,181,2025-01-25
Banane,0.32,141,2025-01-20
Gurke,0.8,81,2025-02-11
Karotte,0.41,132,2025-02-07
Orange,0.67,110,2025-01-24
Banane,0.29,196,2025-02-05
Gurke,0.86,196,2025-01-26
Gurke,0.88,190,2025-01-16
Paprika,1.02,173,2025-02-03
Tomate,0.75,196,2025-01-31
Gurke,0.87,112,2025-01-27
Karotte,0.43,115,2025-01-13
Gurke,0.8,157,2025-01-30
Banane,0.33,50,2025-01-23
Apfel,0.52,157,2025-02-11
Paprika,0.98,168,2025-02-01
Gurke,0.72,194,2025-01-15
Paprika,1.06,192,2025-02-11
Paprika,1.09,120,2025-01-16
Orange,0.7,183,2025-01-31
Orange,0.68,111,2025-01-16
Paprika,1.09,71,2025-01-15
Zitrone,0.63,145,2025-02-05
Banane,0.28,145,2025-01-22
Apfel,0.52,78,2025-02-10
Apfel,0.5,93,2025-01-25
Banane,0.31,200,2025-02-02
Apfel,0.46,134,2025-01-17
Zitrone,0.54,181,2025-01-14
Gurke,0.73,74,2025-02-09
Orange,0.65,62,2025-01-22
Gurke,0.8,72,2025-02-05
Orange,0.64,92,2025-01-12
Apfel,0.51,158,2025-01-18
Banane,0.29,81,2025-01-31
Banane,0.31,124,2025-02-03
Tomate,0.68,80,2025-01-25
Banane,0.31,75,2025-01-28
Orange,0.65,109,2025-02-09
Orange,0.68,51,2025-01-22
Zitrone,0.55,78,2025-02-05
Apfel,0.52,85,2025-01-19
Tomate,0.74,118,2025-01-24
Karotte,0.39,81,2025-01-19
Banane,0.33,59,2025-02-04
Apfel,0.51,142,2025-01-22
Orange,0.67,165,2025-01-16
Gurke,0.8,124,2025-01-20
Karotte,0.42,129,2025-01-30
Karotte,0.41,75,2025-02-01
Zitrone,0.63,191,2025-02-07
Tomate,0.63,109,2025-01-18
Zitrone,0.65,171,2025-02-01
Gurke,0.73,143,2025-01-21
Orange,0.67,158,2025-01-28
Orange,0.61,167,2025-02-02
Gurke,0.74,84,2025-01-23
Karotte,0.37,153,2025-01-26
Zitrone,0.55,185,2025-02-10
Gurke,0.86,114,2025-01-12
Gurke,0.79,198,2025-02-08
Gurke,0.86,150,2025-01-26
Banane,0.28,100,2025-01-18
Tomate,0.67,90,2025-01-23
Tomate,0.68,126,2025-02-02
Tomate,0.71,180,2025-02-05
Zitrone,0.57,167,2025-01-23
Orange,0.69,164,2025-01-30
Paprika,1.09,142,2025-01-16
Apfel,0.47,170,2025-01-29
Paprika,0.94,100,2025-01-30
Banane,0.32,189,2025-01-16
Orange,0.68,108,2025-01-13
Zitrone,0.63,189,2025-02-03
Gurke,0.73,106,2025-01-23
Gurke,0.72,148,2025-02-11
Banane,0.31,50,2025-02-09
Gurke,0.77,88,2025-01-18
Karotte,0.41,109,2025-01-30
Banane,0.28,108,2025-01-19
Banane,0.3,106,2025-01-15
Zitrone,0.58,131,2025-02-07
Orange,0.66,178,2025-01-18
Paprika,1.03,100,2025-01-24
Apfel,0.51,57,2025-01-24
Gurke,0.86,82,2025-02-08
Banane,0.33,103,2025-02-11
Zitrone,0.55,78,2025-02-11
Zitrone,0.66,82,2025-01-13
Apfel,0.5,181,2025-01-17
Apfel,0.52,113,2025-02-03
Apfel,0.52,100,2025-01-16
Gurke,0.8,122,2025-01-21
Banane,0.3,91,2025-01-27
Orange,0.62,189,2025-01-23
Karotte,0.37,93,2025-01-26
Orange,0.62,169,2025-01-22
Karotte,0.41,159,2025-02-02
Zitrone,0.59,144,2025-01-13
Orange,0.64,59,2025-02-09
Apfel,0.54,179,2025-02-01
Tomate,0.73,168,2025-01-16
Apfel,0.46,146,2025-01-23
Tomate,0.76,74,2025-02-09
Zitrone,0.55,70,2025-02-03
Orange,0.7,155,2025-01-26
Karotte,0.41,176,2025-01-17
Gurke,0.87,146,2025-01-16
Banane,0.28,115,2025-02-10
Zitrone,0.58,113,2025-01-25
Apfel,0.53,100,2025-02-10
Karotte,0.37,142,2025-02-07
Orange,0.65,136,2025-02-09
Banane,0.32,72,2025-01-23
Karotte,0.37,114,2025-01-24
Paprika,0.99,65,2025-02-11
Orange,0.6,111,2025-02-11
Orange,0.68,180,2025-01-24
Zitrone,0.62,163,2025-01-28
Apfel,0.48,150,2025-01-27
Tomate,0.76,132,2025-02-03
Paprika,1.04,187,2025-01-26
Gurke,0.72,57,2025-02-07
Paprika,1.05,175,2025-02-08
Orange,0.65,175,2025-01-16
Zitrone,0.56,86,2025-01-15
Karotte,0.4,127,2025-01-29
Tomate,0.73,118,2025-02-03
Apfel,0.53,153,2025-01-20
Gurke,0.82,136,2025-01-19
Zitrone,0.62,160,2025-01-21
Apfel,0.47,185,2025-01-27
Orange,0.6,170,2025-02-04
Gurke,0.76,107,2025-01-23
Zitrone,0.6,154,2025-01-19
Tomate,0.75,76,2025-02-05
Zitrone,0.6,89,2025-02-04
Gurke,0.83,183,2025-01-27
Banane,0.32,68,2025-02-08
Tomate,0.66,87,2025-01-23
Karotte,0.4,90,2025-01-28
Gurke,0.77,158,2025-01-12
Karotte,0.44,73,2025-01-27
Gurke,0.88,144,2025-01-18
Tomate,0.69,181,2025-01-15
Apfel,0.47,55,2025-02-10
Banane,0.3,186,2025-01-26
Apfel,0.51,70,2025-02-04
Zitrone,0.61,53,2025-01-14
Banane,0.33,91,2025-01-13
Banane,0.28,165,2025-01-22
Karotte,0.39,64,2025-01-21
Karotte,0.43,87,2025-01-30
Orange,0.7,173,2025-01-19
Banane,0.32,134,2025-02-09
Orange,0.65,172,2025-02-02
Karotte,0.43,129,2025-01-27
Paprika,1.05,90,2025-01-16
Banane,0.28,102,2025-01-12
Zitrone,0.57,154,2025-01-18
Karotte,0.41,52,2025-01-31
Karotte,0.42,65,2025-02-05
Orange,0.62,195,2025-02-05
Paprika,0.93,54,2025-01-26
Tomate,0.68,69,2025-02-05
Karotte,0.4,88,2025-01-12
Tomate,0.69,153,2025-02-08
Apfel,0.53,156,2025-01-17
Karotte,0.41,142,2025-01-31
Tomate,0.67,171,2025-01-12
Tomate,0.74,103,2025-01-23
Paprika,0.97,117,2025-02-02
Zitrone,0.61,131,2025-02-09
Orange,0.62,57,2025-01-18
Paprika,0.94,111,2025-01-31
Apfel,0.5,149,2025-01-17
Apfel,0.5,199,2025-02-06
Tomate,0.73,98,2025-02-05
Banane,0.3,193,2025-01-21
Zitrone,0.61,145,2025-01-15
Apfel,0.53,128,2025-02-06
Zitrone,0.55,84,2025-02-11
Karotte,0.44,90,2025-01-19
Tomate,0.67,128,2025-01-13
Banane,0.31,185,2025-01-18
Paprika,0.94,142,2025-01-16
Orange,0.67,200,2025-01-25
Tomate,0.71,120,2025-02-10
Banane,0.31,130,2025-01-26
Karotte,0.37,103,2025-01-12
Apfel,0.48,86,2025-02-01
Zitrone,0.56,57,2025-01-12
Paprika,1.04,56,2025-01-13
Orange,0.64,67,2025-02-07
Karotte,0.41,197,2025-01-20
Apfel,0.47,127,2025-01-22
Orange,0.68,146,2025-01-18
Karotte,0.4,130,2025-01-28
Karotte,0.38,86,2025-01-25
Banane,0.28,186,2025-01-18
Gurke,0.78,55,2025-01-16
Banane,0.32,186,2025-01-19
Apfel,0.47,67,2025-01-31
Karotte,0.42,104,2025-01-27
Gurke,0.78,138,2025-02-05
Apfel,0.48,165,2025-01-24
Zitrone,0.57,145,2025-01-25
Apfel,0.51,123,2025-01-19
Karotte,0.37,162,2025-01-22
Karotte,0.44,180,2025-01-30
Banane,0.32,53,2025-01-27
Apfel,0.49,66,2025-01-30
Orange,0.65,191,2025-02-07
Karotte,0.43,158,2025-01-30
Apfel,0.46,111,2025-02-08
Paprika,0.91,79,2025-02-09
Paprika,1.01,165,2025-01-26
Banane,0.3,118,2025-02-03
Orange,0.69,133,2025-01-30
Karotte,0.42,198,2025-01-15
Orange,0.67,102,2025-01-12
Paprika,0.91,93,2025-01-19
Gurke,0.74,183,2025-01-29
Apfel,0.52,167,2025-02-07
Banane,0.29,112,2025-01-24
Gurke,0.85,198,2025-01-17
Apfel,0.53,113,2025-02-08
Zitrone,0.56,107,2025-01-12
Zitrone,0.59,105,2025-01-22
Tomate,0.72,170,2025-01-19
Gurke,0.86,173,2025-01-24
Paprika,0.91,84,2025-01-18
Paprika,1.04,64,2025-01-24
Orange,0.61,179,2025-01-12
Apfel,0.52,79,2025-01-19
Orange,0.62,84,2025-02-05
Paprika,1.04,120,2025-01-15
Karotte,0.39,93,2025-01-29
Zitrone,0.62,156,2025-01-31
Paprika,1.06,54,2025-02-04
Gurke,0.78,143,2025-01-25
Karotte,0.43,59,2025-02-06
Karotte,0.42,127,2025-02-08
Paprika,1.06,72,2025-01-27
Tomate,0.75,109,2025-01-14
Zitrone,0.57,101,2025-01-25
Karotte,0.4,174,2025-02-11
Apfel,0.54,55,2025-02-04
Tomate,0.77,101,2025-01-29
Orange,0.66,62,2025-02-04
Zitrone,0.63,126,2025-01-19
Banane,0.28,51,2025-02-02
Orange,0.68,73,2025-01-13
Paprika,0.91,126,2025-01-13
Karotte,0.39,166,2025-01-29
Banane,0.28,95,2025-02-04
Orange,0.69,70,2025-01-25
Paprika,1.06,107,2025-01-17
Paprika,1.09,122,2025-01-13
Tomate,0.65,76,2025-01-26
Banane,0.32,174,2025-01-21
Paprika,1.02,143,2025-01-14
Orange,0.67,143,2025-01-31
Gurke,0.8,147,2025-01-31
Apfel,0.46,126,2025-01-22
Banane,0.31,185,2025-01-24
Zitrone,0.64,111,2025-01-25
Paprika,0.9,136,2025-01-27
Gurke,0.82,63,2025-02-08
Karotte,0.44,185,2025-01-21
Gurke,0.78,66,2025-01-17
Banane,0.32,162,2025-01-31
Banane,0.31,57,2025-01-15
Zitrone,0.64,177,2025-01-27
Paprika,1.0,85,2025-01-13
Apfel,0.47,66,2025-02-03
Gurke,0.77,104,2025-01-25
Zitrone,0.56,56,2025-01-22
Banane,0.3,118,2025-01-23
Orange,0.66,160,2025-02-02
Zitrone,0.6,80,2025-01-20
Karotte,0.43,113,2025-01-17
Zitrone,0.62,168,2025-01-25
Banane,0.27,141,2025-02-10
Zitrone,0.61,52,2025-02-04
Banane,0.31,175,2025-01-29
Gurke,0.82,146,2025-01-31
Orange,0.63,159,2025-02-10
Karotte,0.43,178,2025-02-05
Apfel,0.49,196,2025-02-08
Orange,0.64,109,2025-02-01
Zitrone,0.54,80,2025-02-08
Orange,0.7,97,2025-01-27
Zitrone,0.59,118,2025-01-20
Orange,0.6,135,2025-01-12
Orange,0.7,190,2025-01-13
Karotte,0.38,178,2025-01-29
Orange,0.59,171,2025-02-02
Paprika,1.05,89,2025-02-03
Zitrone,0.58,60,2025-02-05
Banane,0.27,112,2025-02-02
Orange,0.67,50,2025-02-02
Orange,0.6,137,2025-02-05
Tomate,0.74,196,2025-02-03
Zitrone,0.63,192,2025-01-13
Banane,0.3,116,2025-01-23
Orange,0.7,86,2025-01-20
Zitrone,0.58,103,2025-01-27
Apfel,0.48,125,2025-01-26
Apfel,0.52,137,2025-02-01
Paprika,0.94,199,2025-01-13
Paprika,0.94,69,2025-01-29
Gurke,0.76,163,2025-01-21
Karotte,0.38,109,2025-01-22
Gurke,0.77,63,2025-01-17
Tomate,0.64,131,2025-01-18
Banane,0.3,95,2025-01-30
Orange,0.69,195,2025-01-15
Karotte,0.44,134,2025-01-28
Tomate,0.64,102,2025-01-14
Banane,0.28,65,2025-01-27
Paprika,0.93,197,2025-02-10
Karotte,0.4,91,2025-01-22
Paprika,1.05,173,2025-01-19
Apfel,0.55,105,2025-02-06
Orange,0.6,124,2025-01-21
Karotte,0.38,65,2025-01-19
Tomate,0.7,89,2025-01-27
Apfel,0.53,117,2025-01-13
Orange,0.67,99,2025-01-20
Paprika,0.9,107,2025-01-20
Zitrone,0.61,154,2025-01-22
Zitrone,0.56,166,2025-01-28
Apfel,0.47,186,2025-01-23
Orange,0.63,88,2025-01-14
Banane,0.28,149,2025-01-24
Karotte,0.39,121,2025-02-11
Gurke,0.74,60,2025-02-06
Tomate,0.64,92,2025-02-04
Banane,0.3,59,2025-02-10
Apfel,0.47,153,2025-01-15
Karotte,0.39,100,2025-02-11
Apfel,0.5,178,2025-01-20
Zitrone,0.55,196,2025-01-29
Zitrone,0.6,52,2025-01-26
Orange,0.68,175,2025-01-23
Banane,0.32,200,2025-02-10
Gurke,0.82,84,2025-01-30
Orange,0.65,161,2025-01-23
Orange,0.59,82,2025-01-20
Tomate,0.64,127,2025-01-15
Apfel,0.47,175,2025-01-13
Paprika,1.02,60,2025-01-24
Banane,0.31,117,2025-01-20
Orange,0.69,191,2025-01-13
Apfel,0.46,79,2025-02-10
Karotte,0.43,131,2025-02-03
Zitrone,0.55,61,2025-01-31
Gurke,0.79,188,2025-01-19
Orange,0.64,172,2025-02-09
Orange,0.62,157,2025-01-19
Apfel,0.48,71,2025-01-28
Karotte,0.43,52,2025-02-01
Apfel,0.49,164,2025-02-04
Zitrone,0.55,178,2025-01-16
Gurke,0.87,66,2025-02-11
Zitrone,0.62,162,2025-01-14
Tomate,0.73,73,2025-01-20
Tomate,0.75,172,2025-01-17
Orange,0.7,160,2025-01-24
Gurke,0.88,141,2025-01-24
Banane,0.31,116,2025-01-29
Banane,0.31,169,2025-02-05
Apfel,0.53,118,2025-01-29
Paprika,0.93,186,2025-01-15
Tomate,0.74,186,2025-02-02
Tomate,0.65,158,2025-01-17
Tomate,0.73,176,2025-01-28
Banane,0.31,93,2025-01-13
Gurke,0.75,170,2025-01-16
Tomate,0.71,160,2025-01-26
Orange,0.63,57,2025-01-21
Zitrone,0.64,110,2025-01-25
Paprika,0.99,63,2025-02-10
Gurke,0.79,200,2025-01-24
Orange,0.67,124,2025-02-01
Paprika,0.98,185,2025-02-03
Apfel,0.47,78,2025-01-31
Apfel,0.46,173,2025-01-30
Gurke,0.85,159,2025-01-17
Karotte,0.43,186,2025-02-09
Tomate,0.7,54,2025-02-08
Orange,0.66,139,2025-01-14
Apfel,0.52,141,2025-02-03
Banane,0.27,199,2025-01-14
Orange,0.59,187,2025-02-04
Gurke,0.77,134,2025-01-22
Paprika,1.0,91,2025-01-17
Apfel,0.55,120,2025-01-27
Zitrone,0.58,187,2025-02-02
Orange,0.6,83,2025-02-10
Karotte,0.37,128,2025-01-27
Apfel,0.51,54,2025-01-14
Apfel,0.51,167,2025-01-22
Apfel,0.45,55,2025-01-22
Banane,0.31,162,2025-02-05
Banane,0.3,157,2025-01-25
Banane,0.27,173,2025-02-06
Paprika,1.04,100,2025-01-23
Banane,0.29,124,2025-01-16
Tomate,0.73,155,2025-01-26
Paprika,1.03,108,2025-01-23
Banane,0.29,137,2025-01-13
Apfel,0.55,193,2025-02-11
Zitrone,0.66,121,2025-01-15
Banane,0.33,84,2025-02-08
Banane,0.3,98,2025-02-11
Apfel,0.52,168,2025-01-14
Gurke,0.82,175,2025-02-01
Paprika,1.08,160,2025-02-03
Gurke,0.79,55,2025-02-04
Gurke,0.82,97,2025-01-14
Orange,0.62,161,2025-01-21
Apfel,0.48,171,2025-02-05
Apfel,0.5,104,2025-02-08
Karotte,0.36,199,2025-01-13
Apfel,0.48,184,2025-01-23
Apfel,0.5,84,2025-02-05
Banane,0.29,151,2025-02-11
Gurke,0.72,124,2025-02-09
Orange,0.67,147,2025-01-31
Gurke,0.74,197,2025-01-24
Orange,0.71,140,2025-02-03
Karotte,0.44,167,2025-02-06
Paprika,1.08,196,2025-01-21
Tomate,0.73,200,2025-01-27
Apfel,0.52,146,2025-01-21
Banane,0.28,103,2025-01-29
Orange,0.67,84,2025-01-18
Karotte,0.37,149,2025-01-13
Apfel,0.46,138,2025-01-18
Karotte,0.37,75,2025-02-06
Zitrone,0.62,95,2025-01-28
Tomate,0.65,177,2025-01-16
Gurke,0.84,97,2025-01-14
Apfel,0.45,141,2025-01-16
Orange,0.69,133,2025-01-13
Banane,0.29,69,2025-02-11
Gurke,0.84,170,2025-02-01
Zitrone,0.59,162,2025-01-26
Tomate,0.72,79,2025-02-11
Apfel,0.51,118,2025-02-11
Gurke,0.74,145,2025-02-11
Karotte,0.38,59,2025-02-08
Tomate,0.64,62,2025-01-14
Gurke,0.86,84,2025-01-17
Gurke,0.82,102,2025-01-18
Apfel,0.45,95,2025-02-05
Paprika,0.94,162,2025-02-01
Karotte,0.42,111,2025-01-15
Banane,0.28,63,2025-02-04
Banane,0.27,68,2025-01-19
Paprika,1.01,81,2025-02-02
Orange,0.71,70,2025-02-11
Apfel,0.52,135,2025-01-13
Tomate,0.71,98,2025-01-29
Orange,0.67,60,2025-01-29
Paprika,1.05,124,2025-02-05
Paprika,0.93,87,2025-01-23
Gurke,0.83,170,2025-02-07
Banane,0.32,189,2025-01-17
Paprika,1.0,72,2025-02-06
Gurke,0.78,185,2025-01-21
Gurke,0.82,99,2025-01-30
Apfel,0.54,78,2025-01-13
Paprika,1.08,59,2025-01-28
Gurke,0.87,156,2025-01-27
Apfel,0.48,171,2025-01-16
Tomate,0.67,64,2025-02-03
Apfel,0.54,86,2025-01-13
Paprika,1.03,187,2025-01-27
Paprika,0.95,123,2025-01-15
Banane,0.27,151,2025-01-20
Orange,0.7,144,2025-02-08
Gurke,0.77,102,2025-01-25
Paprika,1.03,151,2025-01-12
Karotte,0.41,63,2025-01-26
Karotte,0.42,138,2025-01-31
Zitrone,0.55,149,2025-01-16
Karotte,0.38,61,2025-02-06
Zitrone,0.58,152,2025-01-20
Gurke,0.81,100,2025-01-13
Orange,0.67,171,2025-01-14
Gurke,0.75,103,2025-01-24
Banane,0.27,115,2025-01-24
Gurke,0.8,129,2025-01-17
Zitrone,0.54,63,2025-01-16
Orange,0.7,91,2025-02-09
Karotte,0.36,191,2025-02-07
Tomate,0.71,107,2025-01-24
Apfel,0.51,160,2025-02-02
Orange,0.61,88,2025-01-18
Orange,0.61,88,2025-02-10
Gurke,0.76,104,2025-02-07
Paprika,0.98,151,2025-02-02
Tomate,0.73,111,2025-01-28
Orange,0.62,142,2025-02-04
Zitrone,0.63,127,2025-02-07
Gurke,0.75,106,2025-02-05
Orange,0.69,84,2025-02-04
Banane,0.32,114,2025-01-25
Banane,0.28,76,2025-01-20
Orange,0.69,190,2025-01-15
Apfel,0.52,125,2025-01-15
Tomate,0.77,60,2025-01-19
Banane,0.29,59,2025-01-25
Paprika,0.9,77,2025-01-29
Paprika,1.02,175,2025-01-29
Tomate,0.76,97,2025-02-06
Karotte,0.43,193,2025-01-28
Apfel,0.49,129,2025-02-08
Zitrone,0.58,162,2025-01-16
Paprika,1.09,134,2025-02-09
Orange,0.67,107,2025-02-05
Gurke,0.82,101,2025-01-31
Gurke,0.75,146,2025-01-24
Apfel,0.51,90,2025-01-14
Tomate,0.66,165,2025-01-24
Paprika,0.93,129,2025-01-29
Gurke,0.75,54,2025-01-30
Gurke,0.76,114,2025-02-04
Karotte,0.41,104,2025-02-02
Tomate,0.71,78,2025-01-25
Tomate,0.76,73,2025-01-22
Tomate,0.74,137,2025-02-01
Karotte,0.43,166,2025-02-05
Orange,0.61,114,2025-02-04
Gurke,0.78,197,2025-02-05
Tomate,0.66,175,2025-02-06
Banane,0.27,134,2025-01-25
Orange,0.69,167,2025-02-02
Paprika,1.06,66,2025-02-06
Apfel,0.48,121,2025-01-23
Zitrone,0.55,111,2025-01-13
Orange,0.7,77,2025-01-24
Gurke,0.85,58,2025-02-07
Tomate,0.7,101,2025-01-25
Orange,0.71,68,2025-01-13
Banane,0.3,52,2025-02-05
Zitrone,0.57,98,2025-01-26
Tomate,0.67,152,2025-01-17
Paprika,0.95,194,2025-01-26
Karotte,0.44,93,2025-01-28
Orange,0.65,107,2025-01-26
Orange,0.6,156,2025-02-08
Tomate,0.73,172,2025-01-25
Apfel,0.53,138,2025-01-16
Apfel,0.54,161,2025-01-14
Tomate,0.64,97,2025-01-12
Apfel,0.48,79,2025-01-21
Tomate,0.67,172,2025-01-28
Tomate,0.63,176,2025-02-07
Banane,0.29,118,2025-01-31
Apfel,0.55,124,2025-01-30
Karotte,0.41,79,2025-01-28
Paprika,1.01,65,2025-02-02
Zitrone,0.64,64,2025-01-21
Tomate,0.65,70,2025-01-21
Apfel,0.53,196,2025-02-08
Orange,0.67,196,2025-01-15
Gurke,0.87,94,2025-02-05
Gurke,0.85,61,2025-01-24
Orange,0.67,100,2025-01-25
Zitrone,0.57,194,2025-02-05
Gurke,0.85,151,2025-01-14
Zitrone,0.55,136,2025-01-28
Zitrone,0.57,86,2025-01-13
Orange,0.7,108,2025-02-10
Zitrone,0.63,106,2025-02-09
Gurke,0.79,116,2025-02-03
Orange,0.61,81,2025-01-19
Banane,0.27,93,2025-01-18
Karotte,0.4,106,2025-01-26
Paprika,1.02,169,2025-01-31
Banane,0.29,88,2025-01-16
Gurke,0.8,117,2025-01-17
Karotte,0.37,159,2025-01-26
Paprika,0.92,114,2025-01-15
Paprika,1.07,117,2025-01-28
Orange,0.69,142,2025-01-18
Karotte,0.4,196,2025-01-24
Paprika,0.97,171,2025-01-16
Zitrone,0.6,112,2025-01-19
Banane,0.28,149,2025-01-26
Tomate,0.76,121,2025-01-23
Zitrone,0.65,176,2025-01-26
Zitrone,0.59,131,2025-02-11
Paprika,0.93,93,2025-01-27
Zitrone,0.6,197,2025-01-14
Orange,0.66,86,2025-02-01
Tomate,0.75,111,2025-02-07
Zitrone,0.54,162,2025-01-17
Gurke,0.86,92,2025-01-28
Apfel,0.48,160,2025-01-23
Banane,0.3,64,2025-01-20
Banane,0.31,132,2025-01-21
Banane,0.33,73,2025-01-18
Karotte,0.39,148,2025-01-27
Karotte,0.39,177,2025-02-02
Banane,0.27,142,2025-01-15
Zitrone,0.57,155,2025-01-18
Zitrone,0.55,73,2025-01-13
Apfel,0.48,63,2025-01-17
Zitrone,0.6,138,2025-01-13
Gurke,0.76,105,2025-01-27
Zitrone,0.59,195,2025-02-02
Apfel,0.52,61,2025-01-20
Zitrone,0.64,162,2025-02-04
Paprika,0.95,119,2025-01-16
Tomate,0.75,59,2025-01-22
Zitrone,0.64,157,2025-01-31
Gurke,0.78,94,2025-01-30
Gurke,0.75,88,2025-02-06
Orange,0.64,200,2025-01-26
Karotte,0.39,166,2025-01-19
Gurke,0.85,149,2025-01-27
Zitrone,0.59,76,2025-02-10
Karotte,0.44,104,2025-02-01
Zitrone,0.65,183,2025-01-28
Banane,0.31,124,2025-02-11
Orange,0.6,198,2025-01-18
Zitrone,0.62,67,2025-02-09
Tomate,0.73,114,2025-02-05
Karotte,0.39,89,2025-01-28
Banane,0.27,124,2025-02-08
Gurke,0.84,61,2025-01-23
Paprika,0.94,199,2025-01-28
Banane,0.3,129,2025-02-06
Orange,0.68,75,2025-01-17
Zitrone,0.65,73,2025-02-05
Zitrone,0.59,129,2025-02-10
Tomate,0.7,177,2025-01-12
Gurke,0.85,50,2025-01-21
Apfel,0.49,107,2025-02-04
Apfel,0.5,64,2025-01-13
Zitrone,0.59,97,2025-01-28
Apfel,0.52,187,2025-01-12
Banane,0.31,154,2025-02-10
Karotte,0.39,150,2025-01-28
Orange,0.62,76,2025-01-16
Paprika,0.9,160,2025-01-21
Banane,0.28,98,2025-01-23
Apfel,0.53,182,2025-02-05
Karotte,0.36,122,2025-01-17
Gurke,0.73,109,2025-02-07
Orange,0.59,58,2025-01-24
Karotte,0.36,161,2025-02-03
Apfel,0.46,190,2025-01-22
Apfel,0.51,188,2025-01-28
Apfel,0.52,178,2025-01-26
Orange,0.69,106,2025-01-13
Tomate,0.73,70,2025-01-13
Banane,0.31,50,2025-01-15
Apfel,0.54,67,2025-01-21
Paprika,0.98,170,2025-01-16
Gurke,0.81,119,2025-02-11
Tomate,0.73,109,2025-01-27
Paprika,1.06,179,2025-02-05
Banane,0.31,168,2025-01-22
Apfel,0.46,109,2025-02-02
Karotte,0.38,168,2025-01-19
Gurke,0.78,62,2025-02-01
Orange,0.63,50,2025-01-26
Orange,0.61,79,2025-01-28
Tomate,0.68,156,2025-01-28
Zitrone,0.61,106,2025-02-09
Gurke,0.86,199,2025-01-17
Zitrone,0.64,78,2025-01-16
Banane,0.32,65,2025-02-10
Tomate,0.75,168,2025-01-22
Gurke,0.87,199,2025-01-22
Paprika,0.95,51,2025-02-11
Zitrone,0.64,130,2025-01-29
Paprika,0.93,65,2025-01-23
Apfel,0.54,139,2025-02-09
Gurke,0.74,67,2025-02-04
Karotte,0.38,173,2025-02-05
Gurke,0.77,62,2025-02-10
Gurke,0.85,198,2025-01-12
Zitrone,0.59,83,2025-01-31
Tomate,0.63,83,2025-02-11
Banane,0.32,144,2025-02-09
Banane,0.32,119,2025-02-07
Karotte,0.37,174,2025-02-11
Paprika,0.93,103,2025-01-18
Karotte,0.41,97,2025-01-20
Zitrone,0.58,174,2025-01-25
Paprika,1.08,190,2025-02-01
Gurke,0.84,52,2025-02-03
Paprika,1.04,146,2025-02-08
Tomate,0.68,56,2025-01-19
Tomate,0.65,116,2025-01-22
Karotte,0.41,180,2025-02-03
Paprika,1.08,78,2025-01-17
Gurke,0.81,93,2025-01-22
Tomate,0.73,89,2025-02-11
Tomate,0.63,118,2025-01-23
Tomate,0.75,98,2025-01-12
Banane,0.32,87,2025-02-05
Paprika,0.97,104,2025-01-29
Orange,0.65,81,2025-01-30
Paprika,1.06,187,2025-01-27
Paprika,1.02,85,2025-02-06
Paprika,1.04,57,2025-02-04
Zitrone,0.62,147,2025-01-24
Paprika,0.96,181,2025-01-28
Apfel,0.53,53,2025-01-21
Karotte,0.37,57,2025-01-26
Apfel,0.46,86,2025-02-05
Apfel,0.52,174,2025-02-10
Gurke,0.77,67,2025-02-01
Apfel,0.53,189,2025-01-22
Tomate,0.72,50,2025-01-27
Paprika,0.95,191,2025-01-24
Apfel,0.47,156,2025-02-03
Gurke,0.85,190,2025-01-20
Karotte,0.42,110,2025-01-26
Gurke,0.76,88,2025-01-17
Paprika,1.1,175,2025-01-17
Banane,0.31,168,2025-01-19
Gurke,0.82,132,2025-01-25
Zitrone,0.62,85,2025-02-02
Orange,0.67,55,2025-02-08
Karotte,0.41,159,2025-01-19
Orange,0.7,60,2025-01-27
Paprika,0.94,74,2025-02-08
Tomate,0.68,103,2025-02-11
Paprika,0.98,101,2025-01-13
Karotte,0.37,173,2025-01-15
Apfel,0.51,178,2025-02-09
Orange,0.6,150,2025-02-10
Tomate,0.69,56,2025-01-20
Apfel,0.5,140,2025-01-23
Apfel,0.54,94,2025-02-10
Apfel,0.5,182,2025-01-30
Gurke,0.86,102,2025-01-26
Orange,0.66,152,2025-02-06
Apfel,0.54,106,2025-02-01
Apfel,0.47,110,2025-01-22
Banane,0.32,110,2025-02-02
Paprika,0.91,137,2025-01-20
Tomate,0.67,79,2025-01-13
Orange,0.69,71,2025-01-18
Orange,0.59,122,2025-01-24
Tomate,0.75,128,2025-02-10
Karotte,0.38,71,2025-01-25
Gurke,0.76,134,2025-01-28
Zitrone,0.59,54,2025-01-28
Apfel,0.55,139,2025-02-05
Tomate,0.75,114,2025-01-26
Paprika,0.99,83,2025-01-27
Apfel,0.46,106,2025-01-14
Zitrone,0.6,103,2025-01-12
Banane,0.28,174,2025-01-18
Paprika,0.92,77,2025-01-29
Tomate,0.69,175,2025-01-18
Gurke,0.82,168,2025-02-05
Orange,0.7,134,2025-01-18
Orange,0.62,57,2025-01-27
Orange,0.7,103,2025-02-02
Orange,0.66,169,2025-02-10
Gurke,0.73,186,2025-01-24
Apfel,0.5,76,2025-01-29
Gurke,0.78,97,2025-01-27
Paprika,0.91,199,2025-01-15
Karotte,0.39,131,2025-01-20
Tomate,0.73,189,2025-01-27
Banane,0.29,161,2025-01-28
Tomate,0.63,190,2025-02-03
Banane,0.32,149,2025-01-30
Banane,0.3,161,2025-01-16
Banane,0.28,89,2025-02-02
Paprika,0.91,98,2025-01-15
Orange,0.71,115,2025-02-03
Apfel,0.48,139,2025-01-22
Tomate,0.71,161,2025-01-19
Karotte,0.38,89,2025-01-20
Gurke,0.79,52,2025-01-24
Apfel,0.52,169,2025-01-24
Orange,0.65,121,2025-01-20
Banane,0.29,65,2025-01-15
Karotte,0.42,112,2025-02-04
Paprika,0.94,181,2025-01-13
Gurke,0.8,59,2025-01-21
Orange,0.64,126,2025-02-08
Tomate,0.67,189,2025-01-29
Banane,0.32,132,2025-02-09
Zitrone,0.61,82,2025-02-01
Paprika,1.09,112,2025-01-18
Paprika,0.93,147,2025-01-23
Gurke,0.75,158,2025-02-04
Apfel,0.48,122,2025-02-05
Apfel,0.49,112,2025-01-22
Orange,0.67,103,2025-02-06
Banane,0.29,64,2025-01-13
Paprika,1.0,98,2025-02-02
Paprika,0.91,91,2025-02-01
Karotte,0.4,174,2025-02-07
Banane,0.29,147,2025-01-23
Karotte,0.37,124,2025-01-28
Paprika,0.99,72,2025-02-09
Gurke,0.77,119,2025-02-11
Orange,0.7,127,2025-01-26
Paprika,0.93,126,2025-01-27
Zitrone,0.55,135,2025-02-11
Karotte,0.41,141,2025-01-25
Karotte,0.4,186,2025-02-08
Gurke,0.78,56,2025-01-22
Gurke,0.75,170,2025-01-14
Zitrone,0.63,120,2025-02-01
Paprika,1.04,104,2025-01-22
Paprika,0.98,192,2025-01-22
Paprika,0.9,150,2025-01-28
Tomate,0.72,191,2025-01-13
Orange,0.62,132,2025-01-30
Apfel,0.55,124,2025-01-23
Paprika,1.02,128,2025-02-03
Paprika,1.0,107,2025-01-14
Banane,0.32,75,2025-02-10
Gurke,0.78,133,2025-01-31
Karotte,0.4,124,2025-01-15
Banane,0.33,194,2025-02-04
Apfel,0.53,153,2025-01-22
Apfel,0.49,90,2025-01-21
Zitrone,0.56,96,2025-02-02
Gurke,0.79,134,2025-01-18
Gurke,0.75,170,2025-01-24
Apfel,0.49,141,2025-01-23
Tomate,0.64,192,2025-01-12
Apfel,0.47,84,2025-01-31
Gurke,0.86,192,2025-02-03
Paprika,1.04,174,2025-01-13
Paprika,1.07,188,2025-02-05
Banane,0.31,199,2025-02-09
Zitrone,0.61,81,2025-01-14
Zitrone,0.61,136,2025-01-29
Karotte,0.38,192,2025-01-27
Orange,0.68,187,2025-02-10
Apfel,0.53,85,2025-01-14
Banane,0.28,60,2025-01-20
Gurke,0.84,57,2025-01-29
Apfel,0.47,133,2025-02-08
Gurke,0.78,149,2025-02-03
Orange,0.7,90,2025-01-18
Apfel,0.53,106,2025-02-06
Apfel,0.54,50,2025-01-20
Gurke,0.86,114,2025-02-01
Zitrone,0.66,176,2025-02-02
Zitrone,0.54,61,2025-01-23
Tomate,0.64,88,2025-01-12
Karotte,0.4,95,2025-02-02
Apfel,0.46,89,2025-02-09
Orange,0.66,198,2025-01-27
Banane,0.3,102,2025-01-25
Karotte,0.43,176,2025-01-13
Apfel,0.54,149,2025-01-22
Gurke,0.78,81,2025-01-12
Banane,0.3,61,2025-01-24
Tomate,0.67,156,2025-01-22
Paprika,1.07,136,2025-01-13
Banane,0.3,160,2025-01-18
Paprika,0.91,176,2025-02-08
Gurke,0.85,125,2025-02-09
Karotte,0.44,71,2025-01-30
Tomate,0.76,92,2025-01-18
Apfel,0.53,177,2025-01-25
Zitrone,0.6,119,2025-01-14
Orange,0.7,94,2025-01-12
Zitrone,0.58,76,2025-01-12
Gurke,0.74,99,2025-02-05
Zitrone,0.61,54,2025-01-28
Tomate,0.69,128,2025-01-27
Tomate,0.71,180,2025-01-22
Karotte,0.37,125,2025-01-28
Paprika,1.02,159,2025-01-18
Orange,0.65,58,2025-01-21
Paprika,0.93,111,2025-01-20
Zitrone,0.63,71,2025-02-05
Tomate,0.65,138,2025-02-01
Paprika,0.91,150,2025-02-02
Tomate,0.66,133,2025-02-06
Tomate,0.77,64,2025-01-23
Apfel,0.48,155,2025-02-08
Orange,0.67,189,2025-01-25
Orange,0.6,200,2025-02-09
Tomate,0.69,200,2025-01-14
Zitrone,0.56,157,2025-01-19
Banane,0.31,55,2025-02-09
Gurke,0.8,96,2025-02-03
Tomate,0.76,67,2025-01-14
Banane,0.29,103,2025-01-23
Tomate,0.7,113,2025-02-07
Apfel,0.5,101,2025-01-17
Tomate,0.69,99,2025-02-04
Banane,0.29,168,2025-01-27
Zitrone,0.61,146,2025-01-30
Karotte,0.43,84,2025-01-14
Gurke,0.75,111,2025-02-05
Paprika,0.97,187,2025-02-11
Gurke,0.81,194,2025-02-04
Banane,0.28,98,2025-02-02
Gurke,0.87,181,2025-01-30
Zitrone,0.56,74,2025-01-22
Zitrone,0.66,142,2025-01-30
Paprika,0.96,153,2025-01-17
Tomate,0.65,139,2025-02-03
Banane,0.33,135,2025-02-09
Banane,0.31,188,2025-01-14
Apfel,0.49,110,2025-01-18
Banane,0.32,180,2025-01-31
Tomate,0.76,121,2025-02-06
Karotte,0.39,122,2025-01-16
Banane,0.32,100,2025-01-28
Karotte,0.41,181,2025-02-07
Banane,0.31,109,2025-02-09
Orange,0.69,50,2025-01-20
Karotte,0.41,76,2025-01-19
Zitrone,0.59,78,2025-01-28
Banane,0.29,165,2025-01-15
Gurke,0.77,78,2025-01-12
Gurke,0.84,165,2025-01-15
Tomate,0.73,146,2025-01-25
Karotte,0.37,123,2025-02-04
Gurke,0.73,104,2025-01-23
Orange,0.7,69,2025-02-05
Apfel,0.51,50,2025-02-08
Zitrone,0.63,173,2025-02-03
Banane,0.31,87,2025-01-30
Orange,0.71,65,2025-02-01
Apfel,0.5,184,2025-02-01
Apfel,0.54,105,2025-01-30
Gurke,0.84,165,2025-01-31
Apfel,0.46,182,2025-01-27
Paprika,1.02,95,2025-02-11
Paprika,0.95,183,2025-02-10
Banane,0.31,99,2025-01-29
Zitrone,0.63,87,2025-01-13
Gurke,0.72,161,2025-01-31
Orange,0.7,114,2025-01-31
Karotte,0.44,72,2025-01-16
Karotte,0.43,189,2025-02-06
Apfel,0.46,153,2025-02-10
Tomate,0.69,184,2025-01-13
Karotte,0.39,129,2025-01-21
Gurke,0.75,146,2025-01-27
Zitrone,0.57,197,2025-02-01
Apfel,0.52,128,2025-01-28
Paprika,0.92,158,2025-01-21
Karotte,0.41,113,2025-01-16
Zitrone,0.54,167,2025-02-01
Orange,0.64,86,2025-01-27
Karotte,0.38,84,2025-02-03
Tomate,0.71,92,2025-01-20
Banane,0.29,107,2025-01-15
Orange,0.64,119,2025-02-05
Zitrone,0.63,60,2025-01-20
Karotte,0.39,197,2025-01-17
Paprika,0.91,88,2025-01-15
Karotte,0.41,129,2025-02-07
Banane,0.33,143,2025-02-11
Paprika,0.94,184,2025-02-10
Orange,0.59,198,2025-01-26
Karotte,0.39,200,2025-01-26
Gurke,0.74,197,2025-02-11
Gurke,0.78,174,2025-01-20
Tomate,0.72,123,2025-01-23
Paprika,1.08,55,2025-02-08
Apfel,0.5,114,2025-01-21
Orange,0.71,95,2025-02-06
Zitrone,0.58,125,2025-02-05
Apfel,0.47,189,2025-02-10
Karotte,0.41,146,2025-02-01
Tomate,0.65,141,2025-01-17
Zitrone,0.62,87,2025-01-19
Orange,0.68,93,2025-01-13
Banane,0.32,154,2025-01-12
Zitrone,0.56,181,2025-01-13
Gurke,0.73,143,2025-02-04
Apfel,0.45,123,2025-01-21
Karotte,0.37,120,2025-02-08
Apfel,0.51,146,2025-01-16
Zitrone,0.59,176,2025-02-02
Zitrone,0.59,151,2025-01-26
Orange,0.68,107,2025-01-24
Zitrone,0.65,87,2025-01-21
Tomate,0.71,85,2025-01-22
Tomate,0.66,151,2025-02-08
Banane,0.3,133,2025-02-01
Tomate,0.66,167,2025-01-27
Zitrone,0.64,141,2025-02-09
Paprika,1.01,92,2025-02-07
Orange,0.67,190,2025-02-01
Gurke,0.76,198,2025-01-25
Apfel,0.46,94,2025-01-13
Zitrone,0.62,168,2025-01-31
Gurke,0.78,161,2025-02-04
Apfel,0.5,161,2025-01-17
Gurke,0.77,189,2025-01-22
Karotte,0.4,157,2025-02-09
Banane,0.32,164,2025-01-19
Karotte,0.36,88,2025-01-21
Paprika,0.98,53,2025-01-15
Tomate,0.73,144,2025-02-07
Paprika,1.09,154,2025-02-04
Tomate,0.74,93,2025-02-02
Banane,0.29,169,2025-01-29
Apfel,0.51,175,2025-01-17
Orange,0.63,142,2025-01-15
Tomate,0.75,64,2025-01-17
Orange,0.66,92,2025-02-11
Apfel,0.51,99,2025-01-26
Karotte,0.41,102,2025-01-24
Tomate,0.66,156,2025-01-27
Karotte,0.36,122,2025-01-21
Paprika,0.95,102,2025-01-24
Orange,0.7,106,2025-01-20
Tomate,0.72,130,2025-02-11
Paprika,1.08,94,2025-01-29
Gurke,0.87,51,2025-01-22
Apfel,0.45,160,2025-01-22
Banane,0.3,177,2025-01-18
Zitrone,0.66,151,2025-01-17
Gurke,0.83,176,2025-01-19
Orange,0.59,135,2025-02-09
Gurke,0.81,68,2025-01-21
Paprika,1.04,84,2025-01-31
Paprika,1.1,156,2025-02-11
Orange,0.65,129,2025-01-16
Apfel,0.48,167,2025-01-24
Apfel,0.49,192,2025-01-25
Paprika,0.92,168,2025-01-31
Banane,0.29,52,2025-01-16
Tomate,0.71,167,2025-01-24
Karotte,0.36,122,2025-01-23
Banane,0.3,92,2025-01-30
Karotte,0.38,89,2025-02-06
Zitrone,0.63,162,2025-01-17
Tomate,0.71,171,2025-01-20
Zitrone,0.55,116,2025-01-13
Banane,0.29,179,2025-02-05
Banane,0.29,115,2025-01-14
Karotte,0.43,90,2025-01-20
Banane,0.3,159,2025-01-13
Paprika,1.01,104,2025-01-14
Orange,0.63,81,2025-01-27
Orange,0.69,112,2025-01-23
Orange,0.68,60,2025-02-03
Karotte,0.42,179,2025-02-10
Banane,0.33,122,2025-02-01
Paprika,1.0,169,2025-02-11
Paprika,0.97,178,2025-02-05
Apfel,0.5,151,2025-01-22
Banane,0.28,156,2025-01-12
Orange,0.69,111,2025-01-19
Karotte,0.37,189,2025-01-24
Orange,0.6,117,2025-02-01
Banane,0.3,53,2025-01-14
Tomate,0.77,114,2025-01-17
Banane,0.32,121,2025-01-12
Paprika,1.05,155,2025-01-19
Paprika,0.99,168,2025-02-10
Tomate,0.75,93,2025-01-12
Zitrone,0.55,163,2025-02-08
Zitrone,0.64,199,2025-01-22
Orange,0.65,199,2025-01-18
Tomate,0.68,100,2025-02-08
Karotte,0.41,195,2025-01-21
Orange,0.6,92,2025-01-14
Karotte,0.38,105,2025-01-31
Karotte,0.37,115,2025-02-05
Paprika,0.93,52,2025-01-20
Karotte,0.39,181,2025-01-29
Gurke,0.87,120,2025-02-11
Tomate,0.63,181,2025-01-24
Tomate,0.7,163,2025-02-09
Orange,0.71,66,2025-02-03
Apfel,0.52,104,2025-02-10
Banane,0.33,91,2025-01-30
Banane,0.28,180,2025-01-16
Tomate,0.76,65,2025-01-27
Banane,0.29,155,2025-01-12
Paprika,1.09,97,2025-02-09
Apfel,0.48,110,2025-01-20
Gurke,0.83,63,2025-01-21
Orange,0.63,126,2025-02-03
Apfel,0.52,51,2025-01-21
Apfel,0.48,152,2025-01-23
Apfel,0.47,198,2025-02-03
Paprika,1.06,185,2025-02-01
Karotte,0.37,117,2025-01-31
Tomate,0.74,146,2025-02-10
Karotte,0.38,158,2025-02-10
Karotte,0.4,163,2025-01-28
Apfel,0.45,158,2025-02-10
Apfel,0.54,76,2025-01-31
Karotte,0.4,198,2025-01-12
Zitrone,0.64,132,2025-01-17
Karotte,0.39,185,2025-01-29
Tomate,0.67,178,2025-01-13
Gurke,0.72,138,2025-01-27
Paprika,1.03,80,2025-02-07
Banane,0.28,128,2025-01-28
Zitrone,0.62,126,2025-01-31
Apfel,0.5,58,2025-01-16
Orange,0.69,173,2025-01-25
Banane,0.27,192,2025-01-19
Orange,0.67,154,2025-01-24
Paprika,0.97,61,2025-01-26
Orange,0.62,124,2025-02-01
Paprika,0.98,63,2025-01-29
Zitrone,0.54,176,2025-01-24
Zitrone,0.61,151,2025-01-26
Zitrone,0.63,58,2025-01-14
Paprika,1.08,170,2025-01-27
Gurke,0.86,53,2025-02-05
Gurke,0.84,77,2025-02-04
Orange,0.6,177,2025-01-30
Tomate,0.68,115,2025-01-27
Gurke,0.75,142,2025-02-02
Karotte,0.39,171,2025-01-24
Zitrone,0.62,109,2025-02-01
Banane,0.27,69,2025-02-06
Orange,0.66,86,2025-01-18
Banane,0.31,193,2025-01-22
Apfel,0.47,103,2025-02-07
Paprika,1.09,167,2025-02-07
Zitrone,0.57,151,2025-01-12
Orange,0.68,152,2025-01-13
Apfel,0.47,138,2025-01-25
Apfel,0.52,155,2025-01-16
Tomate,0.76,54,2025-01-15
Apfel,0.48,188,2025-01-14
Banane,0.3,96,2025-01-28
Zitrone,0.64,172,2025-02-05
Apfel,0.52,101,2025-02-06
Orange,0.68,196,2025-01-25
Karotte,0.38,85,2025-02-08
Gurke,0.83,113,2025-01-23
Apfel,0.45,191,2025-02-03
Apfel,0.48,117,2025-01-12
Tomate,0.74,155,2025-01-15
Banane,0.27,123,2025-01-16
Tomate,0.69,193,2025-01-30
Tomate,0.7,98,2025-02-07
Zitrone,0.58,192,2025-02-04
Paprika,1.0,139,2025-01-25
Zitrone,0.55,129,2025-01-19
Gurke,0.87,102,2025-02-10
Banane,0.31,101,2025-02-03
Apfel,0.49,149,2025-01-30
Gurke,0.78,104,2025-02-03
Karotte,0.39,200,2025-01-26
Paprika,0.91,94,2025-01-25
Orange,0.64,63,2025-02-10
Tomate,0.63,71,2025-02-06
Orange,0.68,81,2025-01-20
Banane,0.31,147,2025-02-07
Gurke,0.86,144,2025-01-26
Gurke,0.83,165,2025-01-22
Zitrone,0.65,128,2025-01-18
Gurke,0.74,112,2025-01-18
Gurke,0.74,166,2025-02-07
Karotte,0.37,189,2025-02-07
Apfel,0.52,84,2025-01-16
Karotte,0.38,190,2025-01-14
Banane,0.31,190,2025-02-08
Orange,0.6,117,2025-02-11
Gurke,0.79,196,2025-02-07
Paprika,0.96,94,2025-01-28
Paprika,0.96,118,2025-01-27
Banane,0.3,107,2025-01-26
Orange,0.63,170,2025-01-24
Banane,0.28,67,2025-01-13
Orange,0.65,163,2025-01-13
Paprika,1.07,141,2025-01-12
Tomate,0.67,106,2025-01-14
Orange,0.62,133,2025-01-14
Karotte,0.4,134,2025-01-14
Paprika,1.01,118,2025-01-21
Karotte,0.4,118,2025-01-20
Gurke,0.8,69,2025-01-14
Banane,0.3,96,2025-01-16
Apfel,0.49,198,2025-01-31
Karotte,0.39,154,2025-01-18
Banane,0.29,165,2025-02-01
Apfel,0.53,139,2025-01-19
Karotte,0.41,65,2025-01-26
Tomate,0.69,131,2025-01-28
Banane,0.29,131,2025-01-25
Paprika,1.08,56,2025-02-11
Orange,0.6,90,2025-01-27
Orange,0.69,197,2025-02-09
Gurke,0.78,106,2025-02-03
Zitrone,0.55,74,2025-01-18
Gurke,0.78,74,2025-02-08
Orange,0.7,95,2025-02-04
Zitrone,0.6,76,2025-01-12
Karotte,0.41,161,2025-01-21
Zitrone,0.56,134,2025-01-28
Tomate,0.7,149,2025-02-05
Tomate,0.64,190,2025-02-10
Paprika,1.07,191,2025-02-07
Karotte,0.38,85,2025-01-22
Banane,0.28,175,2025-02-01
Gurke,0.81,99,2025-02-08
Orange,0.6,53,2025-01-21
Paprika,1.09,145,2025-01-15
Gurke,0.77,77,2025-02-04
Orange,0.65,142,2025-02-04
Paprika,1.02,53,2025-02-09
Paprika,1.02,52,2025-02-03
Zitrone,0.57,78,2025-02-06
Banane,0.33,129,2025-01-19
Zitrone,0.54,87,2025-01-31
Gurke,0.81,61,2025-01-20
Orange,0.7,50,2025-01-25
Tomate,0.68,60,2025-02-05
Karotte,0.39,80,2025-01-24
Karotte,0.42,115,2025-01-25
Apfel,0.46,50,2025-02-01
Tomate,0.74,84,2025-01-16
Banane,0.29,86,2025-01-20
Zitrone,0.64,50,2025-01-24
Apfel,0.46,65,2025-02-02
Tomate,0.64,119,2025-01-27
Apfel,0.55,167,2025-01-25
Paprika,1.05,193,2025-01-28
Zitrone,0.58,110,2025-01-25
Paprika,1.0,182,2025-02-01
Banane,0.31,171,2025-02-05
Tomate,0.64,53,2025-01-23
Zitrone,0.56,132,2025-02-02
Zitrone,0.64,116,2025-01-30
Gurke,0.77,111,2025-01-20
Zitrone,0.62,162,2025-02-09
Orange,0.7,98,2025-02-09
Banane,0.31,115,2025-02-09
Orange,0.63,117,2025-01-30
Orange,0.65,57,2025-02-07
Zitrone,0.6,196,2025-02-06
Karotte,0.37,192,2025-01-24
Apfel,0.47,191,2025-02-11
Tomate,0.72,151,2025-01-27
Zitrone,0.62,181,2025-01-17
Karotte,0.4,200,2025-01-22
Zitrone,0.59,53,2025-01-13
Tomate,0.64,98,2025-01-31
Apfel,0.48,119,2025-02-04
Karotte,0.39,150,2025-02-02
Orange,0.62,141,2025-01-23
Tomate,0.76,71,2025-02-04
Zitrone,0.61,193,2025-02-01
Karotte,0.43,96,2025-01-21
Apfel,0.51,191,2025-02-10
Paprika,1.05,148,2025-01-22
Banane,0.28,146,2025-01-16
Paprika,1.07,110,2025-02-10
Paprika,1.03,74,2025-01-24
Karotte,0.39,124,2025-01-25
Zitrone,0.55,156,2025-01-22
Tomate,0.74,143,2025-01-15
Karotte,0.39,144,2025-01-21
Tomate,0.65,142,2025-01-18
Tomate,0.64,102,2025-01-25
Gurke,0.79,79,2025-01-31
Gurke,0.85,74,2025-02-05
Orange,0.64,121,2025-01-27
Zitrone,0.58,132,2025-01-31
Tomate,0.73,148,2025-01-31
Apfel,0.52,52,2025-02-03
Banane,0.27,145,2025-01-18
Orange,0.71,170,2025-01-29
Karotte,0.38,162,2025-02-08
Banane,0.3,83,2025-01-17
Banane,0.32,93,2025-02-10
Karotte,0.41,189,2025-01-16
Paprika,1.03,126,2025-01-18
Karotte,0.37,52,2025-02-05
Karotte,0.42,129,2025-02-02
Paprika,1.03,141,2025-02-06
Orange,0.69,170,2025-01-22
Tomate,0.68,116,2025-01-25
Zitrone,0.54,136,2025-01-16
Tomate,0.69,81,2025-02-05
Banane,0.33,91,2025-01-12
Tomate,0.67,94,2025-02-01
Zitrone,0.66,176,2025-02-05
Paprika,1.09,129,2025-01-21
Apfel,0.45,191,2025-02-11
Paprika,0.95,101,2025-01-20
Tomate,0.66,123,2025-01-29
Apfel,0.49,148,2025-02-07
Apfel,0.49,181,2025-01-15
Paprika,1.08,162,2025-02-01
Zitrone,0.58,172,2025-02-05
Apfel,0.45,157,2025-01-25
Banane,0.27,69,2025-01-23
Banane,0.3,175,2025-01-13
Orange,0.7,53,2025-01-26
Apfel,0.52,167,2025-01-15
Tomate,0.72,75,2025-02-07
Karotte,0.37,127,2025-01-19
Karotte,0.38,129,2025-01-17
Orange,0.59,166,2025-01-28
Tomate,0.76,198,2025-01-25
Zitrone,0.58,175,2025-02-06
Paprika,0.92,179,2025-02-05
Orange,0.67,66,2025-01-16
Paprika,1.07,172,2025-02-05
Tomate,0.7,116,2025-01-27
Gurke,0.76,144,2025-01-29
Apfel,0.46,96,2025-02-11
Gurke,0.87,148,2025-01-29
Paprika,0.97,155,2025-02-08
Gurke,0.77,124,2025-01-12
Paprika,0.94,130,2025-01-27
Tomate,0.74,75,2025-01-26
Apfel,0.52,74,2025-01-19
Zitrone,0.55,70,2025-01-28
Karotte,0.39,80,2025-01-30
Karotte,0.37,191,2025-01-18
Karotte,0.37,68,2025-02-08
Zitrone,0.6,153,2025-01-21
Orange,0.62,195,2025-01-23
Zitrone,0.66,121,2025-01-30
Gurke,0.77,96,2025-01-26
Karotte,0.38,167,2025-01-26
Banane,0.27,71,2025-02-10
Tomate,0.73,105,2025-02-04
Orange,0.69,108,2025-01-27
Tomate,0.76,124,2025-01-13
Apfel,0.53,150,2025-01-23
Tomate,0.7,144,2025-01-24
Banane,0.32,123,2025-01-20
Paprika,1.03,130,2025-01-30
Tomate,0.69,147,2025-01-27
Gurke,0.8,124,2025-01-14
Tomate,0.75,114,2025-01-27
Banane,0.32,188,2025-02-03
Zitrone,0.55,182,2025-01-18
Gurke,0.8,165,2025-01-13
Karotte,0.37,68,2025-02-11
Apfel,0.5,71,2025-01-18
Apfel,0.52,104,2025-01-30
Karotte,0.4,96,2025-02-03
Banane,0.29,157,2025-01-14
Gurke,0.74,88,2025-01-24
Karotte,0.41,186,2025-01-22
Gurke,0.78,162,2025-02-02
Karotte,0.41,145,2025-01-13
Orange,0.62,71,2025-02-03
Apfel,0.53,140,2025-01-12
Banane,0.3,151,2025-02-08
Karotte,0.4,190,2025-01-22
Paprika,1.06,173,2025-01-25
Orange,0.61,74,2025-01-24
Paprika,1.04,100,2025-02-08
Apfel,0.52,95,2025-01-29
Tomate,0.74,50,2025-01-14
Zitrone,0.62,184,2025-01-27
Karotte,0.39,182,2025-01-18
Gurke,0.82,85,2025-01-17
Tomate,0.66,83,2025-01-21
Orange,0.63,164,2025-01-13
Paprika,0.94,66,2025-01-17
Tomate,0.72,146,2025-01-16
Zitrone,0.55,166,2025-01-13
Banane,0.29,55,2025-01-24
Karotte,0.38,135,2025-01-24
Banane,0.27,134,2025-01-17
Zitrone,0.58,154,2025-01-19
Paprika,0.92,102,2025-01-14
Orange,0.69,153,2025-01-19
Paprika,1.05,102,2025-01-31
Orange,0.65,180,2025-02-07
Gurke,0.73,81,2025-01-20
Banane,0.29,96,2025-01-29
Apfel,0.55,177,2025-01-26
Gurke,0.8,187,2025-02-06
Apfel,0.46,128,2025-01-27
Banane,0.27,137,2025-02-08
Banane,0.28,157,2025-01-23
Apfel,0.47,102,2025-01-21
Orange,0.69,84,2025-02-01
Zitrone,0.64,89,2025-02-01
Orange,0.62,188,2025-02-11
Banane,0.29,186,2025-01-17
Zitrone,0.65,135,2025-02-09
Apfel,0.46,184,2025-01-15
Tomate,0.64,61,2025-01-17
Paprika,1.05,60,2025-01-21
Apfel,0.5,189,2025-01-18
Gurke,0.81,184,2025-02-06
Gurke,0.74,102,2025-01-23
Paprika,1.07,169,2025-01-15
Orange,0.71,192,2025-02-08
Tomate,0.69,122,2025-02-09
Orange,0.63,150,2025-02-06
Banane,0.3,178,2025-01-14
Orange,0.59,95,2025-01-19
Apfel,0.54,107,2025-02-07
Apfel,0.49,166,2025-01-30
Karotte,0.39,111,2025-02-03
Zitrone,0.57,143,2025-02-06
Banane,0.29,57,2025-01-15
Karotte,0.38,122,2025-01-14
Gurke,0.79,176,2025-02-11
Apfel,0.47,105,2025-01-24
Gurke,0.78,102,2025-02-04
Tomate,0.74,134,2025-01-30
Zitrone,0.54,52,2025-01-26
Apfel,0.51,124,2025-01-14
Paprika,0.95,121,2025-02-07
Gurke,0.78,172,2025-01-29
Orange,0.6,53,2025-01-16
Orange,0.68,67,2025-01-19
Banane,0.29,181,2025-02-08
Paprika,1.05,108,2025-01-20
Tomate,0.68,90,2025-01-17
Zitrone,0.58,72,2025-01-26
Apfel,0.55,155,2025-02-03
Paprika,0.94,197,2025-01-12
Apfel,0.48,50,2025-02-07
Tomate,0.68,154,2025-01-27
Gurke,0.86,155,2025-01-30
Gurke,0.8,125,2025-02-10
Tomate,0.64,71,2025-02-03
Tomate,0.66,115,2025-02-08
Tomate,0.75,83,2025-01-22
Karotte,0.36,172,2025-02-10
Karotte,0.37,54,2025-01-13
Orange,0.61,124,2025-02-01
Paprika,1.09,82,2025-01-13
Tomate,0.65,137,2025-01-18
Zitrone,0.64,81,2025-02-03
Apfel,0.53,72,2025-01-19
Tomate,0.77,81,2025-02-06
Zitrone,0.55,64,2025-02-10
Paprika,1.03,77,2025-02-05
Banane,0.27,65,2025-01-13
Tomate,0.73,157,2025-01-26
Orange,0.66,63,2025-01-27
Paprika,1.09,150,2025-01-15
Zitrone,0.64,71,2025-02-02
Karotte,0.38,129,2025-01-18
Karotte,0.39,106,2025-01-30
Paprika,0.92,79,2025-02-08
Apfel,0.46,198,2025-01-15
Banane,0.3,83,2025-01-24
Orange,0.7,121,2025-01-19
Banane,0.3,88,2025-01-18
Banane,0.31,168,2025-01-16
Karotte,0.37,65,2025-02-05
Banane,0.29,127,2025-01-15
Tomate,0.67,148,2025-01-14
Gurke,0.77,188,2025-01-18
Orange,0.66,75,2025-01-30
Orange,0.65,133,2025-01-29
Banane,0.28,103,2025-01-25
Tomate,0.69,192,2025-01-17
Zitrone,0.57,100,2025-02-05
Karotte,0.42,176,2025-01-16
Paprika,0.93,66,2025-01-27
Zitrone,0.64,151,2025-01-16
Apfel,0.52,157,2025-01-26
Orange,0.66,193,2025-01-27
Banane,0.27,93,2025-02-05
Karotte,0.4,179,2025-01-23
Apfel,0.48,169,2025-01-27
Banane,0.28,102,2025-02-03
Zitrone,0.66,183,2025-01-27
Gurke,0.81,190,2025-01-27
Paprika,0.92,51,2025-02-04
Zitrone,0.59,192,2025-02-07
Tomate,0.72,85,2025-01-28
Orange,0.65,67,2025-01-20
Zitrone,0.64,151,2025-01-25
Zitrone,0.56,109,2025-01-31
Paprika,1.03,84,2025-01-30
Gurke,0.76,51,2025-01-16
Gurke,0.79,90,2025-02-09
Gurke,0.84,158,2025-02-02
Paprika,1.1,73,2025-01-17
Zitrone,0.66,141,2025-01-28
Paprika,1.09,133,2025-02-04
Orange,0.65,75,2025-02-02
Banane,0.32,139,2025-02-10
Paprika,1.08,77,2025-01-27
Tomate,0.74,92,2025-02-08
Karotte,0.39,117,2025-02-01
Tomate,0.76,124,2025-01-23
Apfel,0.54,142,2025-01-23
Tomate,0.67,103,2025-02-07
Paprika,1.0,139,2025-01-12
Banane,0.32,132,2025-01-24
Karotte,0.44,136,2025-01-23
Zitrone,0.59,152,2025-01-17
Paprika,1.09,188,2025-01-21
Banane,0.33,122,2025-02-03
Karotte,0.36,50,2025-01-26
Orange,0.64,91,2025-01-15
Tomate,0.67,51,2025-01-20
Tomate,0.76,79,2025-01-30
Tomate,0.77,100,2025-01-26
Paprika,1.0,113,2025-01-28
Tomate,0.73,76,2025-02-08
Paprika,0.95,166,2025-01-21
Tomate,0.76,193,2025-01-26
Orange,0.7,182,2025-02-11
Zitrone,0.59,142,2025-01-16
Apfel,0.46,146,2025-01-20
Gurke,0.72,89,2025-01-27
Banane,0.28,132,2025-01-17
Gurke,0.75,114,2025-01-29
Tomate,0.68,198,2025-01-25
Apfel,0.52,111,2025-02-04
Orange,0.63,72,2025-02-10
Gurke,0.83,183,2025-01-20
Banane,0.31,94,2025-01-21
Paprika,1.04,185,2025-01-20
Apfel,0.49,117,2025-02-08
Gurke,0.73,136,2025-01-23
Zitrone,0.54,179,2025-01-16
Karotte,0.41,58,2025-01-16
Orange,0.64,170,2025-01-17
Karotte,0.41,73,2025-01-27
Gurke,0.78,76,2025-02-06
Banane,0.3,76,2025-01-16
Zitrone,0.58,168,2025-02-02
Gurke,0.74,125,2025-01-23
Paprika,0.98,151,2025-02-05
Tomate,0.72,97,2025-02-11
Karotte,0.43,179,2025-02-02
Zitrone,0.61,147,2025-02-07
Tomate,0.69,185,2025-01-21
Karotte,0.41,86,2025-01-19
Paprika,0.93,163,2025-01-26
Orange,0.71,160,2025-02-05
Banane,0.31,117,2025-01-23
Orange,0.6,165,2025-01-19
Tomate,0.65,199,2025-01-23
Paprika,1.07,155,2025-01-25
Zitrone,0.66,171,2025-02-07
Tomate,0.74,159,2025-01-18
Gurke,0.79,196,2025-01-26
Zitrone,0.64,184,2025-02-02
Gurke,0.74,125,2025-02-08
Banane,0.27,125,2025-02-06
Gurke,0.82,133,2025-02-08
Orange,0.67,64,2025-01-22
Paprika,0.95,82,2025-02-04
Banane,0.31,91,2025-01-27
Gurke,0.88,142,2025-01-31
Tomate,0.73,83,2025-01-29
Paprika,0.95,135,2025-01-29
Tomate,0.68,75,2025-02-10
Paprika,1.06,134,2025-01-23
Apfel,0.51,135,2025-01-15
Paprika,0.92,55,2025-02-03
Gurke,0.82,196,2025-01-23
Karotte,0.43,100,2025-01-26
Paprika,0.94,190,2025-02-10
Paprika,0.95,106,2025-01-30
Paprika,0.93,128,2025-02-03
Apfel,0.54,157,2025-02-11
Banane,0.32,102,2025-01-24
Gurke,0.81,197,2025-01-21
Banane,0.31,128,2025-01-25
Banane,0.29,126,2025-01-24
Gurke,0.79,61,2025-02-01
Orange,0.6,146,2025-02-01
Zitrone,0.55,80,2025-02-02
Banane,0.29,70,2025-01-30
Tomate,0.75,182,2025-02-06
Apfel,0.48,163,2025-01-23
Zitrone,0.63,61,2025-01-21
Banane,0.29,144,2025-01-17
Gurke,0.75,197,2025-01-17
Gurke,0.77,76,2025-01-26
Zitrone,0.59,181,2025-02-11
Paprika,0.94,76,2025-01-27
Gurke,0.78,176,2025-01-31
Apfel,0.51,197,2025-01-13
Tomate,0.64,101,2025-02-06
Apfel,0.49,195,2025-01-27
Paprika,0.93,63,2025-01-23
Tomate,0.66,65,2025-01-25
Gurke,0.87,157,2025-01-17
Banane,0.31,100,2025-01-23
Banane,0.32,140,2025-02-01
Apfel,0.47,89,2025-02-03
Paprika,0.91,113,2025-02-02
Orange,0.65,66,2025-01-30
Zitrone,0.64,87,2025-01-20
Zitrone,0.64,144,2025-01-26
Apfel,0.55,141,2025-01-21
Paprika,0.94,127,2025-01-24
Apfel,0.47,141,2025-02-01
Karotte,0.39,81,2025-01-31
Paprika,1.09,132,2025-02-10
Tomate,0.65,150,2025-02-07
Gurke,0.86,186,2025-01-22
Gurke,0.85,102,2025-01-16
Banane,0.27,149,2025-02-01
Orange,0.65,158,2025-01-18
Karotte,0.43,97,2025-01-14
Gurke,0.77,170,2025-01-25
Gurke,0.76,68,2025-02-08
Zitrone,0.64,133,2025-01-23
Orange,0.7,50,2025-01-30
Apfel,0.5,116,2025-01-20
Karotte,0.36,98,2025-02-09
Orange,0.66,119,2025-02-07
Gurke,0.75,125,2025-01-16
Zitrone,0.58,195,2025-01-17
Orange,0.63,152,2025-01-18
Zitrone,0.6,95,2025-02-10
Tomate,0.66,101,2025-01-17
Gurke,0.76,196,2025-01-22
Orange,0.71,76,2025-02-04
Orange,0.66,171,2025-01-20
Banane,0.3,50,2025-02-08
Paprika,1.0,165,2025-01-13
Karotte,0.39,82,2025-02-11
Karotte,0.41,168,2025-01-22
Banane,0.27,117,2025-02-10
Banane,0.28,62,2025-01-21
Apfel,0.5,104,2025-02-11
Apfel,0.49,161,2025-01-15
Zitrone,0.65,198,2025-01-19
Karotte,0.39,139,2025-01-17
Orange,0.63,200,2025-01-23
Zitrone,0.55,126,2025-01-20
Apfel,0.48,75,2025-01-29
Apfel,0.47,103,2025-01-30
Gurke,0.8,131,2025-01-23
Zitrone,0.66,84,2025-01-17
Gurke,0.72,94,2025-01-16
Tomate,0.69,97,2025-01-29
Zitrone,0.61,195,2025-01-19
Gurke,0.74,150,2025-01-18
Tomate,0.64,85,2025-01-22
Zitrone,0.63,79,2025-01-18
Banane,0.28,108,2025-01-20
Orange,0.69,102,2025-01-15
Paprika,0.91,87,2025-02-11
Tomate,0.7,144,2025-01-25
Gurke,0.87,196,2025-02-06
Orange,0.63,91,2025-01-16
Zitrone,0.55,186,2025-01-20
Tomate,0.7,124,2025-02-06
Tomate,0.72,88,2025-01-16
Zitrone,0.61,189,2025-02-01
Karotte,0.41,145,2025-01-31
Paprika,0.95,150,2025-01-30
Zitrone,0.55,142,2025-01-25
Paprika,1.04,136,2025-02-02
Apfel,0.48,146,2025-01-28
Tomate,0.74,92,2025-01-30
Tomate,0.75,114,2025-01-14
Gurke,0.83,100,2025-01-17
Gurke,0.74,63,2025-02-11
Orange,0.59,168,2025-01-20
Paprika,0.99,76,2025-02-03
Orange,0.6,137,2025-01-25
Gurke,0.74,99,2025-01-15
Karotte,0.41,134,2025-01-31
Zitrone,0.55,169,2025-02-02
Gurke,0.85,156,2025-01-16
Gurke,0.85,74,2025-01-27
Banane,0.3,68,2025-01-13
Banane,0.29,157,2025-01-30
Gurke,0.8,79,2025-01-28
Apfel,0.5,84,2025-01-22
Apfel,0.52,94,2025-02-03
Banane,0.27,85,2025-02-07
Banane,0.28,186,2025-01-18
Tomate,0.65,77,2025-01-16
Tomate,0.68,71,2025-02-09
Gurke,0.73,105,2025-02-04
Gurke,0.81,84,2025-02-09
Karotte,0.36,99,2025-01-19
Gurke,0.85,196,2025-02-11
Zitrone,0.56,194,2025-02-08
Orange,0.71,169,2025-02-09
Karotte,0.36,99,2025-01-16
Zitrone,0.62,144,2025-02-04
Karotte,0.44,197,2025-01-21
Banane,0.3,130,2025-01-20
Karotte,0.41,78,2025-02-01
Apfel,0.46,73,2025-01-23
Banane,0.3,142,2025-01-30
Apfel,0.53,109,2025-01-15
Apfel,0.47,194,2025-01-22
Karotte,0.38,138,2025-01-30
Karotte,0.4,158,2025-01-23
Gurke,0.86,200,2025-01-22
Tomate,0.64,82,2025-02-09
Karotte,0.36,118,2025-02-04
Gurke,0.86,161,2025-01-23
Orange,0.69,79,2025-01-29
Gurke,0.79,115,2025-02-07
Gurke,0.87,135,2025-01-26
Paprika,1.07,95,2025-01-15
Zitrone,0.65,56,2025-01-28
Paprika,1.01,132,2025-01-22
Orange,0.67,129,2025-01-23
Karotte,0.37,142,2025-01-15
Karotte,0.38,55,2025-02-04
Tomate,0.73,55,2025-01-14
Banane,0.33,54,2025-02-02
Zitrone,0.63,186,2025-01-17
Banane,0.3,127,2025-01-16
Karotte,0.41,155,2025-02-01
Apfel,0.5,187,2025-01-24
Karotte,0.39,164,2025-01-17
Apfel,0.51,86,2025-02-06
Tomate,0.76,111,2025-02-10
Banane,0.32,149,2025-01-13
Banane,0.31,103,2025-01-13
Gurke,0.74,51,2025-02-11
Paprika,0.9,64,2025-01-14
Banane,0.32,106,2025-01-25
Orange,0.67,195,2025-01-23
Gurke,0.85,88,2025-01-29
Orange,0.6,62,2025-01-31
Paprika,1.07,124,2025-01-23
Gurke,0.82,178,2025-02-01
Gurke,0.8,81,2025-01-18
Gurke,0.81,80,2025-02-09
Karotte,0.38,167,2025-01-23
Orange,0.69,145,2025-01-21
Apfel,0.48,126,2025-01-24
Tomate,0.77,160,2025-01-23
Paprika,1.03,174,2025-01-25
Zitrone,0.61,60,2025-02-05
Apfel,0.47,77,2025-02-07
Gurke,0.85,73,2025-01-21
Zitrone,0.61,109,2025-02-07
Apfel,0.49,54,2025-01-16
Paprika,0.99,160,2025-01-17
Paprika,1.07,168,2025-01-31
Gurke,0.85,130,2025-01-19
Paprika,0.92,128,2025-02-03
Paprika,1.09,113,2025-01-21
Zitrone,0.55,71,2025-01-21
Zitrone,0.62,61,2025-02-02
Gurke,0.77,179,2025-02-11
Gurke,0.75,111,2025-01-14
Orange,0.65,132,2025-02-11
Banane,0.32,130,2025-01-28
Karotte,0.42,173,2025-02-10
Zitrone,0.63,193,2025-01-21
Paprika,0.93,90,2025-02-09
Tomate,0.64,99,2025-01-14
Banane,0.32,178,2025-01-21
Paprika,1.08,54,2025-01-15
Karotte,0.37,105,2025-02-01
Paprika,0.98,96,2025-01-24
Apfel,0.53,114,2025-01-19
Paprika,0.99,101,2025-01-16
Gurke,0.86,166,2025-01-26
Tomate,0.63,55,2025-01-29
Paprika,0.92,149,2025-02-03
Banane,0.31,114,2025-02-08
Paprika,1.07,112,2025-02-09
Banane,0.31,52,2025-01-17
Zitrone,0.56,70,2025-01-16
Gurke,0.86,51,2025-02-02
Tomate,0.76,160,2025-02-02
Orange,0.63,195,2025-02-08
Gurke,0.81,93,2025-02-02
Orange,0.71,119,2025-01-22
Orange,0.59,164,2025-01-22
Karotte,0.39,100,2025-02-08
Paprika,1.08,105,2025-02-06
Zitrone,0.56,167,2025-01-22
Banane,0.33,144,2025-01-14
Zitrone,0.62,153,2025-01-30
Banane,0.29,51,2025-01-17
Zitrone,0.61,65,2025-01-27
Tomate,0.71,94,2025-02-02
Orange,0.7,131,2025-01-29
Zitrone,0.6,69,2025-01-26
Paprika,1.08,124,2025-02-03
Zitrone,0.62,122,2025-01-14
Banane,0.33,161,2025-01-14
Karotte,0.4,73,2025-02-06
Apfel,0.55,107,2025-01-25
Tomate,0.71,141,2025-01-16
Banane,0.31,154,2025-01-23
Orange,0.59,166,2025-01-25
Apfel,0.52,189,2025-01-13
Paprika,1.07,176,2025-01-13
Orange,0.61,148,2025-02-02
Paprika,1.07,181,2025-01-13
Karotte,0.43,54,2025-02-08
Gurke,0.87,159,2025-01-15
Orange,0.66,65,2025-01-27
Gurke,0.79,123,2025-01-23
Tomate,0.71,132,2025-01-21
Karotte,0.42,154,2025-01-27
Gurke,0.79,177,2025-01-31
Banane,0.31,143,2025-02-09
Gurke,0.88,94,2025-02-06
Zitrone,0.59,143,2025-02-09
Banane,0.3,144,2025-02-11
Zitrone,0.61,85,2025-01-25
Karotte,0.36,183,2025-02-10
Gurke,0.83,66,2025-02-10
Orange,0.65,151,2025-01-30
Tomate,0.74,163,2025-02-07
Paprika,1.05,73,2025-01-12
Apfel,0.5,56,2025-01-26
Zitrone,0.58,151,2025-01-12
Paprika,1.03,122,2025-01-24
Gurke,0.8,139,2025-01-31
Banane,0.33,83,2025-01-24
Karotte,0.4,200,2025-02-02
Tomate,0.73,102,2025-02-04
Paprika,1.04,72,2025-02-09
Orange,0.59,184,2025-01-29
Paprika,1.04,181,2025-01-31
Tomate,0.67,170,2025-01-27
Banane,0.28,108,2025-02-08
Banane,0.32,89,2025-02-05
Tomate,0.66,79,2025-01-25
Apfel,0.55,198,2025-02-04
Banane,0.31,98,2025-02-07
Gurke,0.78,180,2025-01-25
Apfel,0.54,69,2025-01-28
Tomate,0.66,58,2025-01-12
Paprika,1.05,177,2025-02-08
Gurke,0.84,178,2025-01-29
Apfel,0.46,135,2025-01-25
Zitrone,0.54,82,2025-01-19
Tomate,0.72,163,2025-01-12
Tomate,0.77,111,2025-01-27
Zitrone,0.65,176,2025-01-28
Gurke,0.83,158,2025-01-28
Paprika,1.04,84,2025-02-11
Orange,0.68,152,2025-01-12
Paprika,0.99,94,2025-01-25
Orange,0.68,103,2025-01-30
Gurke,0.8,75,2025-01-13
Karotte,0.4,144,2025-02-08
Banane,0.31,140,2025-01-14
Karotte,0.42,131,2025-02-09
Paprika,1.04,68,2025-02-09
Tomate,0.76,121,2025-01-15
Karotte,0.36,136,2025-02-09
Karotte,0.41,165,2025-02-05
Orange,0.6,149,2025-01-20
Orange,0.7,143,2025-01-22
Tomate,0.74,161,2025-01-27
Orange,0.59,134,2025-02-08
Apfel,0.47,85,2025-01-12
Gurke,0.75,108,2025-01-13
Tomate,0.64,87,2025-01-23
Orange,0.64,176,2025-01-14
Tomate,0.72,167,2025-01-19
Paprika,1.03,148,2025-01-12
Orange,0.7,137,2025-01-21
Karotte,0.4,103,2025-01-13
Karotte,0.4,102,2025-02-01
Tomate,0.65,62,2025-02-05
Tomate,0.67,157,2025-02-07
Banane,0.29,120,2025-02-06
Gurke,0.79,77,2025-02-01
Paprika,0.96,178,2025-01-14
Orange,0.67,166,2025-01-17
Orange,0.59,127,2025-01-29
Orange,0.59,158,2025-02-05
Orange,0.63,68,2025-01-17
Banane,0.27,86,2025-02-04
Karotte,0.38,55,2025-02-03
Orange,0.71,107,2025-01-18
Tomate,0.67,85,2025-02-02
Zitrone,0.57,117,2025-02-07
Tomate,0.72,175,2025-02-10
Gurke,0.75,151,2025-01-18
Gurke,0.79,136,2025-01-28
Zitrone,0.56,115,2025-01-24
Karotte,0.4,70,2025-02-07
Orange,0.71,51,2025-01-20
Tomate,0.75,111,2025-02-10
Tomate,0.73,104,2025-02-04
Paprika,0.99,127,2025-01-20
Apfel,0.47,182,2025-01-24
Zitrone,0.61,110,2025-01-27
Banane,0.31,62,2025-01-31
Zitrone,0.62,192,2025-01-29
Gurke,0.86,55,2025-01-28
Tomate,0.75,182,2025-02-06
Zitrone,0.59,116,2025-02-06
Banane,0.32,153,2025-01-22
Apfel,0.54,198,2025-01-28
Karotte,0.37,128,2025-01-13
Apfel,0.5,104,2025-01-16
Orange,0.6,71,2025-02-04
Karotte,0.36,195,2025-02-01
Orange,0.6,76,2025-02-11
Paprika,0.99,143,2025-02-08
Zitrone,0.64,159,2025-01-20
Apfel,0.52,94,2025-01-31
Paprika,1.01,67,2025-02-03
Banane,0.31,183,2025-02-08
Apfel,0.49,63,2025-01-23
Paprika,1.02,122,2025-01-21
Tomate,0.66,57,2025-01-25
Zitrone,0.65,77,2025-02-07
Banane,0.31,180,2025-01-23
Banane,0.32,147,2025-01-27
Gurke,0.8,145,2025-01-27
Paprika,0.95,124,2025-01-30
Gurke,0.74,128,2025-02-09
Paprika,1.02,149,2025-01-31
Orange,0.62,103,2025-01-28
Karotte,0.4,67,2025-02-04
Gurke,0.85,183,2025-02-09
Zitrone,0.57,142,2025-01-25
Gurke,0.74,78,2025-01-21
Karotte,0.41,87,2025-01-29
Orange,0.69,196,2025-01-28
Orange,0.66,132,2025-01-29
Zitrone,0.58,109,2025-01-29
Zitrone,0.63,81,2025-01-19
Apfel,0.53,176,2025-01-23
Gurke,0.76,118,2025-01-30
Paprika,1.0,122,2025-01-17
Karotte,0.42,98,2025-01-13
Banane,0.28,85,2025-02-11
Zitrone,0.61,59,2025-02-09
Paprika,0.97,160,2025-02-01
Banane,0.29,144,2025-01-14
Banane,0.31,90,2025-01-22
Banane,0.31,132,2025-02-09
Paprika,1.08,151,2025-02-10
Orange,0.66,121,2025-01-18
Orange,0.63,103,2025-01-28
Zitrone,0.64,84,2025-01-20
Zitrone,0.59,183,2025-01-26
Apfel,0.49,114,2025-02-08
Zitrone,0.6,158,2025-02-10
Gurke,0.78,151,2025-01-31
Zitrone,0.65,183,2025-01-28
Zitrone,0.58,80,2025-01-13
Apfel,0.55,83,2025-02-08
Orange,0.68,190,2025-01-22
Paprika,0.97,181,2025-02-02
Paprika,1.02,181,2025-01-14
Paprika,1.05,125,2025-01-23
Banane,0.29,69,2025-01-23
Zitrone,0.59,142,2025-02-01
Gurke,0.77,178,2025-01-12
Zitrone,0.61,66,2025-01-21
Zitrone,0.65,162,2025-02-03
Karotte,0.44,173,2025-02-07
Tomate,0.65,164,2025-02-03
Paprika,0.94,183,2025-02-01
Zitrone,0.66,198,2025-01-15
Paprika,0.99,114,2025-02-08
Tomate,0.7,137,2025-02-05
Zitrone,0.61,97,2025-01-28
Zitrone,0.62,93,2025-01-26
Paprika,0.98,130,2025-01-29
Gurke,0.82,178,2025-01-22
Karotte,0.38,100,2025-02-05
Apfel,0.49,55,2025-01-23
Banane,0.27,143,2025-02-05
Apfel,0.54,73,2025-01-20
Banane,0.3,115,2025-02-06
Karotte,0.37,81,2025-01-31
Tomate,0.69,151,2025-01-20
Zitrone,0.65,187,2025-01-13
Paprika,0.91,160,2025-01-20
Paprika,0.93,59,2025-01-18
Karotte,0.4,116,2025-02-10
Zitrone,0.66,190,2025-01-25
Banane,0.29,138,2025-01-25
Apfel,0.45,82,2025-02-02
Orange,0.61,125,2025-01-26
Banane,0.31,85,2025-01-29
Paprika,1.07,163,2025-01-26
Paprika,0.94,195,2025-01-30
Tomate,0.77,70,2025-01-29
Paprika,1.08,182,2025-01-23
Karotte,0.39,132,2025-01-13
Banane,0.3,130,2025-01-17
Tomate,0.7,134,2025-02-02
Orange,0.7,142,2025-02-07
Banane,0.33,135,2025-01-15
Apfel,0.52,184,2025-02-01
Paprika,1.09,102,2025-01-12
Tomate,0.7,187,2025-01-27
Tomate,0.72,155,2025-01-18
Banane,0.31,185,2025-01-13
Karotte,0.42,98,2025-02-01
Apfel,0.49,64,2025-02-01
Zitrone,0.65,156,2025-01-19
Paprika,1.0,94,2025-01-29
Karotte,0.41,95,2025-02-06
Banane,0.27,190,2025-02-05
Gurke,0.78,90,2025-01-24
Tomate,0.65,152,2025-01-21
Tomate,0.66,121,2025-02-08
Gurke,0.73,157,2025-02-06
Tomate,0.77,99,2025-02-09
Tomate,0.67,115,2025-01-22
Orange,0.6,67,2025-01-12
Paprika,1.01,85,2025-01-30
Apfel,0.51,106,2025-02-01
Banane,0.29,101,2025-01-31
Orange,0.69,145,2025-01-25
Paprika,0.91,79,2025-01-14
Karotte,0.41,170,2025-02-04
Banane,0.28,74,2025-02-03
Karotte,0.43,102,2025-02-03
Gurke,0.79,131,2025-01-30
Orange,0.61,79,2025-01-30
Orange,0.61,114,2025-02-01
Banane,0.32,121,2025-01-19
Zitrone,0.56,121,2025-01-12
Karotte,0.38,129,2025-01-20
Gurke,0.79,71,2025-01-28
Orange,0.63,102,2025-02-07
Paprika,0.92,90,2025-02-01
Orange,0.66,65,2025-01-15
Banane,0.32,99,2025-02-02
Apfel,0.55,104,2025-02-05
Paprika,1.05,151,2025-02-11
Apfel,0.52,145,2025-01-21
Paprika,1.07,182,2025-01-20
Banane,0.31,93,2025-02-02
Zitrone,0.55,51,2025-01-24
Zitrone,0.57,123,2025-01-31
Karotte,0.37,52,2025-02-10
Tomate,0.68,105,2025-01-18
Banane,0.32,114,2025-01-14
Paprika,1.08,62,2025-01-26
Gurke,0.75,132,2025-01-28
Tomate,0.74,76,2025-01-20
Zitrone,0.56,152,2025-01-15
Gurke,0.74,187,2025-01-30
Paprika,0.92,176,2025-02-03
Orange,0.63,131,2025-01-25
Gurke,0.77,113,2025-01-12
Zitrone,0.55,150,2025-01-18
Karotte,0.43,72,2025-02-08
Zitrone,0.58,114,2025-01-15
Tomate,0.65,126,2025-02-09
Tomate,0.68,81,2025-01-18
Gurke,0.76,97,2025-02-02
Apfel,0.47,85,2025-02-10
Gurke,0.76,62,2025-01-30
Karotte,0.37,170,2025-01-17
Gurke,0.84,119,2025-01-28
Tomate,0.72,193,2025-01-26
Zitrone,0.65,135,2025-01-13
Gurke,0.86,177,2025-01-12
Paprika,1.05,67,2025-01-19
Karotte,0.39,194,2025-01-28
Tomate,0.77,143,2025-01-27
Tomate,0.64,103,2025-01-23
Tomate,0.7,90,2025-01-20
Apfel,0.52,113,2025-02-01
Orange,0.6,84,2025-01-30
Karotte,0.37,194,2025-02-05
Gurke,0.74,147,2025-01-13
Banane,0.31,122,2025-02-06
Banane,0.28,198,2025-01-30
Paprika,1.04,156,2025-01-26
Apfel,0.49,172,2025-01-18
Gurke,0.82,57,2025-02-04
Orange,0.67,147,2025-01-20
Paprika,0.94,190,2025-01-27
Gurke,0.77,76,2025-02-11
Karotte,0.39,189,2025-01-22
Zitrone,0.59,153,2025-01-20
Apfel,0.54,197,2025-02-10
Banane,0.3,174,2025-02-11
Banane,0.29,85,2025-02-01
Tomate,0.69,177,2025-01-23
Apfel,0.49,122,2025-01-20
Orange,0.6,194,2025-01-18
Zitrone,0.62,177,2025-01-29
Banane,0.33,186,2025-01-22
Banane,0.32,100,2025-01-20
Apfel,0.51,137,2025-01-19
Gurke,0.75,179,2025-01-17
Gurke,0.78,64,2025-01-15
Orange,0.6,86,2025-01-23
Paprika,1.08,170,2025-01-22
Karotte,0.39,136,2025-01-21
Apfel,0.47,163,2025-01-15
Tomate,0.65,98,2025-01-12
Paprika,1.09,60,2025-02-07
Karotte,0.4,151,2025-01-17
Zitrone,0.6,144,2025-02-02
Karotte,0.42,148,2025-02-01
Paprika,1.07,198,2025-01-31
Apfel,0.53,124,2025-01-21
Gurke,0.8,163,2025-01-29
Apfel,0.48,176,2025-01-29
Paprika,1.01,98,2025-01-24
Karotte,0.37,79,2025-02-03
Zitrone,0.56,89,2025-01-14
Karotte,0.42,91,2025-01-24
Paprika,1.04,128,2025-02-06
Zitrone,0.63,145,2025-02-03
Paprika,1.0,194,2025-01-17
Gurke,0.76,145,2025-01-28
Banane,0.27,151,2025-01-20
Gurke,0.73,133,2025-01-23
Paprika,1.09,99,2025-02-02
Banane,0.27,120,2025-02-06
Paprika,1.06,128,2025-02-10
Banane,0.3,197,2025-01-20
Paprika,0.98,99,2025-02-01
Karotte,0.44,108,2025-01-25
Paprika,0.98,87,2025-02-01
Banane,0.31,184,2025-01-19
Paprika,1.1,92,2025-01-24
Zitrone,0.59,162,2025-01-27
Orange,0.61,118,2025-01-23
Apfel,0.52,58,2025-01-20
Zitrone,0.54,74,2025-01-15
Banane,0.28,149,2025-01-27
Gurke,0.83,110,2025-01-16
Zitrone,0.6,115,2025-02-11
Banane,0.31,110,2025-01-15
Paprika,0.9,82,2025-02-11
Tomate,0.65,188,2025-01-22
Karotte,0.39,162,2025-02-03
Apfel,0.49,138,2025-01-28
Orange,0.62,178,2025-01-21
Paprika,1.0,108,2025-02-06
Paprika,0.99,115,2025-02-07
Banane,0.28,167,2025-02-09
Zitrone,0.65,126,2025-02-03
Karotte,0.41,104,2025-01-26
Zitrone,0.55,136,2025-02-10
Gurke,0.86,134,2025-01-24
Orange,0.63,151,2025-02-04
Paprika,0.98,119,2025-01-17
Orange,0.6,143,2025-02-03
Tomate,0.63,82,2025-02-07
Zitrone,0.57,58,2025-01-31
Apfel,0.45,171,2025-01-20
Paprika,1.07,114,2025-01-26
Tomate,0.67,60,2025-02-06
Orange,0.62,85,2025-02-10
Zitrone,0.66,115,2025-01-27
Karotte,0.4,75,2025-02-11
Zitrone,0.64,139,2025-02-09
Paprika,0.94,178,2025-01-28
Banane,0.31,170,2025-01-19
Gurke,0.84,64,2025-01-26
Paprika,0.92,167,2025-02-10
Zitrone,0.56,200,2025-01-22
Tomate,0.75,106,2025-02-01
Orange,0.7,61,2025-01-20
Zitrone,0.58,101,2025-01-31
Apfel,0.48,182,2025-01-16
Zitrone,0.6,59,2025-01-15
Banane,0.3,178,2025-01-29
Zitrone,0.55,172,2025-02-07
Gurke,0.82,163,2025-02-03
Tomate,0.66,88,2025-01-30
Paprika,0.93,171,2025-01-16
Banane,0.3,144,2025-02-01
Apfel,0.54,185,2025-02-01
Paprika,0.91,170,2025-01-31
Orange,0.65,167,2025-01-15
Karotte,0.39,161,2025-02-10
Gurke,0.87,109,2025-01-22
Gurke,0.82,55,2025-02-06
Paprika,0.91,53,2025-01-14
Zitrone,0.59,152,2025-01-22
Apfel,0.52,173,2025-01-21
Orange,0.6,173,2025-01-18
Apfel,0.47,79,2025-01-23
Banane,0.31,70,2025-01-23
Zitrone,0.61,57,2025-01-31
Karotte,0.43,115,2025-01-18
Gurke,0.88,148,2025-01-23
Orange,0.67,159,2025-02-06
Banane,0.31,172,2025-01-25
Gurke,0.78,130,2025-02-10
Banane,0.31,153,2025-01-27
Apfel,0.47,191,2025-01-24
Orange,0.71,96,2025-01-31
Tomate,0.64,174,2025-01-12
Gurke,0.87,142,2025-01-30
Banane,0.32,51,2025-01-16
Zitrone,0.6,117,2025-01-31
Karotte,0.37,138,2025-01-14
Gurke,0.83,104,2025-01-27
Apfel,0.52,124,2025-01-26
Apfel,0.53,146,2025-02-02
Orange,0.71,175,2025-01-22
Banane,0.31,76,2025-02-02
Zitrone,0.58,75,2025-01-30
Tomate,0.65,185,2025-01-29
Zitrone,0.55,188,2025-01-19
Banane,0.28,122,2025-02-01
Apfel,0.53,91,2025-02-02
Paprika,1.05,164,2025-01-26
Zitrone,0.63,100,2025-01-15
Orange,0.7,56,2025-01-21
Paprika,0.91,78,2025-02-04
Karotte,0.43,84,2025-01-23
Zitrone,0.66,71,2025-01-18
Banane,0.29,187,2025-02-02
Paprika,1.02,54,2025-01-13
Karotte,0.39,75,2025-02-07
Zitrone,0.6,131,2025-01-24
Banane,0.28,117,2025-02-02
Orange,0.67,69,2025-01-27
Paprika,0.97,182,2025-02-03
Tomate,0.66,60,2025-01-27
Banane,0.29,200,2025-01-22
Karotte,0.4,146,2025-02-10
Tomate,0.64,131,2025-01-19
Zitrone,0.62,107,2025-01-19
Zitrone,0.6,151,2025-01-28
Apfel,0.52,138,2025-01-13
Zitrone,0.65,123,2025-01-31
Banane,0.31,84,2025-01-24
Orange,0.67,109,2025-02-11
Banane,0.27,200,2025-01-17
Paprika,1.0,140,2025-01-20
Gurke,0.74,151,2025-01-29
Paprika,0.93,55,2025-01-14
Zitrone,0.64,90,2025-01-14
Paprika,0.99,56,2025-02-09
Tomate,0.73,51,2025-01-12
Tomate,0.72,128,2025-02-01
Apfel,0.54,174,2025-01-27
Zitrone,0.56,163,2025-02-11
Banane,0.29,71,2025-01-28
Tomate,0.76,135,2025-01-31
Orange,0.66,157,2025-02-02
Orange,0.66,193,2025-01-12
Zitrone,0.55,59,2025-01-25
Apfel,0.46,164,2025-01-16
Zitrone,0.6,74,2025-02-10
Apfel,0.51,184,2025-01-18
Karotte,0.43,110,2025-01-17
Zitrone,0.59,71,2025-01-29
Karotte,0.4,64,2025-01-27
Paprika,1.05,93,2025-01-15
Karotte,0.36,167,2025-01-14
Paprika,1.09,102,2025-01-31
Tomate,0.67,73,2025-01-12
Apfel,0.46,78,2025-02-08
Paprika,1.05,143,2025-01-21
Orange,0.59,178,2025-01-24
Apfel,0.49,132,2025-01-18
Tomate,0.69,50,2025-02-10
Karotte,0.42,98,2025-01-31
Tomate,0.68,188,2025-01-14
Paprika,1.07,50,2025-01-25
Orange,0.71,141,2025-01-13
Gurke,0.86,176,2025-01-26
Karotte,0.42,83,2025-02-11
Tomate,0.72,177,2025-02-06
Orange,0.69,136,2025-01-26
Tomate,0.64,115,2025-01-17
Karotte,0.44,138,2025-01-20
Apfel,0.46,151,2025-01-26
Orange,0.62,118,2025-01-13
Paprika,1.07,130,2025-01-28
Orange,0.67,104,2025-02-09
Paprika,0.92,156,2025-01-31
Apfel,0.53,182,2025-01-28
Zitrone,0.59,80,2025-02-02
Zitrone,0.65,190,2025-01-15
Paprika,1.04,95,2025-02-04
Zitrone,0.58,92,2025-02-06
Karotte,0.38,174,2025-02-10
Paprika,0.94,129,2025-02-10
Karotte,0.42,150,2025-01-27
Orange,0.62,179,2025-01-21
Zitrone,0.55,59,2025-02-01
Apfel,0.54,196,2025-02-02
Apfel,0.51,124,2025-02-08
Zitrone,0.61,118,2025-01-20
Banane,0.29,197,2025-01-27
Paprika,0.98,107,2025-01-18
Karotte,0.42,148,2025-02-07
Zitrone,0.57,71,2025-02-03
Orange,0.63,103,2025-01-26
Karotte,0.37,89,2025-01-18
Karotte,0.38,61,2025-01-21
Gurke,0.88,106,2025-02-10
Gurke,0.86,137,2025-01-31
Zitrone,0.63,58,2025-02-02
Gurke,0.79,76,2025-01-12
Banane,0.32,182,2025-02-08
Karotte,0.37,199,2025-01-28
Gurke,0.72,165,2025-01-25
Zitrone,0.61,110,2025-02-06
Karotte,0.37,172,2025-01-29
Apfel,0.47,133,2025-01-30
Gurke,0.76,116,2025-01-16
Banane,0.3,89,2025-01-28
Zitrone,0.56,160,2025-02-04
Tomate,0.68,129,2025-02-06
Tomate,0.74,166,2025-01-15
Karotte,0.43,112,2025-01-21
Paprika,1.06,107,2025-01-15
Zitrone,0.63,132,2025-01-18
Karotte,0.42,80,2025-01-21
Zitrone,0.65,163,2025-01-22
Banane,0.32,108,2025-01-14
Banane,0.3,169,2025-01-31
Gurke,0.85,57,2025-02-03
Zitrone,0.59,137,2025-01-15
Banane,0.3,142,2025-01-22
Gurke,0.8,70,2025-02-02
Orange,0.67,68,2025-02-11
Gurke,0.86,129,2025-01-13
Zitrone,0.61,149,2025-01-15
Tomate,0.72,138,2025-02-03
Banane,0.3,130,2025-02-01
Paprika,0.91,112,2025-01-14
Zitrone,0.59,62,2025-02-07
Zitrone,0.66,113,2025-01-14
Karotte,0.42,134,2025-01-19
Gurke,0.83,88,2025-01-17
Zitrone,0.55,122,2025-01-13
Zitrone,0.64,72,2025-01-28
Zitrone,0.6,115,2025-02-07
Apfel,0.46,99,2025-02-05
Zitrone,0.65,194,2025-01-27
Banane,0.31,198,2025-02-05
Tomate,0.71,194,2025-01-30
Karotte,0.4,162,2025-01-22
Banane,0.33,195,2025-02-03
Apfel,0.52,80,2025-02-02
Paprika,0.91,160,2025-01-31
Zitrone,0.63,200,2025-01-21
Banane,0.3,183,2025-01-19
Banane,0.27,110,2025-01-19
Orange,0.7,82,2025-02-08
Banane,0.31,129,2025-01-31
Tomate,0.67,188,2025-01-19
Gurke,0.8,168,2025-01-29
Karotte,0.43,63,2025-01-19
Banane,0.29,109,2025-01-23
Tomate,0.64,147,2025-01-14
Gurke,0.76,187,2025-01-21
Gurke,0.83,106,2025-01-16
Banane,0.33,149,2025-01-29
Gurke,0.74,194,2025-01-20
Orange,0.61,69,2025-01-26
Zitrone,0.62,78,2025-01-23
Karotte,0.4,147,2025-02-03
Paprika,1.02,56,2025-01-29
Banane,0.3,165,2025-02-07
Banane,0.32,109,2025-02-01
Paprika,0.97,101,2025-01-15
Banane,0.27,120,2025-01-24
Banane,0.32,172,2025-02-05
Zitrone,0.65,186,2025-02-05
Tomate,0.67,149,2025-01-16
Paprika,0.92,136,2025-01-18
Tomate,0.7,131,2025-01-16
Karotte,0.37,99,2025-02-05
Tomate,0.63,144,2025-01-23
Gurke,0.77,125,2025-02-01
Paprika,1.06,67,2025-01-13
Gurke,0.87,143,2025-01-17
Paprika,0.93,107,2025-01-23
Gurke,0.85,172,2025-01-19
Zitrone,0.65,134,2025-01-30
Apfel,0.53,145,2025-01-29
Orange,0.64,119,2025-01-25
Gurke,0.78,177,2025-01-12
Karotte,0.41,72,2025-02-06
Zitrone,0.59,166,2025-01-26
Orange,0.68,68,2025-02-05
Gurke,0.73,159,2025-01-29
Zitrone,0.62,172,2025-02-06
Tomate,0.64,54,2025-02-04
Orange,0.59,94,2025-02-10
Apfel,0.49,92,2025-02-07
Karotte,0.39,185,2025-01-24
Zitrone,0.56,199,2025-01-20
Zitrone,0.65,54,2025-01-24
Tomate,0.64,114,2025-01-26
Tomate,0.63,57,2025-01-23
Tomate,0.69,92,2025-01-28
Apfel,0.5,176,2025-01-17
Zitrone,0.57,65,2025-02-06
Tomate,0.65,110,2025-01-20
Zitrone,0.55,104,2025-01-29
Karotte,0.43,79,2025-02-10
Orange,0.59,61,2025-01-31
Karotte,0.39,74,2025-01-15
Orange,0.59,166,2025-01-31
Zitrone,0.58,185,2025-01-29
Paprika,1.01,169,2025-01-20
Orange,0.6,195,2025-01-15
Karotte,0.4,71,2025-01-30
Zitrone,0.65,136,2025-02-04
Orange,0.69,197,2025-01-15
Paprika,0.95,121,2025-01-14
Paprika,1.09,137,2025-02-09
Gurke,0.79,188,2025-02-04
Zitrone,0.66,70,2025-02-05
Zitrone,0.65,77,2025-01-23
Tomate,0.73,55,2025-01-26
Apfel,0.45,67,2025-01-19
Orange,0.71,120,2025-01-31
Karotte,0.36,105,2025-01-29
Zitrone,0.63,132,2025-01-24
Paprika,1.01,198,2025-01-31
Apfel,0.54,149,2025-01-12
Karotte,0.36,176,2025-01-20
Zitrone,0.63,122,2025-01-20
Banane,0.29,105,2025-02-09
Paprika,0.93,118,2025-01-26
Paprika,1.02,59,2025-02-10
Tomate,0.73,129,2025-02-11
Banane,0.27,180,2025-01-18
Apfel,0.46,88,2025-01-22
Zitrone,0.57,200,2025-01-21
Orange,0.68,169,2025-02-08
Orange,0.63,158,2025-02-11
Gurke,0.79,65,2025-02-01
Zitrone,0.65,112,2025-01-27
Gurke,0.74,59,2025-01-15
Apfel,0.55,81,2025-01-23
Banane,0.31,85,2025-02-02
Zitrone,0.62,146,2025-01-27
Zitrone,0.66,155,2025-02-03
Gurke,0.74,118,2025-01-26
Zitrone,0.65,129,2025-01-31
Paprika,1.0,87,2025-02-07
Orange,0.71,57,2025-02-02
Zitrone,0.61,103,2025-01-18
Banane,0.3,153,2025-02-09
Karotte,0.42,65,2025-01-26
Karotte,0.38,68,2025-02-08
Zitrone,0.58,179,2025-01-20
Zitrone,0.66,173,2025-02-08
Paprika,0.9,59,2025-01-18
Paprika,0.97,161,2025-01-22
Apfel,0.55,138,2025-02-02
Orange,0.68,93,2025-01-15
Orange,0.65,96,2025-01-24
Paprika,0.91,119,2025-01-27
Apfel,0.45,74,2025-02-01
Paprika,1.09,110,2025-01-29
Tomate,0.7,136,2025-02-09
Apfel,0.5,149,2025-01-15
Orange,0.65,132,2025-01-12
Banane,0.27,92,2025-02-11
Orange,0.65,173,2025-01-18
Gurke,0.8,171,2025-01-24
Gurke,0.86,93,2025-01-13
Banane,0.31,87,2025-02-07
Apfel,0.47,124,2025-01-17
Paprika,0.97,188,2025-02-11
Zitrone,0.64,146,2025-01-20
Gurke,0.72,154,2025-01-18
Paprika,1.1,133,2025-02-10
Apfel,0.47,186,2025-01-31
Karotte,0.43,178,2025-02-07
Zitrone,0.61,116,2025-01-30
Zitrone,0.62,106,2025-01-13
Zitrone,0.55,85,2025-01-29
Orange,0.62,136,2025-01-31
Orange,0.62,55,2025-02-07
Paprika,1.03,100,2025-02-06
Apfel,0.53,139,2025-01-19
Orange,0.63,108,2025-01-17
Tomate,0.69,140,2025-01-19
Apfel,0.46,55,2025-01-12
Karotte,0.38,102,2025-02-11
Tomate,0.73,120,2025-01-16
Apfel,0.54,126,2025-01-19
Apfel,0.47,171,2025-02-09
Zitrone,0.65,189,2025-01-15
Orange,0.71,74,2025-01-19
Zitrone,0.6,166,2025-01-16
Zitrone,0.62,193,2025-01-13
Banane,0.28,82,2025-01-17
Apfel,0.48,74,2025-01-23
Karotte,0.39,52,2025-02-01
Gurke,0.86,187,2025-01-16
Gurke,0.87,122,2025-01-16
Paprika,1.09,93,2025-02-03
Tomate,0.7,144,2025-01-26
Paprika,0.97,103,2025-01-22
Apfel,0.46,151,2025-01-20
Zitrone,0.66,192,2025-01-17
Banane,0.29,149,2025-01-20
Apfel,0.47,146,2025-02-04
Tomate,0.69,185,2025-01-21
Apfel,0.5,96,2025-01-27
Karotte,0.41,89,2025-01-21
Zitrone,0.61,199,2025-01-24
Apfel,0.55,126,2025-01-12
Tomate,0.74,140,2025-01-17
Zitrone,0.63,110,2025-01-13
Apfel,0.52,113,2025-02-08
Apfel,0.55,56,2025-01-13
Paprika,1.04,142,2025-01-18
Banane,0.32,118,2025-02-11
Apfel,0.47,148,2025-02-08
Apfel,0.5,94,2025-01-27
Gurke,0.8,168,2025-01-23
Apfel,0.47,192,2025-02-04
Karotte,0.36,75,2025-02-11
Orange,0.68,199,2025-01-18
Paprika,1.01,108,2025-02-10
Apfel,0.52,115,2025-01-25
Zitrone,0.6,134,2025-01-14
Apfel,0.55,174,2025-01-26
Karotte,0.43,63,2025-01-23
Zitrone,0.65,111,2025-02-01
Karotte,0.38,89,2025-02-01
Paprika,0.97,131,2025-02-03
Gurke,0.75,52,2025-01-31
Gurke,0.78,83,2025-01-30
Karotte,0.44,194,2025-02-01
Gurke,0.76,112,2025-01-17
Zitrone,0.55,57,2025-01-20
Banane,0.32,173,2025-01-30
Banane,0.29,122,2025-02-03
Zitrone,0.65,145,2025-02-02
Orange,0.68,182,2025-02-04
Banane,0.33,130,2025-01-26
Gurke,0.73,112,2025-02-04
Gurke,0.81,64,2025-02-03
Karotte,0.43,87,2025-02-03
Orange,0.6,110,2025-01-27
Tomate,0.69,133,2025-01-12
Karotte,0.37,99,2025-02-11
Banane,0.32,173,2025-01-20
Orange,0.68,196,2025-02-06
Gurke,0.77,185,2025-01-25
Zitrone,0.56,70,2025-01-27
Paprika,1.07,122,2025-01-13
Karotte,0.41,55,2025-01-26
Gurke,0.82,184,2025-01-17
Orange,0.61,91,2025-01-12
Gurke,0.75,162,2025-02-10
Banane,0.3,165,2025-01-18
Apfel,0.54,101,2025-01-18
Karotte,0.4,174,2025-01-24
Zitrone,0.56,87,2025-02-01
Apfel,0.45,180,2025-01-20
Banane,0.29,130,2025-01-23
Apfel,0.52,113,2025-02-10
Orange,0.63,56,2025-02-10
Zitrone,0.55,191,2025-01-19
Banane,0.3,141,2025-01-20
Banane,0.29,59,2025-01-29
Banane,0.28,143,2025-01-31
Apfel,0.49,174,2025-01-26
Tomate,0.74,84,2025-01-21
Gurke,0.8,132,2025-02-05
Orange,0.68,174,2025-01-17
Tomate,0.76,66,2025-01-16
Tomate,0.71,63,2025-01-22
Zitrone,0.6,64,2025-01-13
Gurke,0.73,112,2025-02-11
Paprika,1.07,91,2025-02-10
Karotte,0.38,64,2025-02-07
Apfel,0.5,186,2025-01-23
Tomate,0.73,62,2025-01-15
Paprika,1.02,160,2025-02-03
Gurke,0.75,61,2025-02-08
Paprika,1.09,120,2025-02-03
Orange,0.7,125,2025-01-21
Orange,0.71,173,2025-01-14
Tomate,0.63,163,2025-02-02
Tomate,0.67,53,2025-02-01
Tomate,0.67,147,2025-02-08
Paprika,0.92,171,2025-02-08
Karotte,0.36,163,2025-01-29
Karotte,0.38,95,2025-02-09
Orange,0.67,131,2025-02-07
Paprika,1.06,90,2025-02-04
Apfel,0.46,156,2025-02-10
Paprika,1.08,57,2025-01-14
Apfel,0.46,126,2025-01-26
Karotte,0.41,91,2025-01-22
Karotte,0.38,143,2025-01-30
Tomate,0.77,75,2025-02-06
Orange,0.68,140,2025-02-02
Apfel,0.5,162,2025-01-26
Karotte,0.41,86,2025-01-30
Orange,0.67,167,2025-01-14
Tomate,0.75,87,2025-02-06
Apfel,0.53,188,2025-01-14
Zitrone,0.54,187,2025-01-20
Karotte,0.41,200,2025-01-30
Zitrone,0.56,158,2025-02-11
Orange,0.69,171,2025-01-16
Apfel,0.46,162,2025-01-24
Apfel,0.54,131,2025-01-21
Banane,0.28,98,2025-01-16
Tomate,0.75,184,2025-01-24
Banane,0.3,128,2025-01-18
Paprika,0.99,94,2025-02-03
Zitrone,0.6,177,2025-02-02
Gurke,0.76,53,2025-01-25
Gurke,0.86,168,2025-01-28
Banane,0.32,111,2025-02-10
Tomate,0.75,107,2025-02-08
Zitrone,0.59,152,2025-02-05
Orange,0.68,194,2025-01-14
Orange,0.68,116,2025-01-19
Tomate,0.67,88,2025-01-25
Karotte,0.36,131,2025-02-01
Tomate,0.66,75,2025-01-12
Paprika,0.93,121,2025-02-11
Gurke,0.86,77,2025-02-04
Tomate,0.74,163,2025-01-28
Gurke,0.87,105,2025-01-31
Orange,0.61,91,2025-01-28
Apfel,0.49,53,2025-01-26
Tomate,0.76,145,2025-02-03
Apfel,0.48,69,2025-02-06
Banane,0.31,154,2025-01-14
Tomate,0.68,56,2025-02-03
Karotte,0.4,164,2025-02-10
Paprika,0.97,158,2025-01-31
Banane,0.27,149,2025-01-16
Zitrone,0.59,128,2025-02-02
Tomate,0.64,150,2025-01-17
Gurke,0.86,68,2025-01-20
Gurke,0.73,115,2025-01-21
Karotte,0.4,91,2025-01-17
Gurke,0.87,174,2025-01-27
Zitrone,0.58,156,2025-02-01
Banane,0.3,170,2025-01-15
Paprika,1.07,118,2025-01-15
Zitrone,0.65,150,2025-01-20
Orange,0.61,59,2025-01-12
Orange,0.69,168,2025-02-10
Gurke,0.88,108,2025-02-03
Zitrone,0.66,128,2025-02-08
Zitrone,0.63,134,2025-01-27
Zitrone,0.59,192,2025-01-30
Banane,0.28,65,2025-01-30
Orange,0.65,62,2025-02-09
Tomate,0.7,175,2025-01-13
Gurke,0.82,171,2025-01-16
Gurke,0.84,64,2025-02-01
Karotte,0.4,145,2025-02-03
Zitrone,0.63,140,2025-02-06
Banane,0.33,81,2025-02-05
Zitrone,0.6,117,2025-01-29
Karotte,0.37,148,2025-01-24
Tomate,0.67,179,2025-01-22
Banane,0.31,127,2025-01-24
Karotte,0.36,138,2025-02-07
Tomate,0.75,177,2025-02-05
Orange,0.59,127,2025-01-23
Paprika,1.04,138,2025-02-09
Apfel,0.54,77,2025-01-25
Zitrone,0.54,58,2025-02-07
Tomate,0.67,197,2025-01-20
Karotte,0.43,191,2025-01-31
Gurke,0.76,134,2025-01-22
Gurke,0.73,136,2025-01-29
Banane,0.28,136,2025-01-16
Banane,0.3,127,2025-01-15
Paprika,0.92,72,2025-01-17
Orange,0.67,189,2025-01-13
Zitrone,0.63,57,2025-01-24
Tomate,0.66,57,2025-01-14
Zitrone,0.59,106,2025-01-26
Banane,0.31,179,2025-02-06
Apfel,0.53,189,2025-01-18
Tomate,0.7,123,2025-01-27
Zitrone,0.61,141,2025-01-16
Zitrone,0.59,56,2025-01-17
Zitrone,0.59,162,2025-02-01
Banane,0.31,176,2025-02-10
Banane,0.33,97,2025-01-17
Zitrone,0.56,194,2025-01-30
Zitrone,0.58,157,2025-01-21
Banane,0.29,116,2025-01-15
Gurke,0.87,157,2025-01-31
Orange,0.61,103,2025-01-26
Tomate,0.63,60,2025-02-09
Gurke,0.87,115,2025-01-16
Karotte,0.39,94,2025-02-01
Paprika,1.02,65,2025-02-11
Paprika,0.92,103,2025-01-19
Gurke,0.83,98,2025-01-21
Banane,0.31,97,2025-01-20
Paprika,0.95,127,2025-01-16
Tomate,0.65,156,2025-01-22
Orange,0.64,196,2025-02-09
Tomate,0.68,142,2025-01-27
Orange,0.62,185,2025-01-25
Paprika,1.1,85,2025-01-27
Karotte,0.39,79,2025-01-15
Orange,0.69,166,2025-01-30
Paprika,0.96,69,2025-01-26
Karotte,0.4,84,2025-01-18
Banane,0.3,121,2025-01-31
Paprika,0.98,50,2025-02-06
Paprika,0.91,118,2025-01-26
Zitrone,0.65,192,2025-01-30
Banane,0.31,185,2025-01-24
Orange,0.71,116,2025-02-11
Apfel,0.48,62,2025-01-13
Karotte,0.41,179,2025-01-23
Banane,0.29,164,2025-01-21
Zitrone,0.54,125,2025-01-26
Orange,0.66,74,2025-01-29
Paprika,1.07,177,2025-01-31
Karotte,0.38,65,2025-01-29
Tomate,0.7,75,2025-01-16
Gurke,0.83,96,2025-01-25
Karotte,0.43,98,2025-01-21
Apfel,0.48,150,2025-01-21
Tomate,0.71,148,2025-01-31
Tomate,0.69,142,2025-01-24
Paprika,1.0,138,2025-01-16
Tomate,0.73,179,2025-01-17
Paprika,1.08,84,2025-02-11
Banane,0.29,197,2025-02-09
Zitrone,0.59,161,2025-02-11
Paprika,0.94,72,2025-01-27
Banane,0.3,105,2025-01-27
Tomate,0.71,100,2025-02-09
Tomate,0.75,165,2025-02-08
Apfel,0.54,55,2025-01-15
Banane,0.31,64,2025-02-09
Gurke,0.81,101,2025-02-05
Karotte,0.42,171,2025-01-15
Paprika,0.94,161,2025-01-22
Banane,0.29,84,2025-01-12
Zitrone,0.59,77,2025-01-13
Zitrone,0.66,170,2025-02-07
Zitrone,0.63,85,2025-01-30
Zitrone,0.65,75,2025-01-21
Banane,0.28,129,2025-01-15
Paprika,1.01,80,2025-02-10
Orange,0.61,148,2025-01-13
Orange,0.7,75,2025-01-31
Orange,0.61,122,2025-01-15
Orange,0.64,107,2025-02-08
Paprika,0.96,74,2025-01-20
Paprika,1.01,52,2025-02-05
Banane,0.31,182,2025-01-23
Zitrone,0.65,89,2025-01-29
Gurke,0.88,156,2025-02-05
Apfel,0.51,84,2025-02-01
Zitrone,0.66,88,2025-02-02
Orange,0.71,170,2025-01-17
Banane,0.31,102,2025-01-15
Tomate,0.65,192,2025-02-09
Karotte,0.38,153,2025-02-03
Banane,0.31,128,2025-01-23
Karotte,0.38,188,2025-01-22
Tomate,0.65,166,2025-01-16
Apfel,0.49,122,2025-01-26
Tomate,0.74,56,2025-01-19
Tomate,0.75,98,2025-02-03
Zitrone,0.65,163,2025-01-23
Zitrone,0.64,153,2025-01-14
Apfel,0.5,175,2025-01-29
Karotte,0.4,118,2025-01-16
Gurke,0.85,79,2025-01-17
Tomate,0.73,136,2025-01-12
Paprika,1.03,116,2025-01-31
Banane,0.32,109,2025-01-23
Orange,0.66,148,2025-01-26
Gurke,0.76,184,2025-01-12
Gurke,0.83,200,2025-02-06
Banane,0.28,143,2025-01-14
Tomate,0.76,59,2025-01-14
Orange,0.7,126,2025-01-27
Orange,0.64,150,2025-02-02
Zitrone,0.59,113,2025-02-02
Banane,0.29,172,2025-01-23
Paprika,0.91,89,2025-01-19
Tomate,0.68,94,2025-02-09
Tomate,0.71,55,2025-02-07
Paprika,0.99,57,2025-02-11
Paprika,1.07,97,2025-01-20
Karotte,0.42,86,2025-02-03
Gurke,0.73,140,2025-02-05
Karotte,0.36,95,2025-01-30
Orange,0.71,97,2025-02-04
Apfel,0.53,58,2025-02-05
Orange,0.69,58,2025-02-02
Paprika,1.04,174,2025-02-04
Banane,0.31,127,2025-01-14
Apfel,0.53,185,2025-01-18
Paprika,0.91,167,2025-01-18
Banane,0.33,112,2025-02-04
Zitrone,0.62,114,2025-01-17
Gurke,0.86,96,2025-01-13
Zitrone,0.61,108,2025-01-21
Tomate,0.71,196,2025-01-17
Paprika,0.99,171,2025-01-21
Zitrone,0.59,57,2025-01-23
Paprika,1.02,196,2025-02-04
Apfel,0.48,98,2025-01-15
Gurke,0.8,192,2025-01-29
Karotte,0.43,136,2025-02-01
Orange,0.7,138,2025-01-21
Tomate,0.73,103,2025-01-27
Zitrone,0.63,183,2025-01-24
Banane,0.32,186,2025-01-16
Gurke,0.83,170,2025-02-03
Zitrone,0.6,150,2025-01-22
Paprika,1.03,57,2025-02-07
Paprika,1.06,104,2025-02-10
Zitrone,0.59,51,2025-01-17
Apfel,0.46,191,2025-02-05
Banane,0.28,75,2025-01-27
Apfel,0.45,111,2025-01-28
Tomate,0.7,137,2025-01-17
Karotte,0.37,56,2025-01-12
Orange,0.7,96,2025-02-10
Apfel,0.53,67,2025-01-22
Zitrone,0.56,54,2025-01-20
Orange,0.7,63,2025-01-29
Karotte,0.44,106,2025-01-18
Apfel,0.45,94,2025-02-04
Karotte,0.4,191,2025-02-06
Banane,0.32,192,2025-01-15
Karotte,0.36,65,2025-01-12
Karotte,0.38,52,2025-02-06
Zitrone,0.61,161,2025-02-03
Orange,0.66,82,2025-02-09
Banane,0.32,140,2025-02-04
Paprika,1.0,112,2025-01-24
Gurke,0.86,69,2025-01-17
Karotte,0.41,104,2025-01-16
Gurke,0.76,73,2025-01-26
Paprika,1.01,96,2025-02-08
Gurke,0.73,101,2025-01-13
Banane,0.31,129,2025-02-06
Karotte,0.44,62,2025-01-29
Paprika,0.96,162,2025-01-31
Tomate,0.7,51,2025-01-15
Tomate,0.67,139,2025-01-12
Gurke,0.83,97,2025-01-16
Banane,0.32,73,2025-02-10
Tomate,0.63,200,2025-02-07
Tomate,0.64,172,2025-01-26
Tomate,0.66,121,2025-02-09
Banane,0.28,138,2025-01-26
Orange,0.6,67,2025-01-25
Orange,0.59,172,2025-02-06
Banane,0.31,98,2025-02-04
Gurke,0.81,164,2025-01-26
Karotte,0.36,127,2025-01-28
Banane,0.33,98,2025-01-13
Karotte,0.4,76,2025-01-12
Gurke,0.86,127,2025-01-21
Tomate,0.68,142,2025-02-08
Zitrone,0.61,88,2025-01-15
Orange,0.59,188,2025-02-10
Orange,0.66,177,2025-02-01
Apfel,0.55,63,2025-02-09
Gurke,0.84,73,2025-01-20
Banane,0.32,197,2025-01-20
Banane,0.27,181,2025-01-18
Paprika,1.08,62,2025-01-26
Zitrone,0.61,61,2025-01-12
Paprika,1.09,116,2025-02-05
Karotte,0.37,116,2025-01-31
Banane,0.3,134,2025-02-05
Orange,0.61,59,2025-01-17
Apfel,0.53,144,2025-01-16
Gurke,0.77,175,2025-02-07
Orange,0.69,145,2025-02-10
Gurke,0.75,130,2025-01-14
Tomate,0.75,185,2025-01-23
Karotte,0.43,92,2025-01-12
Apfel,0.5,98,2025-01-21
Zitrone,0.57,166,2025-01-12
Karotte,0.43,112,2025-01-22
Tomate,0.7,143,2025-01-18
Paprika,1.0,162,2025-02-05
Orange,0.67,166,2025-02-05
Orange,0.63,56,2025-02-07
Tomate,0.66,58,2025-01-19
Banane,0.29,159,2025-01-12
Karotte,0.44,151,2025-01-23
Tomate,0.74,78,2025-02-07
Gurke,0.86,167,2025-01-13
Tomate,0.71,80,2025-02-08
Banane,0.27,58,2025-01-28
Paprika,0.96,77,2025-01-22
Apfel,0.48,190,2025-01-23
Banane,0.31,200,2025-02-03
Karotte,0.41,150,2025-01-24
Gurke,0.77,69,2025-02-06
Gurke,0.86,127,2025-01-25
Gurke,0.87,104,2025-02-08
Banane,0.33,84,2025-01-12
Tomate,0.66,159,2025-01-24
Karotte,0.42,65,2025-01-12
Orange,0.59,170,2025-01-25
Tomate,0.64,119,2025-02-02
Zitrone,0.59,109,2025-01-18
Apfel,0.54,70,2025-01-29
Zitrone,0.55,64,2025-01-14
Zitrone,0.66,101,2025-01-13
Gurke,0.84,73,2025-02-07
Apfel,0.47,133,2025-02-11
Gurke,0.75,110,2025-01-23
Tomate,0.7,58,2025-01-18
Orange,0.71,169,2025-01-18
Paprika,0.98,196,2025-01-23
Orange,0.63,126,2025-02-05
Zitrone,0.6,124,2025-01-20
Tomate,0.72,194,2025-01-19
Orange,0.68,187,2025-02-03
Zitrone,0.61,72,2025-02-10
Zitrone,0.56,59,2025-02-02
Paprika,1.05,68,2025-02-06
Tomate,0.69,96,2025-01-25
Zitrone,0.58,68,2025-02-09
Orange,0.64,81,2025-01-27
Tomate,0.73,152,2025-01-31
Orange,0.61,159,2025-02-01
Apfel,0.49,108,2025-02-01
Zitrone,0.55,148,2025-01-18
Zitrone,0.62,63,2025-01-28
Karotte,0.43,120,2025-01-24
Tomate,0.73,169,2025-01-13
Paprika,0.95,55,2025-01-29
Tomate,0.74,69,2025-02-10
Zitrone,0.64,131,2025-01-14
Zitrone,0.61,162,2025-02-03
Tomate,0.67,156,2025-01-30
Apfel,0.49,90,2025-01-14
Karotte,0.4,72,2025-02-08
Banane,0.28,195,2025-02-07
Orange,0.71,121,2025-01-21
Orange,0.64,140,2025-01-23
Gurke,0.72,183,2025-01-27
Orange,0.7,157,2025-01-26
Tomate,0.66,199,2025-01-26
Tomate,0.64,62,2025-01-25
Gurke,0.72,165,2025-01-29
Orange,0.61,166,2025-02-09
Apfel,0.52,144,2025-01-14
Orange,0.62,137,2025-02-09
Gurke,0.81,181,2025-01-30
Apfel,0.52,53,2025-02-11
Apfel,0.45,71,2025-01-19
Tomate,0.65,143,2025-02-02
Apfel,0.48,79,2025-02-09
Paprika,0.98,148,2025-02-09
Paprika,1.05,125,2025-02-10
Banane,0.29,99,2025-01-31
Karotte,0.38,60,2025-01-19
Paprika,1.01,74,2025-01-28
Apfel,0.54,106,2025-02-11
Karotte,0.41,73,2025-02-11
Karotte,0.37,90,2025-02-04
Gurke,0.8,112,2025-02-10
Apfel,0.5,112,2025-01-14
Karotte,0.4,169,2025-01-22
Tomate,0.68,66,2025-01-27
Karotte,0.4,146,2025-02-01
Paprika,0.96,137,2025-02-06
Orange,0.63,146,2025-02-06
Zitrone,0.58,54,2025-02-04
Paprika,1.0,127,2025-02-01
Karotte,0.36,193,2025-02-10
Apfel,0.54,125,2025-02-03
Zitrone,0.66,153,2025-02-01
Orange,0.6,159,2025-01-21
Gurke,0.76,130,2025-01-28
Orange,0.69,133,2025-01-13
Zitrone,0.61,144,2025-01-25
Karotte,0.4,130,2025-02-10
Tomate,0.63,184,2025-02-06
Gurke,0.83,63,2025-01-29
Banane,0.27,151,2025-02-05
Orange,0.68,192,2025-02-04
Tomate,0.76,58,2025-02-07
Paprika,1.08,95,2025-01-14
Gurke,0.86,131,2025-02-07
Apfel,0.55,198,2025-02-06
Apfel,0.54,74,2025-01-28
Tomate,0.72,153,2025-02-01
Apfel,0.48,50,2025-02-01
Banane,0.29,90,2025-02-03
Banane,0.32,174,2025-02-08
Zitrone,0.58,158,2025-02-06
Gurke,0.82,94,2025-02-10
Tomate,0.71,116,2025-01-26
Zitrone,0.6,75,2025-01-25
Orange,0.71,108,2025-02-02
Orange,0.69,120,2025-01-27
Banane,0.28,121,2025-01-16
Paprika,0.9,99,2025-01-29
Paprika,0.97,129,2025-02-05
Banane,0.31,52,2025-02-06
Karotte,0.4,152,2025-01-18
Gurke,0.76,98,2025-01-26
Zitrone,0.56,80,2025-01-14
Gurke,0.79,158,2025-01-29
Banane,0.3,121,2025-01-15
Banane,0.31,73,2025-01-16
Paprika,1.04,111,2025-02-11
Paprika,0.92,121,2025-01-22
Zitrone,0.64,102,2025-01-29
Paprika,1.0,152,2025-01-19
Paprika,1.05,99,2025-01-18
Orange,0.66,95,2025-01-15
Tomate,0.73,134,2025-01-24
Karotte,0.41,87,2025-02-06
Banane,0.29,163,2025-02-03
Apfel,0.53,109,2025-01-26
Apfel,0.46,139,2025-02-01
Orange,0.68,153,2025-01-17
Zitrone,0.63,59,2025-01-18
Apfel,0.48,63,2025-02-03
Orange,0.62,186,2025-01-29
Karotte,0.44,155,2025-01-15
Tomate,0.7,111,2025-01-12
Tomate,0.76,101,2025-01-25
Paprika,1.05,161,2025-01-15
Paprika,0.92,150,2025-01-24
Gurke,0.81,160,2025-01-28
Apfel,0.53,83,2025-02-02
Orange,0.68,127,2025-01-15
Apfel,0.52,174,2025-02-03
Apfel,0.51,147,2025-02-06
Orange,0.69,140,2025-01-30
Banane,0.28,129,2025-01-24
Zitrone,0.6,177,2025-01-21
Paprika,1.06,73,2025-01-14
Gurke,0.78,157,2025-02-09
Apfel,0.52,105,2025-01-29
Orange,0.61,162,2025-02-05
Paprika,1.08,188,2025-01-15
Paprika,0.99,55,2025-02-02
Apfel,0.5,113,2025-01-18
Zitrone,0.6,58,2025-01-13
Paprika,0.94,133,2025-02-11
Banane,0.27,128,2025-01-29
Orange,0.68,71,2025-01-13
Banane,0.3,149,2025-02-04
Tomate,0.65,160,2025-01-13
Zitrone,0.62,58,2025-01-21
Zitrone,0.55,181,2025-01-15
Gurke,0.78,147,2025-01-20
Paprika,1.01,95,2025-02-04
Apfel,0.49,192,2025-01-29
Apfel,0.47,171,2025-01-20
Gurke,0.82,107,2025-01-28
Karotte,0.37,179,2025-01-17
Paprika,0.95,199,2025-01-15
Banane,0.32,194,2025-01-18
Tomate,0.63,164,2025-01-22
Paprika,1.0,153,2025-01-21
Apfel,0.48,194,2025-02-01
Karotte,0.37,112,2025-02-09
Gurke,0.75,135,2025-01-20
Orange,0.71,197,2025-01-23
Tomate,0.76,123,2025-01-22
Paprika,1.01,97,2025-01-18
Orange,0.71,111,2025-01-14
Orange,0.69,104,2025-01-23
Banane,0.31,90,2025-01-24
Zitrone,0.62,180,2025-02-06
Apfel,0.49,98,2025-01-31
Paprika,1.04,134,2025-01-27
Apfel,0.45,159,2025-01-15
Paprika,0.97,178,2025-02-05
Karotte,0.42,156,2025-02-06
Paprika,1.06,170,2025-01-22
Apfel,0.48,165,2025-02-02
Tomate,0.73,50,2025-01-16
Banane,0.32,159,2025-01-15
Tomate,0.73,156,2025-01-17
Zitrone,0.63,177,2025-02-07
Banane,0.33,198,2025-02-04
Karotte,0.42,64,2025-02-04
Banane,0.29,99,2025-01-31
Karotte,0.4,73,2025-02-05
Orange,0.65,92,2025-02-06
Tomate,0.75,57,2025-01-29
Banane,0.33,191,2025-01-24
Paprika,0.91,107,2025-02-05
Tomate,0.7,107,2025-02-04
Gurke,0.72,125,2025-01-21
Gurke,0.87,198,2025-01-18
Zitrone,0.66,122,2025-02-11
Orange,0.66,173,2025-01-27
Apfel,0.47,188,2025-02-08
Banane,0.3,198,2025-02-06
Karotte,0.41,82,2025-01-18
Orange,0.67,59,2025-02-11
Tomate,0.73,124,2025-01-12
Paprika,0.96,158,2025-01-15
Gurke,0.76,88,2025-02-10
Apfel,0.52,131,2025-01-29
Orange,0.63,196,2025-01-28
Apfel,0.52,68,2025-01-27
Zitrone,0.6,159,2025-01-31
Paprika,1.1,74,2025-01-19
Apfel,0.49,126,2025-01-15
Orange,0.61,61,2025-01-26
Apfel,0.55,95,2025-02-07
Karotte,0.39,96,2025-01-20
Karotte,0.39,89,2025-01-27
Apfel,0.5,91,2025-01-16
Apfel,0.52,103,2025-01-12
Karotte,0.41,183,2025-01-25
Tomate,0.67,76,2025-02-01
Apfel,0.52,143,2025-01-14
Banane,0.27,148,2025-02-02
Banane,0.29,162,2025-01-12
Paprika,0.95,189,2025-02-11
Orange,0.68,155,2025-01-21
Paprika,1.08,190,2025-01-28
Banane,0.27,66,2025-02-03
Orange,0.69,192,2025-01-20
Apfel,0.49,88,2025-01-22
Orange,0.65,137,2025-01-29
Zitrone,0.6,148,2025-02-01
Orange,0.62,139,2025-02-07
Gurke,0.72,71,2025-01-26
Tomate,0.68,62,2025-01-20
Banane,0.27,61,2025-01-16
Orange,0.69,112,2025-01-22
Apfel,0.5,88,2025-01-30
Paprika,1.03,150,2025-01-26
Apfel,0.53,86,2025-02-02
Karotte,0.41,91,2025-01-21
Banane,0.29,141,2025-01-22
Apfel,0.54,133,2025-02-08
Apfel,0.48,107,2025-01-14
Zitrone,0.58,80,2025-01-30
Orange,0.66,140,2025-02-10
Karotte,0.4,141,2025-02-03
Apfel,0.48,92,2025-01-21
Tomate,0.69,137,2025-02-09
Tomate,0.68,74,2025-01-23
Tomate,0.65,155,2025-01-29
Karotte,0.43,78,2025-01-27
Karotte,0.41,196,2025-02-07
Karotte,0.4,91,2025-02-04
Apfel,0.53,51,2025-01-13
Tomate,0.77,193,2025-02-02
Tomate,0.66,153,2025-01-21
Banane,0.29,192,2025-02-10
Banane,0.3,140,2025-01-30
Banane,0.31,103,2025-02-06
Zitrone,0.56,161,2025-02-03
Tomate,0.74,139,2025-01-12
Tomate,0.66,112,2025-01-31
Zitrone,0.59,167,2025-02-11
Banane,0.28,162,2025-01-26
Banane,0.27,170,2025-01-28
Zitrone,0.54,172,2025-01-26
Apfel,0.47,165,2025-01-16
Zitrone,0.62,163,2025-01-24
Paprika,1.0,136,2025-02-02
Tomate,0.69,120,2025-01-25
Zitrone,0.65,130,2025-02-07
Karotte,0.39,184,2025-01-14
Apfel,0.53,128,2025-02-11
Paprika,1.04,100,2025-02-01
Paprika,0.93,194,2025-02-11
Paprika,1.04,126,2025-02-06
Karotte,0.42,73,2025-02-06
Banane,0.29,154,2025-02-05
Banane,0.28,94,2025-01-17
Apfel,0.53,191,2025-01-13
Gurke,0.82,74,2025-02-08
Zitrone,0.56,54,2025-01-24
Tomate,0.67,140,2025-02-01
Paprika,1.03,121,2025-02-10
Banane,0.31,108,2025-02-06
Karotte,0.38,173,2025-01-16
Banane,0.29,171,2025-02-05
Gurke,0.75,55,2025-01-17
Tomate,0.7,104,2025-02-01
Orange,0.6,151,2025-02-02
Orange,0.62,64,2025-01-19
Karotte,0.41,171,2025-02-10
Karotte,0.39,85,2025-02-01
Zitrone,0.55,154,2025-01-23
Tomate,0.71,90,2025-01-25
Apfel,0.47,128,2025-02-02
Paprika,0.99,198,2025-02-11
Tomate,0.68,130,2025-02-06
Paprika,0.93,153,2025-01-26
Paprika,0.92,121,2025-01-27
Zitrone,0.65,74,2025-02-06
Gurke,0.83,90,2025-01-31
Paprika,0.91,158,2025-01-20
Tomate,0.71,156,2025-01-30
Banane,0.27,167,2025-01-18
Gurke,0.83,180,2025-01-28
Karotte,0.36,101,2025-01-25
Gurke,0.8,92,2025-02-04
Karotte,0.43,137,2025-02-04
Apfel,0.46,130,2025-01-31
Paprika,0.95,170,2025-01-12
Gurke,0.85,165,2025-02-09
Tomate,0.68,59,2025-01-19
Paprika,1.03,197,2025-01-14
Banane,0.28,126,2025-01-24
Paprika,1.07,163,2025-01-18
Karotte,0.38,171,2025-01-19
Orange,0.63,187,2025-01-28
Zitrone,0.59,131,2025-01-20
Karotte,0.39,85,2025-02-08
Zitrone,0.57,166,2025-01-31
Banane,0.32,173,2025-02-04
Apfel,0.54,149,2025-01-19
Apfel,0.54,58,2025-01-30
Paprika,1.06,51,2025-01-13
Karotte,0.44,149,2025-01-12
Gurke,0.87,123,2025-02-08
Tomate,0.73,143,2025-02-10
Gurke,0.78,139,2025-02-02
Orange,0.7,65,2025-01-24
Tomate,0.76,133,2025-01-23
Banane,0.3,154,2025-01-26
Orange,0.6,162,2025-01-24
Karotte,0.42,56,2025-02-05
Banane,0.31,185,2025-01-15
Gurke,0.82,199,2025-01-18
Banane,0.28,153,2025-01-17
Karotte,0.37,174,2025-01-31
Orange,0.66,88,2025-02-08
Karotte,0.42,59,2025-01-31
Karotte,0.42,56,2025-02-01
Karotte,0.4,52,2025-01-13
Orange,0.6,87,2025-02-11
Karotte,0.41,133,2025-02-06
Gurke,0.77,170,2025-02-06
Paprika,0.91,167,2025-01-14
Tomate,0.72,167,2025-01-19
Karotte,0.39,97,2025-01-15
Tomate,0.72,79,2025-02-10
Gurke,0.83,136,2025-02-11
Gurke,0.74,197,2025-01-21
Paprika,1.02,180,2025-01-15
Paprika,0.98,175,2025-01-16
Karotte,0.38,105,2025-01-16
Zitrone,0.61,65,2025-02-07
Tomate,0.71,189,2025-02-09
Gurke,0.87,143,2025-01-23
Tomate,0.72,190,2025-01-12
Zitrone,0.59,129,2025-02-04
Banane,0.3,128,2025-02-05
Tomate,0.72,163,2025-02-11
Paprika,0.9,126,2025-02-09
Banane,0.31,62,2025-01-27
Banane,0.3,167,2025-02-07
Banane,0.3,178,2025-02-09
Orange,0.6,156,2025-01-22
Tomate,0.7,154,2025-02-03
Tomate,0.7,62,2025-01-15
Tomate,0.7,116,2025-01-15
Orange,0.61,78,2025-02-11
Karotte,0.44,171,2025-01-25
Karotte,0.4,181,2025-02-04
Gurke,0.73,171,2025-01-14
Orange,0.61,104,2025-02-08
Apfel,0.45,118,2025-01-19
Orange,0.69,165,2025-01-27
Apfel,0.49,136,2025-01-19
Orange,0.61,51,2025-02-03
Zitrone,0.65,177,2025-01-29
Zitrone,0.6,137,2025-01-19
Paprika,0.93,149,2025-01-19
Paprika,0.91,78,2025-01-24
Apfel,0.48,63,2025-01-18
Gurke,0.81,77,2025-02-07
Karotte,0.43,174,2025-02-10
Paprika,1.04,120,2025-02-01
Apfel,0.47,85,2025-02-09
Banane,0.31,68,2025-01-27
Gurke,0.72,62,2025-01-14
Orange,0.68,97,2025-02-09
Karotte,0.41,155,2025-01-31
Apfel,0.51,75,2025-01-28
Karotte,0.43,109,2025-02-09
Zitrone,0.61,64,2025-02-10
Karotte,0.41,71,2025-01-20
Zitrone,0.61,86,2025-01-31
Zitrone,0.64,81,2025-01-14
Tomate,0.69,67,2025-01-24
Karotte,0.37,67,2025-01-24
Orange,0.66,117,2025-02-10
Apfel,0.5,95,2025-01-19
Banane,0.32,67,2025-02-04
Tomate,0.65,175,2025-01-25
Banane,0.31,68,2025-01-19
Zitrone,0.57,141,2025-01-15
Karotte,0.38,94,2025-01-15
Gurke,0.85,83,2025-01-31
Karotte,0.38,168,2025-02-01
Zitrone,0.64,192,2025-02-01
Banane,0.31,186,2025-01-29
Apfel,0.47,146,2025-02-05
Paprika,1.09,134,2025-01-24
Banane,0.31,53,2025-01-29
Gurke,0.85,72,2025-01-21
Orange,0.7,199,2025-01-12
Banane,0.31,107,2025-01-30
Zitrone,0.65,152,2025-02-04
Karotte,0.37,177,2025-01-16
Tomate,0.72,177,2025-01-27
Tomate,0.68,170,2025-01-15
Tomate,0.7,127,2025-01-22
Karotte,0.38,127,2025-01-13
Paprika,1.05,114,2025-02-06
Gurke,0.72,74,2025-01-26
Tomate,0.68,120,2025-01-20
Zitrone,0.62,70,2025-01-24
Zitrone,0.59,149,2025-02-10
Paprika,1.08,59,2025-02-01
Banane,0.32,124,2025-02-09
Apfel,0.55,143,2025-01-21
Orange,0.64,94,2025-01-27
Karotte,0.41,55,2025-02-03
Banane,0.3,174,2025-02-05
Tomate,0.68,184,2025-02-06
Apfel,0.52,152,2025-01-24
Apfel,0.51,171,2025-02-01
Gurke,0.76,143,2025-02-11
Orange,0.71,134,2025-01-17
Gurke,0.86,106,2025-01-12
Tomate,0.64,167,2025-02-07
Gurke,0.82,188,2025-01-23
Karotte,0.38,69,2025-01-17
Karotte,0.43,61,2025-01-25
Tomate,0.67,84,2025-01-30
Paprika,0.93,124,2025-01-24
Zitrone,0.54,152,2025-01-30
Banane,0.32,151,2025-01-20
Apfel,0.5,113,2025-01-28
Gurke,0.73,200,2025-01-19
Zitrone,0.6,134,2025-02-03
Karotte,0.43,69,2025-01-12
Paprika,1.05,96,2025-01-21
Karotte,0.43,174,2025-02-10
Paprika,1.03,130,2025-01-21
Karotte,0.37,95,2025-01-30
Karotte,0.4,183,2025-02-01
Apfel,0.47,154,2025-01-22
Gurke,0.76,146,2025-01-27
Paprika,1.03,114,2025-02-06
Paprika,1.02,118,2025-01-25
Orange,0.66,178,2025-01-28
Apfel,0.48,64,2025-02-08
Orange,0.66,125,2025-01-25
Tomate,0.63,91,2025-01-29
Apfel,0.51,68,2025-01-17
Karotte,0.4,120,2025-01-13
Zitrone,0.55,177,2025-01-26
Gurke,0.76,180,2025-01-26
Banane,0.3,164,2025-02-08
Banane,0.3,68,2025-01-18
Tomate,0.72,174,2025-01-27
Apfel,0.47,130,2025-02-09
Zitrone,0.62,113,2025-01-24
Gurke,0.8,72,2025-01-16
Orange,0.66,185,2025-02-08
Paprika,1.06,111,2025-01-23
Banane,0.29,184,2025-02-01
Zitrone,0.65,97,2025-01-13
Banane,0.3,58,2025-02-01
Orange,0.62,139,2025-01-16
Gurke,0.72,152,2025-01-12
Orange,0.64,168,2025-01-17
Karotte,0.41,156,2025-02-08
Zitrone,0.6,133,2025-01-19
Gurke,0.82,71,2025-01-25
Karotte,0.38,193,2025-01-19
Paprika,1.08,198,2025-02-11
Paprika,0.94,66,2025-02-07
Apfel,0.55,156,2025-01-28
Orange,0.65,189,2025-01-31
Apfel,0.51,158,2025-02-09
Banane,0.29,150,2025-02-02
Zitrone,0.57,61,2025-01-29
Paprika,1.08,54,2025-02-07
Apfel,0.55,154,2025-01-31
Paprika,1.08,107,2025-01-16
Paprika,1.03,103,2025-01-14
Orange,0.69,85,2025-02-09
Banane,0.28,95,2025-02-05
Zitrone,0.59,54,2025-02-05
Tomate,0.71,117,2025-02-06
Banane,0.32,184,2025-01-23
Karotte,0.36,88,2025-01-17
Karotte,0.37,107,2025-01-19
Orange,0.68,172,2025-01-22
Karotte,0.38,74,2025-01-26
Banane,0.3,113,2025-01-20
Orange,0.67,184,2025-01-23
Karotte,0.37,107,2025-02-01
Orange,0.71,130,2025-02-10
Paprika,0.99,165,2025-02-09
Gurke,0.75,73,2025-02-02
Banane,0.31,158,2025-02-07
Banane,0.31,127,2025-01-16
Banane,0.32,188,2025-01-18
Orange,0.65,184,2025-01-25
Karotte,0.37,167,2025-01-30
Karotte,0.4,104,2025-01-21
Karotte,0.41,97,2025-02-08
Orange,0.68,187,2025-02-06
Banane,0.32,190,2025-01-31
Banane,0.31,64,2025-01-29
Paprika,0.92,170,2025-01-25
Gurke,0.85,88,2025-01-28
Orange,0.67,158,2025-01-19
Banane,0.31,168,2025-01-25
Tomate,0.75,112,2025-01-16
Paprika,0.98,178,2025-01-14
Tomate,0.69,191,2025-01-27
Orange,0.59,97,2025-02-09
Orange,0.67,75,2025-01-23
Orange,0.67,186,2025-01-30
Paprika,0.95,63,2025-01-22
Banane,0.28,73,2025-01-16
Gurke,0.81,119,2025-01-23
Orange,0.66,100,2025-01-29
Karotte,0.43,138,2025-01-27
Zitrone,0.65,119,2025-02-03
Paprika,0.95,151,2025-01-21
Paprika,1.09,107,2025-01-16
Orange,0.64,173,2025-02-02
Tomate,0.66,104,2025-01-24
Tomate,0.75,142,2025-01-25
Banane,0.31,134,2025-01-20
Apfel,0.5,68,2025-02-05
Tomate,0.73,154,2025-02-08
Gurke,0.75,67,2025-02-09
Gurke,0.83,161,2025-02-05
Banane,0.28,197,2025-01-18
Zitrone,0.61,107,2025-01-28
Orange,0.63,50,2025-01-28
Tomate,0.66,132,2025-02-05
Orange,0.67,152,2025-01-29
Gurke,0.85,100,2025-01-14
Tomate,0.76,133,2025-01-25
Paprika,0.94,56,2025-01-20
Apfel,0.49,160,2025-01-25
Gurke,0.79,137,2025-01-25
Gurke,0.77,55,2025-02-08
Gurke,0.86,149,2025-01-23
Apfel,0.51,155,2025-01-21
Karotte,0.44,178,2025-01-13
Apfel,0.5,57,2025-02-02
Apfel,0.49,99,2025-01-17
Zitrone,0.56,149,2025-01-24
Tomate,0.72,113,2025-02-02
Apfel,0.5,130,2025-01-26
Karotte,0.37,121,2025-01-19
Paprika,1.1,83,2025-01-16
Apfel,0.45,175,2025-01-14
Tomate,0.69,98,2025-01-13
Zitrone,0.6,77,2025-01-22
Tomate,0.7,154,2025-01-19
Banane,0.29,135,2025-02-03
Karotte,0.36,125,2025-02-07
Zitrone,0.56,191,2025-01-25
Apfel,0.51,152,2025-02-01
Banane,0.33,142,2025-02-11
Tomate,0.74,151,2025-01-16
Paprika,0.98,183,2025-01-19
Orange,0.59,174,2025-01-24
Apfel,0.5,90,2025-01-25
Tomate,0.64,196,2025-01-22
Apfel,0.45,154,2025-01-15
Banane,0.32,121,2025-01-30
Orange,0.65,112,2025-01-25
Karotte,0.39,63,2025-02-06
Karotte,0.4,92,2025-01-25
Gurke,0.83,65,2025-01-20
Paprika,1.09,167,2025-02-02
Gurke,0.83,107,2025-01-19
Paprika,0.93,95,2025-02-04
Banane,0.33,178,2025-01-18
Zitrone,0.58,72,2025-01-17
Orange,0.66,127,2025-01-19
Paprika,1.07,115,2025-01-25
Apfel,0.52,151,2025-02-06
Zitrone,0.59,121,2025-01-22
Karotte,0.44,139,2025-01-26
Apfel,0.49,115,2025-01-17
Karotte,0.38,167,2025-01-19
Banane,0.27,159,2025-01-16
Apfel,0.52,178,2025-02-10
Tomate,0.7,58,2025-02-10
Zitrone,0.55,102,2025-01-25
Orange,0.63,87,2025-02-08
Karotte,0.38,145,2025-01-17
Paprika,0.93,81,2025-01-25
Paprika,1.01,143,2025-01-16
Orange,0.71,134,2025-02-11
Apfel,0.48,185,2025-01-27
Karotte,0.38,60,2025-01-18
Karotte,0.37,140,2025-01-31
Tomate,0.7,72,2025-01-16
Zitrone,0.64,90,2025-02-04
Orange,0.7,180,2025-01-18
Banane,0.27,171,2025-01-23
Zitrone,0.64,99,2025-01-17
Karotte,0.36,76,2025-02-11
Orange,0.7,145,2025-01-18
Paprika,0.94,111,2025-01-12
Karotte,0.39,160,2025-02-06
Gurke,0.81,75,2025-02-11
Zitrone,0.56,139,2025-02-08
Zitrone,0.65,75,2025-01-17
Orange,0.61,139,2025-01-21
Apfel,0.48,74,2025-01-15
Orange,0.66,117,2025-01-13
Gurke,0.77,98,2025-01-19
Zitrone,0.55,53,2025-01-29
Apfel,0.54,93,2025-02-03
Karotte,0.37,150,2025-01-31
Gurke,0.8,160,2025-01-17
Zitrone,0.64,165,2025-01-26
Paprika,0.91,184,2025-02-03
Tomate,0.7,164,2025-01-26
Banane,0.31,90,2025-01-23
Zitrone,0.65,191,2025-02-07
Tomate,0.7,178,2025-01-17
Orange,0.59,75,2025-01-22
Banane,0.3,105,2025-01-31
Orange,0.62,61,2025-01-23
Banane,0.32,55,2025-01-12
Zitrone,0.65,81,2025-01-30
Tomate,0.68,159,2025-01-20
Orange,0.63,60,2025-02-05
Karotte,0.39,137,2025-02-01
Orange,0.7,55,2025-02-02
Orange,0.65,111,2025-01-30
Zitrone,0.57,187,2025-01-23
Banane,0.32,109,2025-02-05
Orange,0.61,182,2025-01-24
Karotte,0.39,135,2025-02-02
Apfel,0.49,65,2025-01-24
Tomate,0.68,147,2025-02-05
Orange,0.63,136,2025-01-18
Apfel,0.47,84,2025-01-27
Orange,0.71,78,2025-02-08
Apfel,0.54,144,2025-01-13
Zitrone,0.63,122,2025-02-09
Paprika,1.02,139,2025-01-21
Karotte,0.37,56,2025-01-25
Orange,0.65,180,2025-02-04
Paprika,1.08,90,2025-02-06
Tomate,0.67,126,2025-01-20
Gurke,0.86,166,2025-02-07
Tomate,0.66,95,2025-02-08
Gurke,0.79,184,2025-02-06
Banane,0.32,177,2025-02-11
Tomate,0.68,145,2025-01-14
Paprika,1.03,91,2025-02-08
Zitrone,0.6,97,2025-01-30
Tomate,0.63,106,2025-01-15
Gurke,0.77,122,2025-02-10
Banane,0.29,86,2025-02-10
Zitrone,0.59,115,2025-02-03
Gurke,0.88,67,2025-02-10
Apfel,0.51,142,2025-01-20
Apfel,0.47,107,2025-01-17
Orange,0.65,108,2025-02-08
Zitrone,0.66,107,2025-01-29
Banane,0.29,115,2025-01-16
Zitrone,0.54,128,2025-02-04
Paprika,1.06,174,2025-01-23
Paprika,0.92,193,2025-01-13
Karotte,0.41,157,2025-02-05
Apfel,0.45,77,2025-01-31
Orange,0.71,197,2025-01-19
Gurke,0.73,79,2025-01-27
Gurke,0.81,130,2025-02-11
Karotte,0.4,150,2025-01-27
Gurke,0.76,110,2025-02-08
Orange,0.65,166,2025-01-29
Karotte,0.39,84,2025-01-30
Gurke,0.87,65,2025-01-18
Tomate,0.74,62,2025-02-07
Banane,0.31,192,2025-01-21
Banane,0.27,124,2025-01-27
Tomate,0.76,90,2025-01-12
Gurke,0.81,71,2025-01-18
Karotte,0.38,128,2025-01-24
Orange,0.59,114,2025-02-06
Zitrone,0.64,122,2025-02-08
Zitrone,0.61,105,2025-01-31
Tomate,0.72,180,2025-01-28
Tomate,0.71,180,2025-01-23
Gurke,0.75,129,2025-01-13
Apfel,0.52,194,2025-01-26
Gurke,0.8,67,2025-02-05
Tomate,0.72,76,2025-01-26
Banane,0.29,51,2025-02-09
Banane,0.3,70,2025-01-15
Banane,0.29,108,2025-01-19
Tomate,0.75,157,2025-01-31
Karotte,0.39,196,2025-01-25
Tomate,0.74,108,2025-01-29
Karotte,0.36,109,2025-01-21
Gurke,0.75,156,2025-01-23
Orange,0.66,85,2025-01-17
Zitrone,0.61,137,2025-01-13
Banane,0.28,120,2025-02-10
Orange,0.69,172,2025-01-14
Orange,0.62,51,2025-02-06
Banane,0.32,73,2025-01-27
Karotte,0.36,150,2025-02-08
Banane,0.3,123,2025-02-09
Paprika,0.96,117,2025-01-18
Banane,0.32,195,2025-02-07
Paprika,1.04,191,2025-01-28
Karotte,0.36,85,2025-01-13
Gurke,0.84,128,2025-01-25
Gurke,0.73,132,2025-02-09
Tomate,0.64,86,2025-01-20
Zitrone,0.57,183,2025-01-24
Gurke,0.8,198,2025-01-31
Karotte,0.42,173,2025-01-13
Orange,0.65,197,2025-02-06
Banane,0.29,174,2025-01-20
Karotte,0.43,75,2025-01-30
Zitrone,0.57,158,2025-02-01
Apfel,0.52,189,2025-02-02
Karotte,0.4,175,2025-02-04
Karotte,0.39,76,2025-02-08
Apfel,0.48,190,2025-01-23
Karotte,0.39,160,2025-01-25
Tomate,0.63,66,2025-01-15
Orange,0.6,116,2025-02-07
Banane,0.3,161,2025-01-19
Paprika,0.96,81,2025-01-14
Orange,0.61,198,2025-01-31
Paprika,1.09,130,2025-02-03
Tomate,0.64,92,2025-01-13
Karotte,0.44,78,2025-01-28
Apfel,0.48,118,2025-01-26
Paprika,1.03,188,2025-02-01
Paprika,1.05,67,2025-02-08
Orange,0.61,170,2025-02-02
Apfel,0.53,122,2025-01-15
Apfel,0.47,177,2025-01-17
Paprika,0.97,78,2025-02-10
Orange,0.64,90,2025-02-01
Banane,0.29,95,2025-01-28
Zitrone,0.61,199,2025-01-19
Karotte,0.44,136,2025-02-03
Apfel,0.46,172,2025-01-22
Zitrone,0.56,177,2025-01-27
Karotte,0.37,143,2025-02-09
Banane,0.29,114,2025-01-13
Karotte,0.4,142,2025-02-07
Orange,0.66,129,2025-01-20
Orange,0.69,84,2025-02-06
Banane,0.32,127,2025-01-12
Apfel,0.53,62,2025-01-19
Paprika,1.04,164,2025-02-01
Zitrone,0.56,200,2025-02-04
Tomate,0.71,98,2025-01-17
Tomate,0.67,154,2025-01-18
Paprika,0.96,100,2025-02-09
Zitrone,0.64,108,2025-01-25
Karotte,0.39,167,2025-01-16
Karotte,0.39,98,2025-01-12
Banane,0.29,93,2025-01-12
Karotte,0.41,174,2025-01-22
Karotte,0.36,191,2025-01-19
Tomate,0.73,149,2025-01-23
Banane,0.31,51,2025-01-17
Banane,0.32,148,2025-01-29
Orange,0.63,140,2025-01-15
Tomate,0.64,130,2025-01-29
Karotte,0.36,166,2025-02-07
Karotte,0.42,102,2025-01-27
Gurke,0.8,78,2025-01-27
Paprika,0.95,86,2025-02-02
Orange,0.61,141,2025-01-15
Tomate,0.75,192,2025-01-30
Apfel,0.46,143,2025-02-09
Apfel,0.54,71,2025-02-02
Apfel,0.54,87,2025-01-18
Banane,0.31,83,2025-01-12
Gurke,0.81,166,2025-02-10
Apfel,0.51,73,2025-01-17
Zitrone,0.6,178,2025-02-09
Tomate,0.73,59,2025-01-21
Banane,0.31,88,2025-02-07
Paprika,1.01,90,2025-01-13
Banane,0.32,141,2025-01-21
Karotte,0.36,52,2025-01-29
Gurke,0.74,152,2025-01-28
Banane,0.29,87,2025-01-26
Paprika,1.07,103,2025-01-13
Banane,0.31,178,2025-01-24
Paprika,0.9,164,2025-01-22
Apfel,0.45,59,2025-01-25
Gurke,0.87,135,2025-01-14
Karotte,0.4,125,2025-01-16
Orange,0.68,86,2025-02-06
Karotte,0.37,71,2025-01-25
Apfel,0.48,79,2025-02-09
Apfel,0.47,178,2025-01-28
Tomate,0.65,154,2025-01-26
Banane,0.31,126,2025-01-28
Banane,0.29,127,2025-02-07
Zitrone,0.55,142,2025-01-29
Orange,0.68,200,2025-01-30
Paprika,0.91,146,2025-01-27
Gurke,0.73,179,2025-01-18
Paprika,0.99,166,2025-02-09
Zitrone,0.64,68,2025-01-22
Karotte,0.41,51,2025-01-26
Zitrone,0.6,146,2025-02-07
Gurke,0.73,124,2025-02-08
Banane,0.32,98,2025-02-02
Gurke,0.85,57,2025-01-12
Apfel,0.5,56,2025-02-05
Zitrone,0.65,157,2025-01-16
Gurke,0.75,165,2025-01-13
Zitrone,0.64,178,2025-01-25
Paprika,0.97,109,2025-01-22
Banane,0.29,146,2025-02-03
Zitrone,0.57,177,2025-02-11
Gurke,0.77,138,2025-01-21
Paprika,1.04,167,2025-02-08
Banane,0.32,70,2025-01-24
Zitrone,0.56,85,2025-01-20
Zitrone,0.61,174,2025-01-21
Tomate,0.73,68,2025-01-13
Paprika,0.96,150,2025-01-14
Banane,0.3,94,2025-01-22
Tomate,0.68,179,2025-01-15
Gurke,0.83,67,2025-01-21
Gurke,0.83,186,2025-01-29
Paprika,0.93,199,2025-01-24
Paprika,0.96,101,2025-02-03
Banane,0.29,162,2025-01-31
Paprika,0.99,197,2025-02-06
Gurke,0.87,83,2025-01-22
Orange,0.69,70,2025-01-13
Gurke,0.83,83,2025-02-07
Zitrone,0.62,165,2025-01-18
Paprika,1.05,163,2025-02-02
Orange,0.59,113,2025-02-02
Paprika,0.98,63,2025-01-30
Banane,0.31,101,2025-02-07
Orange,0.71,145,2025-01-16
Orange,0.7,67,2025-02-11
Orange,0.64,92,2025-02-07
Paprika,1.0,85,2025-02-08
Gurke,0.84,90,2025-01-16
Apfel,0.5,53,2025-01-24
Paprika,0.92,146,2025-02-01
Tomate,0.74,77,2025-01-22
Karotte,0.43,99,2025-02-10
Banane,0.28,181,2025-02-04
Apfel,0.47,171,2025-02-04
Tomate,0.73,134,2025-02-07
Paprika,1.08,151,2025-02-01
Paprika,0.94,188,2025-02-06
Apfel,0.52,71,2025-01-23
Orange,0.65,193,2025-02-11
Banane,0.28,68,2025-02-11
Paprika,0.93,194,2025-01-17
Paprika,0.91,118,2025-01-13
Tomate,0.69,153,2025-02-10
Paprika,0.91,196,2025-02-01
Gurke,0.81,69,2025-02-09
Paprika,1.03,182,2025-01-18
Gurke,0.85,148,2025-01-18
Gurke,0.8,97,2025-02-05
Gurke,0.8,74,2025-01-29
Apfel,0.54,123,2025-01-12
Orange,0.71,115,2025-01-26
Karotte,0.39,172,2025-01-25
Gurke,0.8,82,2025-02-03
Banane,0.29,182,2025-01-26
Gurke,0.74,53,2025-01-20
Gurke,0.8,101,2025-01-29
Gurke,0.85,147,2025-02-09
Apfel,0.54,140,2025-01-24
Banane,0.28,70,2025-01-30
Tomate,0.64,183,2025-01-25
Banane,0.32,82,2025-01-14
Gurke,0.86,95,2025-01-13
Apfel,0.5,182,2025-02-11
Gurke,0.87,68,2025-01-19
Karotte,0.39,71,2025-01-22
Karotte,0.38,77,2025-01-13
Paprika,0.98,156,2025-02-06
Gurke,0.79,186,2025-02-02
Paprika,1.07,175,2025-01-29
Banane,0.33,88,2025-02-02
Gurke,0.81,183,2025-01-29
Paprika,1.01,169,2025-01-25
Zitrone,0.6,97,2025-01-29
Banane,0.32,177,2025-02-08
Karotte,0.41,194,2025-02-05
Paprika,0.93,146,2025-01-31
Orange,0.59,192,2025-02-07
Banane,0.32,98,2025-01-27
Gurke,0.8,100,2025-01-23
Banane,0.31,96,2025-01-17
Zitrone,0.58,122,2025-02-06
Karotte,0.37,164,2025-01-17
Apfel,0.49,107,2025-01-24
Gurke,0.76,93,2025-01-29
Orange,0.63,152,2025-01-28
Paprika,1.08,88,2025-01-13
Banane,0.31,132,2025-01-19
Karotte,0.42,176,2025-02-01
Gurke,0.84,191,2025-01-29
Tomate,0.68,100,2025-01-15
Apfel,0.5,156,2025-01-15
Paprika,1.08,108,2025-02-09
Karotte,0.4,135,2025-01-14
Apfel,0.55,150,2025-02-05
Orange,0.67,148,2025-01-19
Banane,0.32,100,2025-01-12
Banane,0.31,73,2025-01-14
Orange,0.65,139,2025-01-13
Zitrone,0.66,150,2025-01-30
Banane,0.3,106,2025-02-10
Paprika,0.9,86,2025-01-24
Apfel,0.54,177,2025-02-07
Banane,0.28,128,2025-01-19
Tomate,0.69,111,2025-01-20
Banane,0.3,123,2025-02-04
Orange,0.69,189,2025-01-22
Apfel,0.54,93,2025-02-03
Karotte,0.44,153,2025-01-18
Orange,0.59,168,2025-01-31
Apfel,0.55,172,2025-01-27
Zitrone,0.61,61,2025-01-29
Tomate,0.64,183,2025-01-25
Banane,0.31,142,2025-01-24
Tomate,0.68,156,2025-01-21
Apfel,0.51,100,2025-02-03
Karotte,0.38,197,2025-02-11
Karotte,0.39,95,2025-01-30
Tomate,0.74,134,2025-01-28
Orange,0.67,134,2025-02-10
Zitrone,0.59,164,2025-02-09
Apfel,0.54,114,2025-02-09
Zitrone,0.56,61,2025-02-02
Banane,0.28,173,2025-02-06
Orange,0.69,142,2025-01-24
Banane,0.28,135,2025-01-23
Tomate,0.69,73,2025-02-03
Apfel,0.46,54,2025-02-02
Banane,0.33,167,2025-01-25
Zitrone,0.64,103,2025-01-18
Karotte,0.39,173,2025-02-08
Apfel,0.48,90,2025-02-03
Orange,0.66,50,2025-01-28
Zitrone,0.54,159,2025-02-09
Karotte,0.43,134,2025-01-19
Banane,0.3,116,2025-01-31
Tomate,0.75,190,2025-01-20
Paprika,1.0,200,2025-01-14
Karotte,0.4,86,2025-01-15
Zitrone,0.61,167,2025-01-19
Karotte,0.38,70,2025-01-20
Paprika,0.93,141,2025-01-30
Tomate,0.71,84,2025-01-30
Banane,0.28,60,2025-02-06
Karotte,0.36,199,2025-01-23
Banane,0.27,143,2025-01-15
Karotte,0.37,180,2025-01-28
Orange,0.69,179,2025-02-01
Banane,0.33,82,2025-02-03
Gurke,0.79,164,2025-01-26
Gurke,0.77,115,2025-02-10
Orange,0.62,126,2025-02-05
Apfel,0.49,191,2025-02-01
Zitrone,0.56,55,2025-01-12
Orange,0.63,99,2025-02-06
Apfel,0.47,67,2025-02-10
Tomate,0.69,163,2025-01-21
Tomate,0.71,159,2025-01-18
Tomate,0.72,134,2025-01-24
Paprika,1.07,140,2025-01-31
Gurke,0.83,122,2025-02-09
Gurke,0.72,97,2025-02-11
Banane,0.32,180,2025-02-01
Orange,0.69,73,2025-02-05
Orange,0.7,142,2025-01-24
Tomate,0.66,175,2025-01-19
Zitrone,0.63,126,2025-01-26
Karotte,0.39,138,2025-01-13
Karotte,0.37,145,2025-02-03
Karotte,0.37,175,2025-02-01
Tomate,0.69,63,2025-02-09
Gurke,0.76,102,2025-01-21
Tomate,0.76,195,2025-01-30
Karotte,0.38,175,2025-01-17
Orange,0.68,129,2025-01-14
Gurke,0.86,159,2025-01-19
Banane,0.33,66,2025-01-27
Paprika,0.94,74,2025-01-15
Banane,0.33,103,2025-02-02
Apfel,0.51,76,2025-02-10
Gurke,0.81,63,2025-02-03
Orange,0.69,132,2025-01-25
Tomate,0.69,72,2025-01-15
Gurke,0.76,99,2025-02-08
Apfel,0.54,147,2025-02-11
Apfel,0.5,88,2025-02-08
Gurke,0.82,157,2025-01-28
Karotte,0.42,124,2025-02-11
Zitrone,0.65,145,2025-01-28
Karotte,0.43,90,2025-02-05
Orange,0.66,174,2025-02-07
Zitrone,0.61,130,2025-01-15
Tomate,0.7,65,2025-01-30
Paprika,1.08,97,2025-02-11
Paprika,1.01,165,2025-02-05
Paprika,0.99,128,2025-01-29
Zitrone,0.6,128,2025-02-09
Gurke,0.72,76,2025-02-03
Tomate,0.74,121,2025-01-18
Karotte,0.44,138,2025-01-21
Karotte,0.43,98,2025-01-20
Paprika,1.09,80,2025-01-16
Karotte,0.36,97,2025-02-04
Tomate,0.71,147,2025-01-17
Apfel,0.46,89,2025-02-11
Karotte,0.36,105,2025-01-26
Orange,0.62,85,2025-02-07
Karotte,0.37,138,2025-02-03
Orange,0.62,83,2025-01-28
Banane,0.32,130,2025-01-16
Gurke,0.8,125,2025-01-24
Gurke,0.87,86,2025-01-13
Paprika,0.93,73,2025-02-04
Banane,0.3,77,2025-01-21
Gurke,0.88,92,2025-01-13
Zitrone,0.62,66,2025-01-29
Orange,0.67,124,2025-02-07
Orange,0.65,95,2025-02-11
Apfel,0.53,113,2025-02-05
Orange,0.68,91,2025-02-02
Tomate,0.76,170,2025-01-15
Gurke,0.75,104,2025-01-15
Gurke,0.86,138,2025-01-21
Tomate,0.77,54,2025-02-05
Orange,0.6,104,2025-02-03
Zitrone,0.6,60,2025-01-17
Gurke,0.77,197,2025-01-14
Tomate,0.68,116,2025-01-22
Orange,0.59,139,2025-02-06
Banane,0.3,116,2025-02-07
Gurke,0.82,154,2025-02-06
Banane,0.28,138,2025-02-07
Orange,0.69,71,2025-02-05
Apfel,0.53,130,2025-01-16
Zitrone,0.6,151,2025-01-17
Karotte,0.36,72,2025-01-16
Zitrone,0.59,81,2025-02-05
Karotte,0.42,50,2025-02-10
Gurke,0.83,192,2025-02-03
Apfel,0.47,140,2025-01-28
Banane,0.27,155,2025-01-28
Banane,0.28,102,2025-01-28
Zitrone,0.56,190,2025-02-10
Orange,0.64,192,2025-01-26
Banane,0.3,123,2025-02-02
Gurke,0.83,126,2025-02-03
Banane,0.3,50,2025-01-17
Orange,0.7,68,2025-01-30
Karotte,0.43,63,2025-01-28
Apfel,0.5,179,2025-01-24
Karotte,0.44,126,2025-01-17
Karotte,0.39,184,2025-01-25
Gurke,0.78,118,2025-02-10
Apfel,0.51,109,2025-01-27
Gurke,0.85,191,2025-01-25
Gurke,0.87,96,2025-02-07
Karotte,0.37,57,2025-01-28
Tomate,0.68,130,2025-01-19
Apfel,0.49,113,2025-01-25
Karotte,0.38,101,2025-02-11
Zitrone,0.59,108,2025-01-20
Apfel,0.52,94,2025-02-10
Karotte,0.38,121,2025-01-12
Gurke,0.76,143,2025-01-21
Zitrone,0.55,152,2025-01-18
Orange,0.7,171,2025-02-10
Banane,0.3,120,2025-02-01
Karotte,0.37,83,2025-01-15
Tomate,0.63,105,2025-02-09
Orange,0.7,179,2025-01-31
Paprika,0.98,131,2025-01-12
Zitrone,0.59,162,2025-01-24
Zitrone,0.6,140,2025-02-07
Paprika,1.09,181,2025-02-06
Karotte,0.39,84,2025-01-13
Zitrone,0.55,62,2025-01-30
Banane,0.28,86,2025-01-24
Paprika,1.01,147,2025-01-24
Paprika,0.98,190,2025-01-26
Karotte,0.4,152,2025-01-26
Paprika,1.07,69,2025-01-18
Gurke,0.82,130,2025-01-14
Tomate,0.71,194,2025-02-10
Paprika,1.05,189,2025-01-17
Karotte,0.39,150,2025-01-23
Gurke,0.8,160,2025-01-12
Karotte,0.4,93,2025-02-05
Tomate,0.77,145,2025-02-10
Karotte,0.42,193,2025-01-22
Karotte,0.39,183,2025-01-21
Tomate,0.76,112,2025-01-18
Tomate,0.75,69,2025-02-02
Gurke,0.82,124,2025-02-08
Gurke,0.87,146,2025-01-22
Paprika,1.04,78,2025-02-02
Gurke,0.73,104,2025-01-23
Gurke,0.76,138,2025-01-24
Apfel,0.45,63,2025-01-23
Gurke,0.72,180,2025-01-30
Gurke,0.86,113,2025-01-23
Paprika,1.09,111,2025-02-05
Banane,0.33,169,2025-01-19
Karotte,0.42,87,2025-02-11
Tomate,0.74,199,2025-01-17
Gurke,0.81,50,2025-02-07
Gurke,0.76,96,2025-01-16
Paprika,0.93,126,2025-02-04
Zitrone,0.56,182,2025-01-14
Paprika,0.93,195,2025-02-09
Gurke,0.86,116,2025-02-02
Orange,0.63,62,2025-01-18
Paprika,1.09,158,2025-01-24
Orange,0.7,115,2025-02-07
Paprika,0.92,106,2025-01-22
Karotte,0.38,147,2025-01-25
Apfel,0.51,133,2025-01-25
Paprika,0.94,150,2025-02-03
Tomate,0.71,144,2025-02-01
Orange,0.66,91,2025-01-27
Karotte,0.39,164,2025-01-18
Karotte,0.37,172,2025-01-20
Zitrone,0.65,126,2025-02-07
Zitrone,0.56,110,2025-01-28
Banane,0.33,171,2025-01-26
Tomate,0.69,79,2025-01-14
Zitrone,0.59,185,2025-01-22
Karotte,0.44,194,2025-01-28
Banane,0.33,103,2025-01-20
Karotte,0.43,107,2025-02-04
Paprika,1.07,194,2025-01-31
Gurke,0.85,163,2025-01-24
Gurke,0.84,141,2025-01-25
Karotte,0.37,59,2025-01-28
Banane,0.29,163,2025-01-17
Apfel,0.53,199,2025-01-15
Karotte,0.42,84,2025-01-19
Karotte,0.44,94,2025-02-10
Orange,0.68,168,2025-01-18
Paprika,0.91,170,2025-01-30
Apfel,0.47,199,2025-02-06
Paprika,0.94,95,2025-01-13
Banane,0.32,188,2025-01-31
Karotte,0.42,136,2025-01-28
Paprika,1.07,146,2025-01-23
Zitrone,0.61,166,2025-02-08
Orange,0.71,53,2025-01-18
Orange,0.62,75,2025-02-04
Orange,0.66,176,2025-01-30
Zitrone,0.66,98,2025-01-28
Gurke,0.85,98,2025-01-19
Zitrone,0.57,188,2025-01-25
Banane,0.29,120,2025-02-08
Banane,0.33,75,2025-02-04
Banane,0.28,132,2025-02-06
Apfel,0.46,125,2025-01-25
Zitrone,0.63,91,2025-02-05
Apfel,0.53,94,2025-01-13
Gurke,0.8,138,2025-01-12
Karotte,0.41,72,2025-02-02
Karotte,0.4,72,2025-02-02
Zitrone,0.65,192,2025-02-05
Zitrone,0.62,100,2025-02-01
Tomate,0.66,142,2025-01-28
Apfel,0.46,116,2025-01-14
Zitrone,0.56,136,2025-01-16
Tomate,0.75,172,2025-01-30
Karotte,0.37,116,2025-02-06
Banane,0.29,52,2025-02-05
Karotte,0.37,103,2025-01-29
Banane,0.31,116,2025-01-12
Paprika,1.04,134,2025-02-02
Paprika,1.05,112,2025-02-08
Paprika,0.98,99,2025-02-08
Apfel,0.5,94,2025-02-10
Orange,0.61,92,2025-02-07
Banane,0.28,150,2025-01-21
Apfel,0.48,55,2025-02-03
Apfel,0.45,84,2025-01-31
Karotte,0.43,76,2025-01-25
Gurke,0.83,159,2025-01-30
Paprika,1.01,167,2025-02-09
Banane,0.28,199,2025-02-02
Zitrone,0.65,90,2025-01-31
Gurke,0.85,173,2025-01-15
Orange,0.61,143,2025-01-17
Karotte,0.42,120,2025-01-19
Banane,0.32,148,2025-02-11
Apfel,0.47,64,2025-01-21
Apfel,0.51,170,2025-01-23
Zitrone,0.62,57,2025-02-07
Apfel,0.45,137,2025-02-11
Apfel,0.48,54,2025-01-17
Gurke,0.73,81,2025-01-28
Tomate,0.76,71,2025-02-01
Gurke,0.74,117,2025-02-01
Gurke,0.83,102,2025-02-05
Zitrone,0.61,92,2025-01-28
Orange,0.59,101,2025-02-01
Gurke,0.84,73,2025-02-05
Orange,0.71,173,2025-01-23
Banane,0.29,132,2025-01-31
Tomate,0.73,106,2025-01-20
Paprika,0.93,190,2025-02-01
Apfel,0.47,147,2025-01-16
Paprika,1.1,120,2025-02-05
Paprika,0.99,93,2025-01-17
Orange,0.64,104,2025-02-01
Paprika,1.08,196,2025-01-29
Tomate,0.68,89,2025-02-11
Tomate,0.63,182,2025-01-25
Apfel,0.47,149,2025-01-29
Orange,0.67,105,2025-01-25
Banane,0.32,110,2025-01-22
Banane,0.27,55,2025-01-12
Banane,0.33,167,2025-01-24
Orange,0.64,160,2025-01-12
Karotte,0.4,66,2025-01-17
Banane,0.31,173,2025-02-07
Gurke,0.81,167,2025-01-26
Gurke,0.83,97,2025-01-27
Gurke,0.84,158,2025-01-15
Banane,0.28,137,2025-01-15
Gurke,0.77,114,2025-02-07
Apfel,0.54,166,2025-02-04
Gurke,0.81,136,2025-01-27
Paprika,0.97,181,2025-01-13
Apfel,0.53,112,2025-01-22
Orange,0.69,72,2025-01-23
Zitrone,0.59,113,2025-01-27
Banane,0.32,99,2025-02-03
Zitrone,0.59,88,2025-01-21
Orange,0.6,152,2025-01-26
Tomate,0.77,191,2025-01-20
Gurke,0.84,72,2025-02-10
Karotte,0.36,127,2025-01-19
Tomate,0.74,134,2025-01-27
Paprika,0.99,93,2025-01-23
Zitrone,0.56,76,2025-02-03
Banane,0.29,199,2025-02-06
Paprika,0.96,196,2025-01-23
Karotte,0.43,143,2025-01-27
Zitrone,0.65,79,2025-02-05
Zitrone,0.58,119,2025-01-26
Tomate,0.71,177,2025-01-22
Gurke,0.84,81,2025-01-22
Paprika,0.93,169,2025-01-28
Tomate,0.76,166,2025-01-21
Tomate,0.76,174,2025-02-07
Orange,0.59,199,2025-01-27
Gurke,0.8,76,2025-01-24
Apfel,0.55,160,2025-02-03
Orange,0.63,125,2025-01-31
Paprika,1.0,172,2025-02-05
Tomate,0.7,82,2025-01-28
Orange,0.6,51,2025-02-08
Tomate,0.72,188,2025-01-19
Zitrone,0.65,165,2025-01-30
Apfel,0.47,142,2025-01-28
Karotte,0.42,168,2025-02-09
Banane,0.29,153,2025-02-08
Gurke,0.83,119,2025-01-17
Gurke,0.81,171,2025-01-21
Zitrone,0.58,162,2025-02-04
Zitrone,0.64,184,2025-01-26
Karotte,0.44,130,2025-01-18
Zitrone,0.58,71,2025-01-19
Tomate,0.69,92,2025-01-22
Orange,0.61,98,2025-02-02
Apfel,0.52,170,2025-02-11
Paprika,1.01,191,2025-01-30
Paprika,0.97,53,2025-01-26
Orange,0.64,186,2025-01-13
Paprika,1.07,87,2025-01-26
Banane,0.29,146,2025-02-05
Karotte,0.42,120,2025-02-06
Tomate,0.67,61,2025-01-28
Gurke,0.78,95,2025-02-10
Banane,0.32,104,2025-01-28
Zitrone,0.63,83,2025-01-24
Zitrone,0.57,82,2025-01-22
Orange,0.7,89,2025-01-31
Karotte,0.42,90,2025-01-17
Banane,0.32,126,2025-01-26
Zitrone,0.55,163,2025-01-26
Paprika,0.91,97,2025-02-02
Gurke,0.85,101,2025-02-01
Banane,0.31,146,2025-02-09
Banane,0.29,86,2025-02-06
Apfel,0.51,85,2025-01-20
Paprika,0.93,74,2025-01-15
Gurke,0.78,61,2025-02-08
Banane,0.27,112,2025-02-08
Orange,0.68,121,2025-01-19
Paprika,0.9,90,2025-01-23
Tomate,0.74,177,2025-01-14
Tomate,0.68,68,2025-01-12
Tomate,0.69,192,2025-02-03
Apfel,0.54,137,2025-01-30
Tomate,0.69,148,2025-02-03
Tomate,0.7,69,2025-01-29
Banane,0.33,85,2025-01-18
Gurke,0.72,112,2025-01-26
Apfel,0.51,93,2025-01-12
Banane,0.3,188,2025-01-22
Paprika,1.01,98,2025-02-03
Apfel,0.46,143,2025-02-05
Paprika,0.96,76,2025-01-12
Karotte,0.42,95,2025-01-24
Gurke,0.82,188,2025-01-21
Karotte,0.44,160,2025-02-02
Banane,0.28,131,2025-02-09
Orange,0.59,60,2025-01-19
Banane,0.33,128,2025-01-20
Apfel,0.48,198,2025-02-08
Tomate,0.73,90,2025-01-29
Gurke,0.78,101,2025-01-13
Gurke,0.87,160,2025-01-29
Orange,0.63,82,2025-02-01
Zitrone,0.62,110,2025-01-23
Karotte,0.37,192,2025-01-29
Orange,0.65,136,2025-02-01
Apfel,0.45,195,2025-01-21
Orange,0.67,69,2025-01-21
Orange,0.71,124,2025-02-09
Orange,0.65,59,2025-01-18
Banane,0.28,96,2025-01-29
Gurke,0.83,96,2025-02-02
Paprika,1.0,108,2025-01-17
Banane,0.28,178,2025-02-07
Tomate,0.63,105,2025-01-17
Zitrone,0.57,96,2025-02-02
Orange,0.61,125,2025-02-08
Gurke,0.81,88,2025-01-23
Orange,0.67,114,2025-02-04
Paprika,1.05,169,2025-02-10
Karotte,0.39,98,2025-01-19
Karotte,0.42,55,2025-02-08
Karotte,0.36,152,2025-02-10
Paprika,1.01,123,2025-02-07
Zitrone,0.63,106,2025-01-15
Tomate,0.68,101,2025-01-30
Zitrone,0.65,133,2025-01-27
Tomate,0.67,168,2025-01-29
Gurke,0.74,159,2025-02-06
Gurke,0.78,188,2025-01-25
Banane,0.27,74,2025-01-14
Orange,0.61,53,2025-01-16
Apfel,0.52,64,2025-01-28
Karotte,0.37,76,2025-01-26
Gurke,0.84,163,2025-02-01
Tomate,0.72,156,2025-01-25
Apfel,0.51,70,2025-01-19
Paprika,0.92,156,2025-02-07
Karotte,0.38,60,2025-01-22
Karotte,0.36,143,2025-01-18
Apfel,0.51,107,2025-01-15
Karotte,0.41,92,2025-01-25
Banane,0.32,157,2025-01-25
Gurke,0.85,58,2025-01-14
Zitrone,0.61,53,2025-01-15
Orange,0.61,177,2025-01-29
Apfel,0.52,65,2025-02-01
Zitrone,0.56,120,2025-01-26
Gurke,0.85,122,2025-02-03
Gurke,0.76,120,2025-01-16
Banane,0.28,193,2025-01-20
Gurke,0.73,115,2025-01-17
Zitrone,0.61,155,2025-02-07
Karotte,0.43,149,2025-01-29
Banane,0.33,55,2025-02-06
Tomate,0.64,197,2025-01-22
Paprika,0.96,74,2025-01-23
Orange,0.65,191,2025-01-13
Zitrone,0.57,145,2025-01-23
Zitrone,0.57,111,2025-02-09
Zitrone,0.61,56,2025-01-29
Gurke,0.88,79,2025-02-11
Apfel,0.48,128,2025-02-01
Orange,0.71,185,2025-01-29
Orange,0.61,164,2025-02-03
Banane,0.29,116,2025-01-17
Zitrone,0.62,181,2025-02-04
Paprika,0.96,76,2025-02-11
Banane,0.32,148,2025-01-19
Paprika,1.02,165,2025-02-11
Orange,0.63,180,2025-01-28
Tomate,0.65,68,2025-02-03
Zitrone,0.65,174,2025-01-21
Apfel,0.47,147,2025-01-14
Tomate,0.65,84,2025-01-20
Zitrone,0.61,79,2025-02-02
Paprika,1.09,144,2025-02-06
Banane,0.33,62,2025-01-15
Karotte,0.43,101,2025-01-26
Zitrone,0.65,147,2025-02-09
Orange,0.71,133,2025-02-06
Tomate,0.69,146,2025-02-06
Banane,0.29,146,2025-01-25
Tomate,0.72,59,2025-02-10
Karotte,0.43,122,2025-01-28
Apfel,0.53,84,2025-02-06
Paprika,1.04,62,2025-01-14
Paprika,1.07,183,2025-01-18
Tomate,0.63,119,2025-02-06
Orange,0.7,65,2025-01-22
Tomate,0.73,71,2025-01-28
Orange,0.6,184,2025-01-24
Banane,0.3,80,2025-02-07
Gurke,0.83,189,2025-02-01
Apfel,0.47,114,2025-02-08
Banane,0.33,123,2025-01-28
Zitrone,0.65,84,2025-02-11
Paprika,1.1,93,2025-01-23
Apfel,0.51,175,2025-01-23
Orange,0.66,144,2025-01-16
Karotte,0.4,123,2025-01-13
Banane,0.29,170,2025-02-08
Paprika,0.9,127,2025-01-27
Zitrone,0.6,98,2025-01-24
Tomate,0.76,89,2025-02-08
Gurke,0.78,65,2025-01-19
Apfel,0.47,157,2025-01-30
Zitrone,0.62,159,2025-01-30
Tomate,0.71,128,2025-02-10
Banane,0.29,157,2025-01-19
Paprika,1.08,127,2025-02-11
Gurke,0.81,134,2025-01-23
Tomate,0.75,80,2025-02-04
Orange,0.7,77,2025-01-15
Karotte,0.37,65,2025-01-23
Orange,0.6,62,2025-02-03
Orange,0.68,152,2025-01-14
Karotte,0.36,84,2025-01-22
Zitrone,0.63,98,2025-01-18
Karotte,0.38,135,2025-02-06
Apfel,0.5,149,2025-01-23
Orange,0.68,89,2025-01-16
Gurke,0.75,69,2025-02-11
Apfel,0.48,137,2025-01-22
Paprika,0.91,57,2025-01-29
Tomate,0.67,54,2025-01-12
Tomate,0.68,72,2025-01-15
Karotte,0.37,183,2025-01-12
Apfel,0.48,87,2025-01-15
Apfel,0.48,158,2025-02-06
Paprika,0.91,132,2025-01-29
Orange,0.59,114,2025-01-12
Gurke,0.83,169,2025-02-06
Karotte,0.42,59,2025-01-12
Paprika,1.03,84,2025-02-06
Paprika,1.03,172,2025-01-12
Zitrone,0.57,120,2025-01-21
Zitrone,0.62,91,2025-01-17
Paprika,1.09,102,2025-01-26
Orange,0.7,54,2025-01-30
Karotte,0.39,187,2025-01-21
Orange,0.63,52,2025-01-31
Tomate,0.64,71,2025-02-11
Zitrone,0.64,79,2025-01-13
Orange,0.59,133,2025-02-03
Karotte,0.41,185,2025-01-14
Tomate,0.66,177,2025-02-02
Tomate,0.77,175,2025-02-08
Karotte,0.37,79,2025-02-02
Zitrone,0.64,58,2025-02-06
Paprika,0.98,126,2025-01-25
Paprika,1.03,116,2025-01-13
Zitrone,0.54,96,2025-02-07
Apfel,0.48,74,2025-01-23
Paprika,1.03,186,2025-02-02
Apfel,0.46,174,2025-01-29
Karotte,0.41,160,2025-01-26
Gurke,0.8,147,2025-01-23
Zitrone,0.55,94,2025-01-19
Orange,0.6,75,2025-02-05
Paprika,0.99,101,2025-01-23
Karotte,0.39,98,2025-01-27
Gurke,0.79,78,2025-02-02
Tomate,0.71,126,2025-01-16
Gurke,0.74,176,2025-01-29
Banane,0.27,199,2025-01-25
Gurke,0.88,185,2025-02-06
Banane,0.28,102,2025-01-29
Orange,0.6,116,2025-02-09
Zitrone,0.55,142,2025-01-13
Orange,0.69,106,2025-02-01
Apfel,0.48,168,2025-01-27
Zitrone,0.65,147,2025-01-28
Karotte,0.43,144,2025-01-12
Zitrone,0.57,69,2025-01-22
Banane,0.28,91,2025-02-11
Paprika,1.05,90,2025-01-27
Gurke,0.84,93,2025-01-23
Tomate,0.75,170,2025-01-14
Apfel,0.46,124,2025-02-09
Banane,0.29,168,2025-01-26
Tomate,0.67,124,2025-01-31
Banane,0.29,198,2025-01-20
Karotte,0.41,131,2025-02-09
Zitrone,0.6,164,2025-01-24
Apfel,0.47,75,2025-01-17
Zitrone,0.58,99,2025-01-20
Karotte,0.38,67,2025-01-16
Zitrone,0.62,165,2025-02-05
Gurke,0.73,197,2025-01-30
Tomate,0.71,132,2025-01-21
Gurke,0.83,99,2025-01-16
Karotte,0.39,73,2025-01-22
Orange,0.68,159,2025-01-25
Paprika,1.04,100,2025-02-11
Tomate,0.76,92,2025-02-08
Tomate,0.69,131,2025-01-29
Gurke,0.85,94,2025-02-03
Zitrone,0.59,92,2025-02-02
Karotte,0.43,61,2025-01-28
Zitrone,0.65,184,2025-01-23
Tomate,0.75,71,2025-01-31
Gurke,0.88,179,2025-01-20
Karotte,0.41,147,2025-01-14
Paprika,0.97,139,2025-01-29
Apfel,0.54,121,2025-01-14
Apfel,0.46,57,2025-02-09
Paprika,0.95,135,2025-02-01
Orange,0.69,114,2025-01-12
Gurke,0.77,65,2025-01-27
Apfel,0.51,157,2025-01-28
Apfel,0.49,145,2025-02-11
Karotte,0.37,195,2025-02-02
Banane,0.3,149,2025-01-22
Karotte,0.42,110,2025-01-19
Orange,0.66,89,2025-01-26
Karotte,0.41,93,2025-02-11
Apfel,0.54,147,2025-01-23
Zitrone,0.55,163,2025-02-10
Gurke,0.76,61,2025-01-31
Tomate,0.66,97,2025-02-01
Apfel,0.5,95,2025-01-12
Paprika,0.98,164,2025-02-03
Orange,0.71,66,2025-01-29
Apfel,0.48,112,2025-02-10
Tomate,0.74,160,2025-02-07
Paprika,0.99,193,2025-01-22
Karotte,0.43,163,2025-02-02
Zitrone,0.55,154,2025-01-24
Paprika,0.97,108,2025-02-06
Tomate,0.75,149,2025-02-11
Apfel,0.51,98,2025-02-01
Karotte,0.41,153,2025-02-06
Apfel,0.5,182,2025-01-15
Paprika,0.93,157,2025-01-22
Karotte,0.42,185,2025-01-23
Tomate,0.73,187,2025-02-01
Banane,0.32,172,2025-02-11
Gurke,0.78,51,2025-01-18
Tomate,0.65,104,2025-01-23
Karotte,0.37,191,2025-02-09
Paprika,0.94,56,2025-02-02
Orange,0.67,74,2025-02-04
Orange,0.59,190,2025-01-15
Tomate,0.64,71,2025-01-26
Karotte,0.39,169,2025-01-19
Orange,0.65,79,2025-02-07
Tomate,0.69,79,2025-02-07
Orange,0.63,55,2025-01-23
Orange,0.68,197,2025-01-13
Tomate,0.76,54,2025-01-25
Orange,0.71,132,2025-01-23
Orange,0.64,136,2025-01-15
Gurke,0.75,74,2025-01-27
Tomate,0.73,170,2025-01-24
Zitrone,0.64,153,2025-01-22
Zitrone,0.61,77,2025-01-26
Paprika,1.04,105,2025-02-05
Paprika,1.09,170,2025-02-01
Zitrone,0.55,134,2025-02-03
Banane,0.27,76,2025-01-28
Gurke,0.81,82,2025-02-09
Tomate,0.75,71,2025-01-20
Tomate,0.75,102,2025-01-24
Orange,0.69,147,2025-01-19
Karotte,0.4,129,2025-01-19
Orange,0.6,52,2025-01-22
Gurke,0.77,193,2025-01-21
Zitrone,0.63,89,2025-01-22
Banane,0.32,168,2025-01-20
Orange,0.7,104,2025-01-31
Tomate,0.71,123,2025-02-10
Karotte,0.39,120,2025-01-12
Apfel,0.53,116,2025-02-04
Gurke,0.88,123,2025-02-09
Zitrone,0.55,67,2025-01-18
Apfel,0.5,66,2025-01-28
Orange,0.68,198,2025-02-04
Tomate,0.68,105,2025-01-27
Banane,0.3,141,2025-02-04
Gurke,0.74,59,2025-01-22
Tomate,0.69,146,2025-01-26
Karotte,0.41,148,2025-01-19
Tomate,0.75,185,2025-01-22
Tomate,0.64,122,2025-01-27
Zitrone,0.54,86,2025-02-11
Tomate,0.64,135,2025-02-04
Paprika,0.96,185,2025-02-11
Paprika,0.93,112,2025-01-18
Orange,0.67,88,2025-01-16
Gurke,0.8,76,2025-01-18
Karotte,0.41,53,2025-01-12
Apfel,0.55,85,2025-02-09
Tomate,0.67,62,2025-02-04
Paprika,1.07,85,2025-02-07
Banane,0.3,131,2025-01-30
Paprika,1.05,53,2025-02-07
Tomate,0.64,88,2025-01-31
Tomate,0.75,79,2025-02-09
Paprika,1.01,87,2025-02-06
Karotte,0.36,193,2025-01-26
Karotte,0.39,122,2025-01-14
Banane,0.32,120,2025-01-21
Banane,0.32,127,2025-02-04
Banane,0.3,79,2025-01-13
Karotte,0.44,178,2025-01-16
Paprika,1.09,171,2025-02-02
Banane,0.29,182,2025-02-04
Gurke,0.86,85,2025-01-20
Gurke,0.75,73,2025-01-18
Orange,0.59,151,2025-01-22
Orange,0.6,110,2025-02-09
Karotte,0.36,124,2025-01-23
Paprika,1.0,122,2025-02-09
Zitrone,0.66,168,2025-01-16
Banane,0.27,64,2025-02-03
Orange,0.61,172,2025-02-07
Orange,0.7,85,2025-01-20
Orange,0.66,58,2025-01-29
Banane,0.3,200,2025-01-29
Tomate,0.74,193,2025-02-09
Zitrone,0.6,132,2025-01-23
Karotte,0.42,70,2025-01-28
Gurke,0.73,52,2025-01-28
Tomate,0.77,76,2025-02-02
Banane,0.33,179,2025-02-11
Zitrone,0.64,67,2025-01-12
Orange,0.61,85,2025-02-04
Zitrone,0.61,118,2025-01-28
Banane,0.27,155,2025-02-11
Zitrone,0.57,59,2025-02-10
Gurke,0.86,125,2025-01-25
Gurke,0.73,192,2025-01-29
Apfel,0.48,103,2025-01-23
Paprika,0.91,159,2025-02-04
Banane,0.32,80,2025-01-20
Orange,0.6,115,2025-01-14
Banane,0.32,66,2025-01-25
Karotte,0.37,128,2025-01-26
Zitrone,0.63,52,2025-01-14
Karotte,0.41,151,2025-01-31
Gurke,0.83,129,2025-01-22
Gurke,0.8,112,2025-01-25
Banane,0.32,93,2025-01-28
Karotte,0.36,59,2025-01-30
Gurke,0.84,74,2025-02-01
Orange,0.59,128,2025-01-14
Tomate,0.65,116,2025-01-27
Paprika,0.93,128,2025-02-07
Zitrone,0.6,60,2025-01-15
Banane,0.31,176,2025-01-18
Zitrone,0.6,52,2025-01-31
Gurke,0.81,184,2025-01-19
Paprika,0.9,101,2025-02-10
Banane,0.28,81,2025-01-22
Karotte,0.42,192,2025-01-18
Tomate,0.69,59,2025-01-15
Karotte,0.43,89,2025-02-05
Tomate,0.68,120,2025-01-22
Apfel,0.51,86,2025-01-22
Gurke,0.86,118,2025-02-01
Tomate,0.76,125,2025-01-31
Zitrone,0.58,68,2025-01-25
Tomate,0.77,71,2025-01-14
Apfel,0.52,154,2025-02-11
Banane,0.28,160,2025-01-20
Orange,0.71,167,2025-01-19
Banane,0.31,176,2025-01-20
Gurke,0.82,105,2025-01-15
Zitrone,0.54,124,2025-01-16
Paprika,1.08,103,2025-01-18
Tomate,0.64,112,2025-01-22
Banane,0.32,109,2025-02-09
Zitrone,0.61,101,2025-01-22
Apfel,0.52,185,2025-01-24
Paprika,0.97,198,2025-02-06
Tomate,0.68,149,2025-02-07
Apfel,0.49,172,2025-02-07
Gurke,0.78,86,2025-01-24
Banane,0.32,178,2025-01-13
Karotte,0.42,122,2025-02-03
Paprika,1.0,164,2025-01-25
Gurke,0.72,153,2025-02-04
Karotte,0.43,50,2025-01-22
Paprika,1.08,127,2025-02-03
Zitrone,0.63,166,2025-01-23
Apfel,0.54,184,2025-01-30
Paprika,1.09,179,2025-02-06
Orange,0.71,165,2025-01-27
Zitrone,0.58,114,2025-01-27
Orange,0.59,114,2025-02-01
Zitrone,0.63,67,2025-01-25
Karotte,0.43,185,2025-01-31
Gurke,0.83,161,2025-01-31
Paprika,1.1,168,2025-01-23
Tomate,0.69,106,2025-01-27
Karotte,0.43,119,2025-02-07
Paprika,1.07,55,2025-01-30
Paprika,1.08,75,2025-02-11
Tomate,0.74,63,2025-01-31
Apfel,0.46,56,2025-02-07
Karotte,0.41,109,2025-01-22
Zitrone,0.54,187,2025-01-31
Gurke,0.79,58,2025-01-19
Gurke,0.81,85,2025-01-14
Apfel,0.46,182,2025-02-02
Tomate,0.65,64,2025-01-12
Orange,0.59,58,2025-02-04
Zitrone,0.55,107,2025-01-17
Orange,0.66,85,2025-01-29
Karotte,0.39,73,2025-02-06
Orange,0.63,101,2025-01-26
Gurke,0.79,76,2025-01-19
Banane,0.3,51,2025-01-26
Paprika,0.9,193,2025-01-29
Karotte,0.36,92,2025-02-09
Zitrone,0.64,125,2025-02-01
Banane,0.31,57,2025-01-21
Zitrone,0.54,111,2025-01-31
Apfel,0.52,196,2025-01-23
Karotte,0.44,161,2025-02-11
Tomate,0.68,77,2025-01-15
Banane,0.31,166,2025-01-20
Gurke,0.79,160,2025-01-20
Apfel,0.46,156,2025-01-19
Banane,0.28,160,2025-01-27
Paprika,0.98,117,2025-01-26
Tomate,0.64,123,2025-01-21
Zitrone,0.66,133,2025-01-17
Karotte,0.4,96,2025-01-26
Banane,0.27,140,2025-01-18
Apfel,0.48,174,2025-01-30
Gurke,0.84,186,2025-02-05
Orange,0.62,107,2025-01-29
Paprika,1.04,172,2025-01-28
Orange,0.7,51,2025-02-05
Karotte,0.41,143,2025-01-13
Gurke,0.82,146,2025-01-25
Gurke,0.76,77,2025-02-11
Gurke,0.77,80,2025-01-24
Orange,0.68,66,2025-01-26
Orange,0.66,110,2025-01-31
Paprika,1.04,145,2025-02-03
Paprika,1.07,58,2025-02-11
Paprika,0.93,153,2025-01-16
Paprika,1.05,96,2025-01-20
Orange,0.61,51,2025-01-14
Apfel,0.49,132,2025-01-31
Karotte,0.37,104,2025-01-14
Apfel,0.47,183,2025-01-30
Banane,0.29,144,2025-01-31
Banane,0.29,59,2025-01-22
Tomate,0.71,139,2025-02-08
Banane,0.32,194,2025-01-20
Tomate,0.65,179,2025-02-03
Gurke,0.86,67,2025-01-15
Zitrone,0.55,129,2025-01-25
Banane,0.31,159,2025-01-30
Zitrone,0.56,89,2025-01-27
Gurke,0.78,66,2025-01-26
Banane,0.31,134,2025-01-26
Karotte,0.38,147,2025-02-01
Banane,0.3,119,2025-02-07
Gurke,0.73,184,2025-01-31
Apfel,0.52,50,2025-01-17
Zitrone,0.58,51,2025-01-17
Paprika,1.02,128,2025-01-20
Banane,0.28,135,2025-01-25
Karotte,0.38,125,2025-01-29
Zitrone,0.57,110,2025-02-08
Tomate,0.67,142,2025-01-16
Orange,0.66,66,2025-01-15
Zitrone,0.6,57,2025-02-09
Orange,0.62,171,2025-02-03
Zitrone,0.57,95,2025-01-27
Banane,0.32,73,2025-01-26
Orange,0.71,137,2025-01-16
Karotte,0.42,195,2025-01-12
Gurke,0.73,77,2025-01-20
Zitrone,0.64,67,2025-02-09
Apfel,0.55,146,2025-02-09
Orange,0.69,53,2025-01-14
Tomate,0.75,131,2025-01-16
Zitrone,0.66,155,2025-02-03
Tomate,0.71,89,2025-02-11
Apfel,0.47,65,2025-02-03
Gurke,0.82,153,2025-01-23
Zitrone,0.62,96,2025-02-02
Karotte,0.43,149,2025-01-26
Orange,0.71,157,2025-01-22
Gurke,0.81,72,2025-02-03
Apfel,0.46,122,2025-01-17
Zitrone,0.65,149,2025-01-21
Apfel,0.54,180,2025-01-21
Apfel,0.53,52,2025-01-22
Karotte,0.4,114,2025-01-24
Tomate,0.76,183,2025-01-22
Banane,0.29,191,2025-01-22
Tomate,0.75,95,2025-01-17
Orange,0.7,52,2025-01-14
Tomate,0.74,97,2025-02-07
Zitrone,0.65,97,2025-01-19
Apfel,0.47,176,2025-01-12
Zitrone,0.65,168,2025-01-19
Zitrone,0.63,163,2025-01-26
Gurke,0.83,108,2025-02-11
Karotte,0.41,66,2025-01-27
Gurke,0.84,175,2025-01-24
Orange,0.68,171,2025-01-15
Orange,0.65,73,2025-01-18
Karotte,0.4,55,2025-01-21
Karotte,0.41,141,2025-01-17
Zitrone,0.58,134,2025-01-16
Karotte,0.42,57,2025-01-30
Gurke,0.79,117,2025-01-20
Apfel,0.53,192,2025-01-18
Zitrone,0.65,127,2025-01-30
Zitrone,0.62,97,2025-01-31
Gurke,0.72,63,2025-01-16
Orange,0.66,157,2025-01-24
Tomate,0.65,103,2025-02-11
Banane,0.31,97,2025-01-18
Karotte,0.4,133,2025-01-27
Orange,0.66,195,2025-02-02
Paprika,0.91,81,2025-01-18
Zitrone,0.56,60,2025-02-07
Tomate,0.65,149,2025-01-20
Orange,0.59,164,2025-02-01
Apfel,0.51,123,2025-02-03
Karotte,0.43,77,2025-01-19
Gurke,0.85,75,2025-02-01
Orange,0.68,131,2025-02-06
Banane,0.31,92,2025-02-01
Karotte,0.38,145,2025-02-10
Orange,0.61,57,2025-02-05
Banane,0.32,159,2025-01-30
Gurke,0.76,125,2025-01-16
Banane,0.3,192,2025-02-01
Banane,0.28,100,2025-01-15
Banane,0.28,175,2025-01-31
Orange,0.69,56,2025-01-20
Karotte,0.44,179,2025-02-04
Karotte,0.43,197,2025-02-11
Paprika,1.1,106,2025-01-18
Orange,0.71,106,2025-02-09
Paprika,1.01,176,2025-01-21
Apfel,0.53,161,2025-01-22
Banane,0.29,101,2025-01-29
Gurke,0.76,200,2025-02-07
Tomate,0.77,71,2025-02-09
Gurke,0.73,184,2025-02-01
Tomate,0.75,59,2025-01-23
Gurke,0.77,68,2025-01-18
Orange,0.67,116,2025-02-05
Apfel,0.54,78,2025-01-20
Apfel,0.46,65,2025-01-21
Banane,0.27,85,2025-02-09
Karotte,0.43,106,2025-02-10
Apfel,0.49,66,2025-01-16
Karotte,0.37,186,2025-01-13
Apfel,0.5,149,2025-02-03
Banane,0.32,148,2025-01-13
Tomate,0.73,186,2025-01-16
Gurke,0.8,79,2025-01-25
Banane,0.32,177,2025-01-20
Tomate,0.68,183,2025-01-24
Banane,0.33,69,2025-02-06
Gurke,0.8,135,2025-02-07
Orange,0.62,174,2025-01-30
Gurke,0.76,177,2025-01-15
Orange,0.69,192,2025-01-18
Gurke,0.73,163,2025-01-25
Banane,0.29,153,2025-02-02
Paprika,1.05,175,2025-01-21
Banane,0.31,86,2025-02-02
Banane,0.31,183,2025-01-23
Zitrone,0.63,54,2025-01-16
Zitrone,0.61,185,2025-02-01
Tomate,0.66,105,2025-01-18
Gurke,0.87,183,2025-01-18
Zitrone,0.62,143,2025-02-04
Gurke,0.73,96,2025-02-05
Gurke,0.86,130,2025-01-12
Orange,0.63,173,2025-01-18
Gurke,0.84,190,2025-02-09
Paprika,0.94,189,2025-02-03
Paprika,1.03,194,2025-01-17
Orange,0.63,59,2025-01-26
Paprika,0.93,142,2025-01-21
Orange,0.71,126,2025-02-07
Orange,0.61,111,2025-01-22
Apfel,0.46,138,2025-01-27
Orange,0.6,145,2025-01-22
Karotte,0.37,73,2025-02-08
Apfel,0.54,58,2025-02-07
Karotte,0.43,122,2025-02-07
Orange,0.59,116,2025-02-01
Paprika,0.93,157,2025-02-05
Banane,0.28,177,2025-02-10
Zitrone,0.64,92,2025-01-24
Apfel,0.48,175,2025-01-15
Paprika,1.06,124,2025-01-14
Apfel,0.45,141,2025-01-31
Gurke,0.74,156,2025-02-02
Banane,0.28,190,2025-01-14
Karotte,0.4,109,2025-01-31
Banane,0.31,182,2025-02-11
Orange,0.61,165,2025-02-01
Apfel,0.53,140,2025-02-11
Apfel,0.54,111,2025-01-23
Gurke,0.86,161,2025-02-04
Banane,0.31,111,2025-01-21
Paprika,1.07,108,2025-01-25
Orange,0.63,110,2025-01-16
Zitrone,0.58,53,2025-02-07
Paprika,0.91,120,2025-01-24
Gurke,0.75,174,2025-02-06
Orange,0.59,103,2025-02-04
Paprika,1.03,150,2025-01-25
Paprika,0.95,197,2025-01-22
Orange,0.63,54,2025-01-25
Banane,0.29,175,2025-01-29
Apfel,0.46,180,2025-01-27
Karotte,0.37,55,2025-02-01
Orange,0.6,122,2025-02-06
Paprika,0.95,80,2025-01-14
Karotte,0.39,144,2025-01-12
Orange,0.6,158,2025-01-21
Orange,0.63,54,2025-01-22
Orange,0.67,156,2025-01-24
Paprika,1.05,84,2025-01-17
Orange,0.62,161,2025-01-27
Gurke,0.75,119,2025-01-28
Zitrone,0.66,178,2025-01-12
Paprika,1.08,193,2025-01-20
Orange,0.63,148,2025-02-10
Tomate,0.74,121,2025-01-28
Paprika,0.97,122,2025-02-01
Paprika,1.0,127,2025-01-19
Apfel,0.5,109,2025-01-24
Karotte,0.43,143,2025-02-03
Karotte,0.38,72,2025-02-07
Paprika,1.09,98,2025-01-23
Orange,0.65,146,2025-02-01
Orange,0.66,126,2025-02-05
Orange,0.66,62,2025-01-29
Paprika,1.04,183,2025-02-08
Paprika,0.98,123,2025-01-29
Banane,0.31,165,2025-02-08
Tomate,0.69,195,2025-01-17
Banane,0.32,68,2025-01-16
Paprika,1.05,185,2025-01-30
Paprika,0.91,70,2025-01-27
Orange,0.65,117,2025-01-14
Banane,0.3,137,2025-01-22
Orange,0.65,122,2025-01-22
Zitrone,0.64,187,2025-01-27
Zitrone,0.64,72,2025-02-09
Orange,0.6,66,2025-01-28
Banane,0.3,83,2025-01-27
Paprika,0.94,181,2025-01-14
Gurke,0.72,113,2025-01-18
Apfel,0.47,79,2025-01-31
Apfel,0.53,196,2025-02-03
Gurke,0.82,162,2025-01-30
Orange,0.66,106,2025-02-07
Karotte,0.38,68,2025-01-23
Zitrone,0.65,108,2025-02-05
Zitrone,0.64,75,2025-02-06
Karotte,0.36,106,2025-01-17
Tomate,0.76,82,2025-01-17
Gurke,0.72,97,2025-01-29
Banane,0.29,99,2025-02-07
Zitrone,0.63,127,2025-02-11
Paprika,1.01,163,2025-01-31
Karotte,0.38,140,2025-01-31
Banane,0.31,159,2025-01-23
Paprika,1.01,96,2025-02-02
Paprika,0.96,70,2025-02-09
Apfel,0.52,69,2025-01-18
Gurke,0.74,58,2025-02-11
Paprika,1.1,182,2025-02-01
Zitrone,0.62,130,2025-02-09
Banane,0.29,82,2025-02-10
Gurke,0.77,64,2025-01-22
Gurke,0.87,60,2025-01-27
Apfel,0.46,126,2025-02-05
Tomate,0.7,61,2025-01-24
Gurke,0.86,125,2025-01-24
Banane,0.28,123,2025-01-15
Gurke,0.85,98,2025-01-12
Apfel,0.46,74,2025-02-03
Karotte,0.43,138,2025-01-20
Karotte,0.37,100,2025-01-15
Karotte,0.38,148,2025-01-23
Karotte,0.36,112,2025-02-03
Paprika,0.99,159,2025-02-04
Banane,0.31,192,2025-01-23
Apfel,0.54,50,2025-01-18
Orange,0.69,121,2025-02-05
Apfel,0.52,90,2025-01-31
Karotte,0.41,88,2025-02-04
Tomate,0.71,187,2025-01-22
Apfel,0.53,88,2025-01-22
Paprika,0.93,108,2025-01-25
Orange,0.59,52,2025-02-02
Paprika,0.92,50,2025-02-01
Orange,0.67,80,2025-02-10
Orange,0.71,54,2025-01-28
Tomate,0.66,128,2025-02-02
Tomate,0.72,97,2025-01-24
Orange,0.67,93,2025-02-10
Karotte,0.36,111,2025-01-24
Apfel,0.49,91,2025-01-12
Karotte,0.36,156,2025-02-09
Paprika,0.96,162,2025-01-19
Tomate,0.71,152,2025-01-17
Tomate,0.64,124,2025-02-01
Gurke,0.86,63,2025-02-08
Zitrone,0.54,193,2025-02-05
Apfel,0.51,147,2025-01-19
Zitrone,0.62,81,2025-02-11
Apfel,0.45,173,2025-01-22
Zitrone,0.6,164,2025-01-16
Tomate,0.77,53,2025-01-16
Apfel,0.52,100,2025-01-16
Banane,0.3,62,2025-02-08
Karotte,0.36,117,2025-02-10
Banane,0.29,94,2025-02-08
Orange,0.7,146,2025-02-05
Karotte,0.4,194,2025-01-19
Karotte,0.43,62,2025-02-04
Orange,0.6,62,2025-02-03
Paprika,1.02,86,2025-02-03
Karotte,0.42,142,2025-01-21
Tomate,0.71,196,2025-02-03
Orange,0.65,133,2025-02-11
Orange,0.67,153,2025-02-07
Karotte,0.42,153,2025-01-15
Paprika,0.91,52,2025-01-16
Zitrone,0.62,78,2025-02-03
Banane,0.28,72,2025-02-03
Karotte,0.4,157,2025-01-17
Gurke,0.79,94,2025-01-22
Gurke,0.75,99,2025-02-11
Tomate,0.64,131,2025-01-30
Banane,0.32,190,2025-02-07
Apfel,0.55,147,2025-02-07
Apfel,0.54,173,2025-02-10
Tomate,0.75,109,2025-02-02
Apfel,0.47,130,2025-02-04
Apfel,0.55,63,2025-01-18
Apfel,0.52,146,2025-02-02
Karotte,0.36,151,2025-02-10
Orange,0.6,102,2025-02-11
Orange,0.69,80,2025-02-03
Banane,0.28,133,2025-02-10
Banane,0.31,163,2025-01-17
Orange,0.61,142,2025-01-28
Apfel,0.49,165,2025-02-11
Tomate,0.77,88,2025-01-20
Orange,0.61,59,2025-01-17
Tomate,0.74,76,2025-01-31
Gurke,0.8,61,2025-01-29
Orange,0.67,189,2025-02-09
Tomate,0.7,158,2025-02-02
Banane,0.3,66,2025-01-19
Banane,0.32,118,2025-02-07
Tomate,0.68,95,2025-01-13
Zitrone,0.65,196,2025-01-31
Orange,0.61,199,2025-02-05
Paprika,0.93,78,2025-01-15
Apfel,0.48,112,2025-01-29
Gurke,0.83,175,2025-01-26
Banane,0.29,64,2025-01-29
Karotte,0.38,141,2025-01-24
Tomate,0.71,56,2025-02-11
Orange,0.61,150,2025-01-17
Zitrone,0.58,87,2025-02-01
Orange,0.64,149,2025-02-06
Karotte,0.44,138,2025-01-27
Karotte,0.41,74,2025-02-05
Zitrone,0.64,168,2025-01-28
Apfel,0.54,125,2025-01-19
Zitrone,0.55,188,2025-01-13
Karotte,0.41,56,2025-02-05
Tomate,0.64,75,2025-01-19
Gurke,0.85,115,2025-02-04
Tomate,0.73,140,2025-01-24
Paprika,0.91,177,2025-01-27
Orange,0.64,95,2025-02-08
Gurke,0.8,172,2025-02-05
Orange,0.6,181,2025-01-17
Zitrone,0.59,184,2025-01-31
Karotte,0.39,144,2025-01-20
Karotte,0.38,168,2025-01-18
Paprika,1.04,152,2025-02-02
Karotte,0.43,129,2025-02-09
Paprika,1.01,156,2025-01-20
Apfel,0.52,146,2025-01-20
Paprika,1.01,77,2025-01-19
Gurke,0.73,105,2025-02-06
Orange,0.71,136,2025-02-04
Paprika,0.95,170,2025-01-22
Gurke,0.74,167,2025-01-30
Banane,0.31,125,2025-02-07
Banane,0.33,85,2025-01-31
Gurke,0.76,90,2025-01-28
Gurke,0.85,122,2025-01-13
Gurke,0.83,123,2025-02-04
Paprika,1.04,132,2025-02-10
Orange,0.63,75,2025-02-04
Banane,0.3,186,2025-01-31
Banane,0.27,74,2025-02-05
Tomate,0.7,198,2025-01-20
Zitrone,0.64,163,2025-02-05
Orange,0.66,165,2025-02-09
Apfel,0.52,63,2025-01-24
Zitrone,0.61,94,2025-02-03
Gurke,0.78,168,2025-01-21
Zitrone,0.65,197,2025-01-25
Zitrone,0.61,97,2025-02-09
Apfel,0.5,51,2025-02-07
Gurke,0.86,65,2025-01-26
Banane,0.3,123,2025-01-14
Zitrone,0.59,117,2025-01-31
Apfel,0.53,184,2025-01-26
Apfel,0.47,79,2025-01-30
Zitrone,0.58,145,2025-02-05
Tomate,0.64,138,2025-01-14
Paprika,0.94,75,2025-01-25
Orange,0.68,176,2025-01-16
Apfel,0.48,68,2025-01-12
Paprika,1.08,133,2025-02-09
Karotte,0.39,97,2025-02-10
Apfel,0.54,162,2025-02-06
Banane,0.3,123,2025-02-06
Orange,0.67,200,2025-01-29
Zitrone,0.65,101,2025-02-10
Zitrone,0.55,150,2025-02-01
Zitrone,0.62,146,2025-01-26
Zitrone,0.63,132,2025-02-07
Banane,0.29,146,2025-01-21
Paprika,1.01,120,2025-01-21
Paprika,1.08,102,2025-02-01
Tomate,0.66,91,2025-01-18
Zitrone,0.66,109,2025-02-11
Banane,0.29,117,2025-01-17
Tomate,0.66,50,2025-02-05
Karotte,0.41,92,2025-02-09
Banane,0.28,108,2025-01-17
Tomate,0.75,185,2025-02-06
Orange,0.67,160,2025-01-15
Banane,0.28,84,2025-02-10
Orange,0.64,80,2025-01-27
Orange,0.7,73,2025-01-16
Apfel,0.45,73,2025-01-17
Karotte,0.42,153,2025-02-06
Zitrone,0.63,147,2025-02-04
Orange,0.66,163,2025-02-04
Paprika,0.92,112,2025-01-22
Banane,0.31,161,2025-01-16
Gurke,0.76,185,2025-02-02
Karotte,0.37,161,2025-01-31
Karotte,0.39,134,2025-02-05
Zitrone,0.62,115,2025-01-17
Orange,0.67,94,2025-01-26
Karotte,0.43,182,2025-01-22
Orange,0.63,97,2025-02-09
Paprika,0.96,69,2025-01-23
Karotte,0.43,129,2025-02-08
Karotte,0.41,105,2025-01-24
Tomate,0.74,168,2025-02-09
Karotte,0.37,106,2025-01-25
Banane,0.27,93,2025-02-08
Banane,0.31,193,2025-01-13
Orange,0.59,79,2025-02-11
Zitrone,0.61,65,2025-01-14
Banane,0.32,67,2025-02-11
Orange,0.6,138,2025-01-20
Apfel,0.46,152,2025-01-17
Apfel,0.5,100,2025-01-13
Karotte,0.38,64,2025-01-19
Karotte,0.43,195,2025-01-21
Tomate,0.74,177,2025-01-24
Paprika,1.07,185,2025-01-16
Banane,0.32,141,2025-01-16
Zitrone,0.59,93,2025-02-08
Karotte,0.43,189,2025-01-31
Orange,0.65,193,2025-02-07
Banane,0.31,153,2025-02-07
Zitrone,0.54,176,2025-02-08
Karotte,0.42,173,2025-01-28
Zitrone,0.59,186,2025-02-06
Gurke,0.79,172,2025-02-03
Banane,0.3,116,2025-01-25
Zitrone,0.61,130,2025-01-28
Banane,0.32,185,2025-02-08
Karotte,0.39,114,2025-01-26
Tomate,0.76,150,2025-02-10
Orange,0.6,57,2025-01-23
Banane,0.27,157,2025-01-16
Apfel,0.51,81,2025-02-11
Karotte,0.42,123,2025-01-27
Zitrone,0.64,182,2025-01-25
Banane,0.32,68,2025-02-07
Karotte,0.38,60,2025-01-19
Paprika,0.92,55,2025-01-19
Gurke,0.75,99,2025-01-18
Karotte,0.43,128,2025-01-19
Gurke,0.83,133,2025-01-26
Apfel,0.46,134,2025-02-02
Apfel,0.53,71,2025-01-20
Karotte,0.38,179,2025-01-18
Karotte,0.38,61,2025-02-10
Apfel,0.51,65,2025-01-28
Paprika,0.97,59,2025-01-15
Apfel,0.51,159,2025-01-16
Paprika,0.91,103,2025-01-31
Zitrone,0.56,137,2025-01-18
Gurke,0.84,160,2025-02-11
Zitrone,0.57,171,2025-01-19
Tomate,0.68,194,2025-01-30
Banane,0.33,183,2025-01-13
Orange,0.71,180,2025-02-07
Zitrone,0.62,172,2025-01-23
Tomate,0.68,123,2025-01-26
Orange,0.6,54,2025-02-08
Tomate,0.75,82,2025-01-31
Paprika,1.02,143,2025-02-02
Apfel,0.46,159,2025-02-09
Orange,0.59,157,2025-02-02
Orange,0.64,97,2025-01-24
Gurke,0.83,74,2025-02-08
Paprika,0.99,89,2025-01-15
Orange,0.66,179,2025-01-16
Tomate,0.66,149,2025-02-10
Paprika,0.97,67,2025-02-01
Orange,0.64,163,2025-01-29
Banane,0.31,83,2025-01-17
Paprika,0.96,158,2025-01-18
Zitrone,0.63,132,2025-01-25
Gurke,0.75,178,2025-01-21
Gurke,0.84,151,2025-02-07
Banane,0.28,184,2025-01-16
Zitrone,0.64,61,2025-01-27
Paprika,1.08,174,2025-02-07
Tomate,0.76,123,2025-02-10
Gurke,0.77,196,2025-01-13
Apfel,0.47,172,2025-01-27
Gurke,0.8,98,2025-02-03
Gurke,0.87,50,2025-01-16
Tomate,0.71,53,2025-02-01
Apfel,0.55,141,2025-01-26
Karotte,0.42,191,2025-01-17
Gurke,0.81,93,2025-01-30
Orange,0.62,163,2025-01-26
Paprika,0.91,55,2025-02-11
Orange,0.62,124,2025-02-03
Banane,0.32,66,2025-02-09
Zitrone,0.56,141,2025-01-26
Apfel,0.49,177,2025-01-20
Gurke,0.81,145,2025-01-18
Karotte,0.39,193,2025-02-07
Zitrone,0.62,76,2025-01-29
Paprika,0.94,135,2025-01-27
Gurke,0.81,133,2025-02-02
Karotte,0.41,50,2025-01-13
Banane,0.33,73,2025-02-08
Tomate,0.7,200,2025-01-28
Banane,0.33,183,2025-01-28
Gurke,0.84,97,2025-01-12
Tomate,0.7,94,2025-01-25
Zitrone,0.65,101,2025-01-30
Tomate,0.73,200,2025-02-11
Gurke,0.73,102,2025-02-05
Apfel,0.53,194,2025-01-14
Apfel,0.52,193,2025-02-03
Tomate,0.66,97,2025-02-08
Karotte,0.42,72,2025-01-13
Zitrone,0.62,183,2025-01-30
Banane,0.31,126,2025-01-29
Apfel,0.48,99,2025-01-30
Banane,0.31,174,2025-01-20
Gurke,0.81,123,2025-02-10
Gurke,0.8,178,2025-01-17
Tomate,0.73,109,2025-01-21
Karotte,0.37,108,2025-01-26
Karotte,0.37,198,2025-01-25
Paprika,0.99,180,2025-02-03
Orange,0.62,178,2025-02-06
Tomate,0.72,94,2025-01-26
Paprika,0.97,139,2025-02-05
Orange,0.68,71,2025-02-09
Zitrone,0.54,198,2025-01-22
Karotte,0.36,198,2025-01-19
Zitrone,0.61,170,2025-02-11
Orange,0.59,155,2025-01-22
Banane,0.27,184,2025-01-29
Zitrone,0.63,87,2025-02-03
Banane,0.32,178,2025-02-09
Karotte,0.37,176,2025-01-30
Apfel,0.47,67,2025-01-30
Banane,0.28,157,2025-01-30
Apfel,0.47,156,2025-01-24
Paprika,0.94,195,2025-02-11
Paprika,0.96,90,2025-02-06
Zitrone,0.64,83,2025-02-11
Gurke,0.82,119,2025-01-15
Gurke,0.72,102,2025-01-21
Karotte,0.43,95,2025-01-26
Orange,0.66,140,2025-01-21
Banane,0.27,151,2025-01-31
Tomate,0.74,90,2025-02-08
Banane,0.31,153,2025-01-25
Gurke,0.78,81,2025-02-11
Gurke,0.8,100,2025-01-12
Gurke,0.83,64,2025-02-08
Tomate,0.76,92,2025-02-05
Zitrone,0.58,69,2025-02-06
Zitrone,0.6,55,2025-01-16
Banane,0.32,109,2025-02-11
Banane,0.3,105,2025-02-08
Zitrone,0.57,199,2025-02-10
Gurke,0.78,85,2025-02-11
Orange,0.69,113,2025-01-16
Paprika,1.09,149,2025-01-17
Gurke,0.85,183,2025-02-06
Banane,0.31,163,2025-02-09
Paprika,0.95,154,2025-01-19
Karotte,0.39,101,2025-01-23
Gurke,0.81,171,2025-01-13
Tomate,0.75,117,2025-01-14
Banane,0.32,108,2025-01-26
Zitrone,0.65,114,2025-02-03
Gurke,0.74,92,2025-02-11
Gurke,0.83,86,2025-01-24
Apfel,0.53,166,2025-01-20
Paprika,0.98,82,2025-01-24
Zitrone,0.61,182,2025-01-19
Banane,0.31,105,2025-02-07
Tomate,0.7,128,2025-01-21
Zitrone,0.64,65,2025-01-28
Karotte,0.39,117,2025-02-09
Karotte,0.42,192,2025-01-26
Gurke,0.83,130,2025-02-02
Zitrone,0.6,153,2025-01-14
Karotte,0.41,167,2025-01-12
Banane,0.33,133,2025-02-03
Gurke,0.83,123,2025-02-05
Paprika,1.07,74,2025-02-08
Gurke,0.88,102,2025-01-15
Apfel,0.48,172,2025-01-13
Tomate,0.76,104,2025-02-02
Banane,0.32,105,2025-02-04
Zitrone,0.59,128,2025-02-10
Gurke,0.76,151,2025-02-09
Gurke,0.77,153,2025-02-06
Paprika,1.0,120,2025-01-25
Tomate,0.64,111,2025-01-28
Orange,0.59,123,2025-01-20
Orange,0.64,97,2025-02-09
Paprika,1.04,135,2025-01-23
Karotte,0.44,116,2025-01-20
Gurke,0.81,85,2025-02-07
Zitrone,0.61,150,2025-02-03
Zitrone,0.65,186,2025-01-18
Banane,0.3,89,2025-01-26
Karotte,0.37,105,2025-01-17
Paprika,1.05,129,2025-01-13
Zitrone,0.61,114,2025-02-02
Apfel,0.51,138,2025-01-26
Zitrone,0.64,75,2025-02-09
Zitrone,0.58,139,2025-01-13
Orange,0.7,146,2025-01-27
Apfel,0.47,103,2025-01-22
Orange,0.71,77,2025-02-06
Zitrone,0.64,77,2025-01-13
Paprika,0.93,185,2025-01-16
Zitrone,0.62,61,2025-01-30
Karotte,0.39,133,2025-01-16
Tomate,0.65,69,2025-02-04
Zitrone,0.6,61,2025-01-31
Gurke,0.82,61,2025-01-18
Apfel,0.52,76,2025-01-16
Zitrone,0.62,188,2025-02-04
Banane,0.28,73,2025-02-09
Banane,0.28,85,2025-01-19
Banane,0.29,131,2025-01-14
Orange,0.67,60,2025-01-18
Apfel,0.53,178,2025-01-14
Paprika,0.97,90,2025-01-26
Paprika,0.94,114,2025-02-04
Zitrone,0.55,89,2025-02-08
Apfel,0.5,150,2025-01-17
Orange,0.61,57,2025-01-30
Zitrone,0.64,95,2025-02-06
Gurke,0.74,147,2025-01-26
Orange,0.69,167,2025-02-07
Orange,0.68,112,2025-02-06
Paprika,1.09,61,2025-01-29
Tomate,0.7,84,2025-01-21
Banane,0.28,116,2025-01-24
Paprika,0.97,130,2025-01-29
Apfel,0.54,57,2025-01-24
Banane,0.33,65,2025-02-05
Gurke,0.73,194,2025-01-27
Paprika,1.09,62,2025-01-18
Apfel,0.51,127,2025-02-06
Gurke,0.79,166,2025-02-04
Zitrone,0.59,144,2025-01-15
Paprika,1.07,114,2025-01-19
Apfel,0.48,71,2025-02-09
Apfel,0.46,193,2025-01-26
Zitrone,0.61,117,2025-02-04
Orange,0.65,167,2025-02-09
Tomate,0.76,185,2025-01-24
Gurke,0.77,147,2025-02-01
Orange,0.67,114,2025-01-18
Karotte,0.38,194,2025-02-06
Zitrone,0.62,189,2025-01-19
Gurke,0.84,172,2025-01-19
Apfel,0.52,127,2025-01-26
Paprika,1.03,168,2025-01-29
Banane,0.32,67,2025-01-20
Karotte,0.38,170,2025-01-27
Apfel,0.47,187,2025-02-05
Gurke,0.87,81,2025-01-28
Gurke,0.81,68,2025-01-22
Zitrone,0.59,124,2025-02-07
Tomate,0.7,67,2025-01-16
Karotte,0.43,80,2025-01-12
Banane,0.29,194,2025-01-30
Apfel,0.53,163,2025-02-08
Gurke,0.82,113,2025-02-03
Zitrone,0.56,151,2025-02-01
Paprika,1.06,63,2025-02-11
Paprika,1.0,84,2025-02-10
Paprika,1.06,53,2025-01-23
Tomate,0.67,158,2025-02-10
Paprika,1.03,138,2025-01-26
Karotte,0.43,163,2025-01-20
Tomate,0.73,128,2025-01-18
Banane,0.28,156,2025-02-05
Apfel,0.52,50,2025-01-24
Paprika,1.06,200,2025-01-13
Zitrone,0.6,67,2025-01-20
Gurke,0.74,186,2025-01-16
Tomate,0.76,84,2025-02-06
Karotte,0.36,158,2025-01-31
Zitrone,0.6,187,2025-01-26
Gurke,0.83,103,2025-02-01
Karotte,0.42,111,2025-01-19
Paprika,0.99,70,2025-01-29
Banane,0.32,55,2025-01-22
Zitrone,0.58,129,2025-01-22
Apfel,0.46,169,2025-01-17
Zitrone,0.58,195,2025-01-20
Banane,0.29,99,2025-02-03
Orange,0.66,134,2025-01-20
Tomate,0.69,174,2025-01-12
Gurke,0.75,120,2025-02-11
Paprika,1.08,98,2025-02-06
Tomate,0.69,51,2025-01-23
Tomate,0.65,79,2025-02-09
Orange,0.65,58,2025-01-29
Banane,0.3,84,2025-01-20
Apfel,0.45,172,2025-02-03
Orange,0.71,172,2025-01-15
Tomate,0.76,190,2025-02-07
Apfel,0.46,50,2025-01-15
Gurke,0.82,185,2025-01-21
Zitrone,0.66,79,2025-02-03
Zitrone,0.63,163,2025-02-11
Apfel,0.46,139,2025-01-25
Apfel,0.55,131,2025-01-29
Zitrone,0.56,171,2025-01-14
Tomate,0.66,136,2025-02-01
Tomate,0.74,153,2025-01-28
Orange,0.66,169,2025-01-16
Banane,0.31,167,2025-01-13
Apfel,0.47,133,2025-02-03
Orange,0.59,164,2025-01-22
Orange,0.71,98,2025-02-07
Apfel,0.52,171,2025-01-28
Apfel,0.5,150,2025-01-30
Orange,0.59,198,2025-01-21
Orange,0.68,86,2025-02-01
Orange,0.62,107,2025-02-04
Karotte,0.41,125,2025-02-04
Gurke,0.87,148,2025-01-22
Banane,0.31,52,2025-02-07
Apfel,0.47,161,2025-02-11
Orange,0.71,56,2025-01-16
Gurke,0.81,66,2025-02-04
Apfel,0.46,162,2025-01-19
Paprika,0.98,130,2025-01-23
Zitrone,0.57,158,2025-02-03
Karotte,0.37,102,2025-02-08
Paprika,1.03,101,2025-01-21
Tomate,0.75,184,2025-01-17
Orange,0.59,150,2025-02-10
Orange,0.66,85,2025-02-06
Karotte,0.37,190,2025-01-25
Paprika,0.93,178,2025-01-31
Orange,0.67,56,2025-01-15
Tomate,0.69,94,2025-01-28
Apfel,0.54,132,2025-01-21
Paprika,1.07,72,2025-01-24
Zitrone,0.62,56,2025-02-02
Gurke,0.85,131,2025-01-14
Gurke,0.81,126,2025-01-19
Gurke,0.77,122,2025-01-17
Zitrone,0.57,62,2025-02-08
Orange,0.6,157,2025-01-15
Zitrone,0.57,110,2025-02-03
Karotte,0.39,173,2025-01-31
Paprika,0.97,153,2025-01-22
Karotte,0.36,52,2025-01-13
Banane,0.31,158,2025-01-22
Banane,0.31,77,2025-01-21
Zitrone,0.61,95,2025-01-17
Orange,0.64,153,2025-02-10
Orange,0.65,115,2025-01-13
Karotte,0.42,72,2025-01-22
Tomate,0.71,199,2025-01-27
Paprika,0.95,166,2025-01-13
Zitrone,0.56,184,2025-02-06
Banane,0.3,100,2025-01-17
Karotte,0.38,147,2025-01-25
Zitrone,0.62,63,2025-02-02
Paprika,0.9,200,2025-02-11
Karotte,0.37,200,2025-01-20
Karotte,0.36,93,2025-01-21
Paprika,1.07,92,2025-02-02
Gurke,0.87,180,2025-01-30
Karotte,0.41,116,2025-01-29
Tomate,0.69,173,2025-01-13
Karotte,0.36,56,2025-01-12
Apfel,0.47,110,2025-01-28
Zitrone,0.66,189,2025-02-05
Paprika,1.05,68,2025-01-20
Apfel,0.48,190,2025-01-20
Tomate,0.67,188,2025-01-24
Tomate,0.74,58,2025-02-10
Apfel,0.55,136,2025-01-31
Orange,0.67,115,2025-01-13
Karotte,0.43,58,2025-01-18
Paprika,1.0,189,2025-01-28
Tomate,0.69,160,2025-01-30
Zitrone,0.59,50,2025-02-11
Apfel,0.47,83,2025-01-28
Karotte,0.37,195,2025-02-07
Karotte,0.42,142,2025-02-10
Banane,0.32,53,2025-01-19
Orange,0.7,175,2025-01-22
Karotte,0.44,197,2025-01-21
Tomate,0.77,121,2025-01-18
Gurke,0.86,100,2025-01-26
Zitrone,0.58,189,2025-01-12
Paprika,0.93,192,2025-01-16
Tomate,0.65,150,2025-02-04
Apfel,0.49,183,2025-01-27
Tomate,0.72,101,2025-01-25
Zitrone,0.55,167,2025-01-31
Paprika,1.0,121,2025-02-09
Tomate,0.66,87,2025-01-29
Orange,0.67,109,2025-02-05
Gurke,0.83,128,2025-01-26
Orange,0.69,181,2025-02-06
Apfel,0.45,61,2025-01-19
Zitrone,0.57,88,2025-01-26
Orange,0.71,143,2025-01-15
Orange,0.61,106,2025-02-11
Karotte,0.38,65,2025-02-09
Banane,0.31,179,2025-01-12
Paprika,1.05,194,2025-02-11
Apfel,0.5,66,2025-01-21
Banane,0.3,86,2025-01-24
Paprika,0.98,148,2025-02-07
Orange,0.65,59,2025-01-21
Apfel,0.47,159,2025-01-15
Tomate,0.68,165,2025-01-20
Tomate,0.66,160,2025-02-08
Apfel,0.53,64,2025-02-07
Karotte,0.42,200,2025-01-27
Banane,0.28,120,2025-01-27
Apfel,0.47,114,2025-01-19
Apfel,0.52,64,2025-01-23
Orange,0.62,112,2025-01-12
Banane,0.29,145,2025-02-03
Zitrone,0.57,66,2025-01-25
Zitrone,0.56,51,2025-02-05
Gurke,0.81,159,2025-02-10
Gurke,0.73,83,2025-02-11
Tomate,0.69,56,2025-02-09
Banane,0.32,84,2025-02-10
Paprika,0.91,82,2025-01-20
Paprika,0.92,82,2025-01-13
Zitrone,0.6,115,2025-02-07
Gurke,0.77,112,2025-01-14
Tomate,0.71,76,2025-02-01
Tomate,0.77,183,2025-02-04
Apfel,0.47,99,2025-02-10
Zitrone,0.62,83,2025-01-25
Gurke,0.79,101,2025-01-27
Paprika,1.06,78,2025-01-23
Gurke,0.85,72,2025-01-12
Paprika,0.95,96,2025-02-10
Zitrone,0.61,133,2025-01-21
Apfel,0.54,150,2025-01-20
Tomate,0.68,62,2025-01-30
Tomate,0.75,153,2025-01-18
Orange,0.63,125,2025-01-20
Zitrone,0.64,139,2025-01-19
Gurke,0.77,166,2025-01-15
Gurke,0.79,103,2025-02-09
Tomate,0.72,142,2025-01-19
Tomate,0.71,180,2025-02-03
Zitrone,0.56,93,2025-01-18
Gurke,0.87,59,2025-01-12
Gurke,0.85,73,2025-02-02
Gurke,0.79,81,2025-01-19
Orange,0.65,138,2025-01-24
Gurke,0.81,115,2025-01-25
Apfel,0.53,93,2025-02-01
Banane,0.27,175,2025-01-16
Apfel,0.48,180,2025-02-02
Orange,0.62,116,2025-01-15
Banane,0.33,120,2025-01-31
Apfel,0.54,108,2025-02-04
Paprika,0.98,133,2025-01-22
Zitrone,0.6,81,2025-01-19
Orange,0.6,96,2025-01-21
Zitrone,0.62,173,2025-01-13
Apfel,0.54,52,2025-02-05
Zitrone,0.61,192,2025-02-04
Paprika,0.92,156,2025-01-14
Banane,0.29,73,2025-01-26
Paprika,0.96,56,2025-01-15
Karotte,0.37,85,2025-01-13
Banane,0.3,140,2025-01-27
Paprika,0.91,106,2025-01-19
Orange,0.67,170,2025-02-02
Karotte,0.37,153,2025-01-18
Banane,0.3,168,2025-01-31
Banane,0.27,91,2025-01-27
Zitrone,0.64,57,2025-01-29
Gurke,0.78,100,2025-01-12
Orange,0.63,106,2025-01-17
Orange,0.6,153,2025-01-17
Karotte,0.4,140,2025-02-01
Zitrone,0.65,69,2025-01-27
Zitrone,0.58,174,2025-02-09
Tomate,0.77,56,2025-01-15
Paprika,1.04,70,2025-01-19
Karotte,0.42,143,2025-01-30
Paprika,0.96,67,2025-02-02
Tomate,0.63,107,2025-01-31
Orange,0.63,106,2025-01-18
Zitrone,0.63,98,2025-01-14
Apfel,0.55,197,2025-01-16
Zitrone,0.6,139,2025-02-11
Tomate,0.69,197,2025-02-04
Banane,0.33,83,2025-01-27
Apfel,0.45,70,2025-02-02
Banane,0.3,118,2025-01-14
Tomate,0.75,100,2025-02-05
Gurke,0.82,174,2025-01-22
Orange,0.63,133,2025-02-05
Banane,0.28,115,2025-01-12
Paprika,1.03,115,2025-02-07
Apfel,0.55,123,2025-02-04
Orange,0.65,83,2025-02-04
Paprika,0.95,184,2025-02-08
Paprika,0.95,188,2025-01-24
Zitrone,0.6,131,2025-01-19
Paprika,1.04,109,2025-01-16
Banane,0.31,67,2025-01-15
Zitrone,0.55,89,2025-02-05
Paprika,1.06,69,2025-02-04
Paprika,1.02,174,2025-01-17
Apfel,0.46,181,2025-02-08
Banane,0.31,166,2025-01-23
Apfel,0.53,168,2025-02-02
Orange,0.66,134,2025-02-02
Tomate,0.66,59,2025-02-06
Paprika,0.93,177,2025-01-30
Orange,0.7,96,2025-01-27
Zitrone,0.59,61,2025-01-29
Apfel,0.5,147,2025-01-28
Zitrone,0.65,178,2025-01-15
Gurke,0.79,55,2025-01-29
Apfel,0.55,193,2025-01-22
Zitrone,0.64,141,2025-02-09
Zitrone,0.61,162,2025-02-08
Paprika,0.91,151,2025-02-05
Gurke,0.79,175,2025-02-01
Paprika,0.97,59,2025-02-10
Banane,0.32,121,2025-01-18
Paprika,0.98,140,2025-02-08
Tomate,0.7,52,2025-01-18
Apfel,0.55,119,2025-01-23
Paprika,1.1,60,2025-02-10
Karotte,0.38,151,2025-02-05
Zitrone,0.54,146,2025-02-11
Karotte,0.4,103,2025-02-01
Gurke,0.78,55,2025-02-07
Tomate,0.67,193,2025-01-19
Paprika,0.99,95,2025-02-08
Banane,0.29,73,2025-01-25
Orange,0.65,191,2025-01-25
Zitrone,0.57,121,2025-01-31
Orange,0.71,170,2025-01-26
Apfel,0.46,82,2025-02-01
Apfel,0.47,94,2025-01-12
Paprika,1.09,59,2025-01-19
Banane,0.33,184,2025-01-31
Apfel,0.48,117,2025-02-10
Tomate,0.73,109,2025-01-21
Zitrone,0.61,86,2025-02-07
Paprika,1.05,151,2025-02-10
Apfel,0.53,193,2025-01-24
Banane,0.32,141,2025-02-09
Karotte,0.44,189,2025-02-06
Orange,0.63,134,2025-02-05
Paprika,1.04,87,2025-02-01
Orange,0.64,95,2025-01-20
Orange,0.61,141,2025-02-06
Zitrone,0.61,174,2025-02-11
Tomate,0.66,84,2025-01-28
Banane,0.29,63,2025-02-11
Tomate,0.73,81,2025-01-23
Gurke,0.82,66,2025-01-30
Orange,0.62,138,2025-02-04
Gurke,0.88,60,2025-02-03
Gurke,0.75,198,2025-02-06
Gurke,0.85,174,2025-01-14
Karotte,0.38,116,2025-02-01
Tomate,0.72,107,2025-02-10
Karotte,0.43,118,2025-02-01
Zitrone,0.56,193,2025-02-07
Karotte,0.42,165,2025-01-17
Karotte,0.44,51,2025-02-11
Karotte,0.42,102,2025-02-08
Gurke,0.74,175,2025-02-08
Paprika,0.99,84,2025-01-16
Banane,0.29,90,2025-01-25
Paprika,0.96,175,2025-01-15
Gurke,0.86,106,2025-02-08
Banane,0.3,167,2025-02-02
Orange,0.62,173,2025-01-19
Orange,0.7,138,2025-02-04
Apfel,0.47,127,2025-01-26
Orange,0.66,74,2025-01-23
Gurke,0.73,71,2025-02-04
Zitrone,0.55,71,2025-02-04
Gurke,0.86,137,2025-02-01
Karotte,0.37,180,2025-01-15
Orange,0.67,176,2025-01-27
Karotte,0.41,59,2025-02-11
Paprika,0.99,128,2025-02-11
Gurke,0.78,185,2025-01-16
Apfel,0.54,65,2025-01-13
Zitrone,0.62,96,2025-01-27
Gurke,0.84,62,2025-02-03
Paprika,0.95,71,2025-01-19
Paprika,0.99,135,2025-01-14
Zitrone,0.61,88,2025-01-28
Apfel,0.54,139,2025-01-30
Paprika,1.0,85,2025-01-30
Apfel,0.47,157,2025-02-01
Karotte,0.4,53,2025-02-04
Orange,0.71,171,2025-02-07
Gurke,0.75,117,2025-01-19
Gurke,0.76,179,2025-02-09
Karotte,0.41,93,2025-02-03
Karotte,0.43,135,2025-01-29
Paprika,1.01,126,2025-01-17
Orange,0.62,92,2025-02-04
Paprika,0.97,123,2025-02-02
Gurke,0.76,136,2025-01-28
Gurke,0.74,70,2025-01-14
Apfel,0.45,111,2025-01-14
Gurke,0.75,178,2025-01-20
Tomate,0.7,80,2025-01-25
Gurke,0.74,94,2025-02-10
Tomate,0.69,110,2025-02-06
Gurke,0.81,194,2025-01-21
Apfel,0.54,106,2025-01-19
Tomate,0.75,147,2025-01-30
Orange,0.67,76,2025-02-11
Paprika,0.93,100,2025-01-30
Orange,0.63,155,2025-02-03
Karotte,0.38,174,2025-01-24
Tomate,0.64,139,2025-01-12
Karotte,0.43,166,2025-01-31
Paprika,1.06,70,2025-01-29
Paprika,1.06,102,2025-02-07
Apfel,0.49,136,2025-01-20
Gurke,0.81,54,2025-02-06
Orange,0.67,100,2025-02-09
Zitrone,0.54,126,2025-02-04
Banane,0.27,88,2025-01-23
Orange,0.61,174,2025-01-15
Karotte,0.38,74,2025-02-06
Paprika,0.93,184,2025-02-11
Tomate,0.71,83,2025-02-04
Paprika,1.08,142,2025-01-30
Paprika,1.07,127,2025-02-04
Gurke,0.78,200,2025-01-28
Karotte,0.36,176,2025-02-08
Karotte,0.43,117,2025-02-08
Paprika,0.91,200,2025-01-23
Banane,0.32,118,2025-02-08
Banane,0.32,101,2025-01-26
Gurke,0.78,174,2025-01-20
Tomate,0.73,72,2025-01-13
Karotte,0.37,142,2025-01-31
Tomate,0.73,182,2025-01-29
Zitrone,0.56,179,2025-01-14
Gurke,0.85,199,2025-01-31
Tomate,0.69,125,2025-02-11
Tomate,0.67,90,2025-02-07
Apfel,0.47,169,2025-01-15
Apfel,0.48,52,2025-02-09
Orange,0.62,144,2025-02-03
Orange,0.67,155,2025-02-10
Tomate,0.68,184,2025-01-29
Tomate,0.64,59,2025-01-24
Gurke,0.84,157,2025-01-26
Zitrone,0.66,52,2025-01-14
Zitrone,0.56,198,2025-02-09
Apfel,0.46,167,2025-01-30
Karotte,0.38,119,2025-02-09
Paprika,1.06,111,2025-01-22
Apfel,0.48,162,2025-01-23
Gurke,0.74,99,2025-01-20
Zitrone,0.57,124,2025-01-15
Karotte,0.38,136,2025-01-20
Banane,0.27,193,2025-02-05
Zitrone,0.58,53,2025-02-05
Zitrone,0.66,170,2025-02-08
Banane,0.31,82,2025-01-22
Gurke,0.8,107,2025-02-02
Gurke,0.75,99,2025-01-13
Gurke,0.76,109,2025-01-21
Zitrone,0.55,180,2025-01-26
Zitrone,0.58,107,2025-02-05
Karotte,0.42,191,2025-02-03
Orange,0.64,66,2025-02-09
Orange,0.64,121,2025-01-19
Gurke,0.8,175,2025-01-12
Tomate,0.64,53,2025-02-11
Karotte,0.39,93,2025-01-13
Apfel,0.49,79,2025-02-04
Gurke,0.78,129,2025-01-20
Zitrone,0.6,162,2025-02-10
Karotte,0.37,172,2025-02-01
Gurke,0.72,79,2025-02-11
Apfel,0.47,102,2025-01-23
Zitrone,0.55,84,2025-01-27
Apfel,0.46,103,2025-02-03
Tomate,0.71,50,2025-01-25
Apfel,0.47,191,2025-01-19
Banane,0.29,161,2025-01-30
Tomate,0.74,145,2025-01-31
Karotte,0.37,78,2025-02-01
Apfel,0.49,183,2025-02-07
Banane,0.31,130,2025-01-29
Karotte,0.4,74,2025-01-29
Apfel,0.52,129,2025-01-13
Gurke,0.87,171,2025-01-13
Banane,0.33,108,2025-01-21
Banane,0.27,190,2025-01-22
Orange,0.7,194,2025-02-03
Apfel,0.49,132,2025-01-20
Tomate,0.66,51,2025-01-29
Orange,0.64,63,2025-02-01
Apfel,0.46,63,2025-01-25
Apfel,0.45,152,2025-02-02
Banane,0.31,93,2025-01-12
Zitrone,0.61,105,2025-02-01
Gurke,0.82,110,2025-02-06
Banane,0.29,69,2025-01-15
Tomate,0.74,77,2025-02-03
Banane,0.31,164,2025-01-15
Zitrone,0.63,194,2025-01-14
Orange,0.65,95,2025-01-16
Banane,0.28,92,2025-02-11
Apfel,0.5,65,2025-02-05
Apfel,0.5,179,2025-01-22
Karotte,0.37,77,2025-02-02
Paprika,1.03,69,2025-01-24
Apfel,0.48,82,2025-01-15
Tomate,0.66,169,2025-01-17
Zitrone,0.62,78,2025-01-21
Tomate,0.68,66,2025-01-23
Orange,0.65,124,2025-01-19
Karotte,0.38,116,2025-01-26
Karotte,0.37,77,2025-01-31
Gurke,0.82,177,2025-01-27
Karotte,0.37,162,2025-01-21
Paprika,0.96,109,2025-01-19
Apfel,0.53,73,2025-02-06
Banane,0.3,137,2025-01-24
Apfel,0.51,141,2025-01-30
Tomate,0.66,148,2025-01-27
Karotte,0.38,133,2025-01-20
Tomate,0.65,77,2025-01-21
Banane,0.28,66,2025-02-01
Paprika,0.95,138,2025-01-13
Apfel,0.51,198,2025-01-31
Apfel,0.45,155,2025-02-01
Zitrone,0.59,192,2025-01-28
Zitrone,0.61,53,2025-02-07
Paprika,0.98,128,2025-01-21
Paprika,1.01,102,2025-01-20
Karotte,0.42,149,2025-02-01
Apfel,0.55,126,2025-01-29
Orange,0.63,162,2025-01-30
Tomate,0.74,158,2025-02-05
Paprika,0.92,147,2025-01-22
Tomate,0.75,101,2025-02-10
Orange,0.61,134,2025-01-19
Gurke,0.76,132,2025-01-25
Zitrone,0.63,144,2025-01-16
Banane,0.3,119,2025-01-20
Karotte,0.38,158,2025-01-28
Orange,0.67,57,2025-01-22
Gurke,0.79,190,2025-02-01
Karotte,0.36,132,2025-01-27
Gurke,0.81,83,2025-02-08
Orange,0.71,195,2025-02-05
Tomate,0.71,59,2025-01-22
Gurke,0.84,116,2025-01-28
Apfel,0.53,154,2025-02-09
Apfel,0.47,139,2025-01-18
Gurke,0.77,109,2025-02-10
Banane,0.29,122,2025-01-13
Apfel,0.52,55,2025-01-20
Orange,0.69,117,2025-01-15
Tomate,0.69,61,2025-01-16
Orange,0.6,147,2025-01-27
Karotte,0.41,198,2025-02-04
Gurke,0.85,124,2025-01-27
Tomate,0.73,68,2025-02-03
Tomate,0.67,133,2025-01-15
Paprika,1.01,164,2025-01-12
Karotte,0.41,147,2025-01-27
Paprika,0.91,98,2025-01-21
Karotte,0.39,148,2025-01-29
Banane,0.27,177,2025-01-22
Gurke,0.86,135,2025-02-01
Apfel,0.51,126,2025-02-01
Orange,0.66,162,2025-01-25
Apfel,0.54,123,2025-01-27
Karotte,0.37,106,2025-02-01
Apfel,0.5,181,2025-01-22
Apfel,0.54,106,2025-01-26
Gurke,0.75,195,2025-01-12
Apfel,0.5,69,2025-01-28
Tomate,0.66,174,2025-01-19
Tomate,0.72,125,2025-01-31
Tomate,0.69,76,2025-01-21
Gurke,0.85,69,2025-01-30
Zitrone,0.65,160,2025-01-19
Karotte,0.41,166,2025-02-11
Paprika,0.93,181,2025-01-18
Apfel,0.47,148,2025-01-25
Banane,0.29,122,2025-01-12
Apfel,0.46,56,2025-01-13
Paprika,1.07,102,2025-01-28
Apfel,0.53,98,2025-01-18
Tomate,0.73,192,2025-02-11
Gurke,0.88,191,2025-02-03
Zitrone,0.62,181,2025-01-21
Gurke,0.81,190,2025-01-29
Tomate,0.76,184,2025-01-15
Apfel,0.53,57,2025-02-01
Karotte,0.39,86,2025-01-27
Paprika,1.05,123,2025-01-22
Banane,0.29,176,2025-02-11
Apfel,0.53,112,2025-02-10
Tomate,0.73,115,2025-01-27
Zitrone,0.66,123,2025-02-02
Gurke,0.85,199,2025-01-27
Karotte,0.42,155,2025-01-22
Orange,0.64,179,2025-02-09
Gurke,0.83,114,2025-02-04
Orange,0.68,123,2025-01-12
Gurke,0.77,68,2025-01-25
Banane,0.33,130,2025-02-01
Banane,0.28,174,2025-01-15
Orange,0.71,94,2025-01-26
Banane,0.28,111,2025-01-28
Gurke,0.79,147,2025-02-01
Paprika,0.93,170,2025-01-21
Banane,0.29,71,2025-01-15
Karotte,0.41,155,2025-02-09
Orange,0.67,94,2025-02-02
Karotte,0.38,127,2025-01-30
Paprika,1.06,80,2025-01-23
Banane,0.3,162,2025-01-23
Karotte,0.42,72,2025-01-16
Tomate,0.67,112,2025-01-31
Orange,0.64,96,2025-01-21
Karotte,0.39,199,2025-02-11
Banane,0.28,121,2025-02-11
Zitrone,0.54,116,2025-01-31
Orange,0.65,70,2025-01-14
Karotte,0.43,187,2025-01-31
Paprika,1.01,102,2025-01-29
Banane,0.3,82,2025-01-27
Apfel,0.45,97,2025-02-06
Paprika,1.05,113,2025-02-03
Tomate,0.66,179,2025-02-02
Tomate,0.66,150,2025-01-29
Karotte,0.41,57,2025-02-11
Tomate,0.66,93,2025-01-23
Orange,0.61,85,2025-01-15
Karotte,0.38,179,2025-01-14
Orange,0.7,153,2025-01-14
Tomate,0.64,63,2025-02-09
Gurke,0.86,189,2025-01-23
Banane,0.3,126,2025-01-23
Zitrone,0.58,115,2025-01-12
Paprika,1.07,200,2025-01-26
Paprika,0.95,144,2025-01-24
Tomate,0.71,167,2025-01-29
Banane,0.29,178,2025-01-26
Zitrone,0.61,141,2025-02-05
Paprika,0.91,161,2025-01-27
Apfel,0.49,199,2025-01-22
Zitrone,0.66,99,2025-01-15
Banane,0.32,142,2025-01-17
Paprika,1.08,175,2025-01-30
Karotte,0.42,168,2025-01-17
Orange,0.68,171,2025-01-12
Banane,0.31,186,2025-01-27
Banane,0.28,77,2025-01-17
Paprika,1.03,174,2025-02-11
Karotte,0.36,50,2025-02-11
Paprika,1.07,182,2025-02-01
Paprika,0.99,180,2025-01-31
Gurke,0.83,63,2025-02-05
Apfel,0.55,197,2025-02-05
Apfel,0.47,172,2025-02-05
Tomate,0.63,180,2025-01-28
Gurke,0.73,67,2025-01-22
Orange,0.59,66,2025-02-03
Gurke,0.77,81,2025-01-17
Tomate,0.64,107,2025-02-02
Paprika,1.02,87,2025-02-03
Karotte,0.38,149,2025-01-21
Zitrone,0.55,74,2025-01-20
Banane,0.28,79,2025-02-03
Tomate,0.63,101,2025-02-03
Gurke,0.87,54,2025-02-11
Gurke,0.78,170,2025-01-27
Karotte,0.42,63,2025-02-06
Karotte,0.39,197,2025-01-31
Karotte,0.38,61,2025-01-22
Karotte,0.36,119,2025-01-12
Gurke,0.75,179,2025-02-08
Karotte,0.38,126,2025-01-24
Zitrone,0.64,91,2025-01-22
Paprika,1.06,67,2025-02-01
Apfel,0.48,184,2025-01-20
Zitrone,0.63,126,2025-01-28
Paprika,1.07,70,2025-01-27
Karotte,0.44,172,2025-02-03
Apfel,0.52,68,2025-01-27
Orange,0.59,54,2025-02-02
Banane,0.31,170,2025-02-03
Banane,0.3,114,2025-01-16
Karotte,0.42,109,2025-01-26
Gurke,0.72,105,2025-02-02
Paprika,1.04,183,2025-02-01
Banane,0.31,96,2025-01-13
Orange,0.6,139,2025-01-30
Apfel,0.52,130,2025-01-24
Gurke,0.79,189,2025-01-25
Zitrone,0.6,131,2025-02-08
Gurke,0.82,153,2025-02-10
Tomate,0.64,154,2025-01-24
Orange,0.68,61,2025-01-25
Paprika,1.07,79,2025-01-22
Paprika,0.99,146,2025-01-17
Apfel,0.55,175,2025-01-20
Banane,0.3,177,2025-01-12
Tomate,0.7,59,2025-01-27
Gurke,0.84,70,2025-01-14
Orange,0.7,142,2025-01-27
Gurke,0.74,97,2025-01-23
Gurke,0.88,94,2025-02-09
Banane,0.32,81,2025-01-28
Karotte,0.41,105,2025-02-06
Tomate,0.76,156,2025-01-31
Gurke,0.72,116,2025-01-23
Paprika,0.96,150,2025-01-31
Apfel,0.45,122,2025-01-13
Paprika,1.01,123,2025-01-14
Tomate,0.64,78,2025-01-14
Banane,0.29,57,2025-02-05
Banane,0.28,125,2025-01-24
Zitrone,0.63,60,2025-01-27
Paprika,0.9,85,2025-01-20
Karotte,0.4,162,2025-01-23
Zitrone,0.55,200,2025-01-15
Banane,0.28,100,2025-02-02
Apfel,0.54,173,2025-01-16
Zitrone,0.55,52,2025-02-10
Orange,0.64,194,2025-02-11
Zitrone,0.58,176,2025-02-03
Orange,0.62,185,2025-01-16
Gurke,0.82,92,2025-01-14
Zitrone,0.63,175,2025-02-11
Banane,0.32,108,2025-01-16
Zitrone,0.55,76,2025-01-29
Banane,0.32,191,2025-02-11
Paprika,1.08,186,2025-01-18
Tomate,0.7,83,2025-01-15
Tomate,0.76,112,2025-02-01
Karotte,0.41,69,2025-02-06
Apfel,0.5,60,2025-02-11
Gurke,0.85,124,2025-01-13
Orange,0.63,157,2025-01-23
Orange,0.62,111,2025-01-29
Tomate,0.71,104,2025-01-25
Gurke,0.74,69,2025-01-12
Karotte,0.39,83,2025-01-25
Tomate,0.68,90,2025-01-20
Paprika,0.96,138,2025-01-15
Gurke,0.76,144,2025-01-19
Gurke,0.85,187,2025-01-17
Gurke,0.77,130,2025-01-30
Tomate,0.75,155,2025-01-14
Banane,0.3,167,2025-02-11
Banane,0.3,72,2025-02-05
Tomate,0.73,108,2025-02-11
Zitrone,0.54,166,2025-01-14
Apfel,0.53,146,2025-01-31
Banane,0.28,125,2025-01-29
Karotte,0.41,107,2025-01-21
Tomate,0.75,129,2025-01-18
Gurke,0.79,133,2025-02-06
Orange,0.66,164,2025-01-20
Paprika,1.0,175,2025-01-13
Gurke,0.82,53,2025-02-04
Tomate,0.77,147,2025-02-02
Orange,0.68,112,2025-02-09
Orange,0.62,78,2025-01-21
Orange,0.63,61,2025-01-16
Orange,0.68,94,2025-01-15
Paprika,1.1,180,2025-01-25
Gurke,0.83,124,2025-01-24
Apfel,0.52,86,2025-02-09
Tomate,0.67,70,2025-01-20
Paprika,1.09,168,2025-01-15
Banane,0.3,156,2025-01-15
Apfel,0.45,200,2025-01-15
Gurke,0.79,107,2025-01-17
Orange,0.59,88,2025-01-26
Karotte,0.4,164,2025-01-20
Paprika,0.94,161,2025-02-09
Zitrone,0.6,195,2025-01-14
Karotte,0.42,69,2025-01-18
Tomate,0.67,90,2025-02-07
Gurke,0.82,189,2025-02-02
Orange,0.61,58,2025-01-20
Paprika,1.07,101,2025-01-20
Gurke,0.78,166,2025-02-06
Karotte,0.38,63,2025-01-25
Gurke,0.79,146,2025-01-23
Tomate,0.68,64,2025-01-30
Gurke,0.87,77,2025-01-13
Orange,0.63,89,2025-01-27
Zitrone,0.57,55,2025-02-08
Gurke,0.88,80,2025-01-27
Karotte,0.38,158,2025-01-26
Zitrone,0.59,191,2025-02-11
Banane,0.32,60,2025-01-28
Banane,0.3,102,2025-01-12
Orange,0.61,109,2025-02-08
Karotte,0.42,74,2025-02-02
Gurke,0.84,117,2025-02-06
Apfel,0.48,150,2025-01-28
Banane,0.27,133,2025-02-06
Zitrone,0.64,74,2025-01-25
Banane,0.31,182,2025-02-05
Orange,0.69,130,2025-01-17
Paprika,0.94,100,2025-01-23
Banane,0.28,164,2025-01-28
Apfel,0.46,117,2025-01-29
Paprika,0.92,173,2025-01-24
Karotte,0.41,110,2025-01-23
Paprika,1.08,56,2025-01-23
Zitrone,0.65,145,2025-02-05
Karotte,0.36,177,2025-01-29
Apfel,0.5,172,2025-01-20
Banane,0.29,126,2025-01-24
Karotte,0.41,64,2025-02-04
Karotte,0.37,122,2025-02-10
Gurke,0.75,76,2025-01-26
Karotte,0.38,171,2025-02-01
Orange,0.68,198,2025-01-25
Banane,0.3,163,2025-01-12
Zitrone,0.54,80,2025-01-16
Orange,0.66,115,2025-01-25
Banane,0.27,142,2025-02-10
Orange,0.65,85,2025-01-19
Orange,0.64,133,2025-01-24
Orange,0.62,168,2025-01-30
Zitrone,0.61,167,2025-01-24
Orange,0.63,176,2025-02-10
Banane,0.32,129,2025-01-12
Gurke,0.77,189,2025-02-07
Gurke,0.73,139,2025-02-08
Apfel,0.47,113,2025-02-03
Tomate,0.77,118,2025-01-16
Zitrone,0.63,159,2025-02-04
Tomate,0.75,127,2025-02-09
Apfel,0.53,149,2025-02-11
Orange,0.62,74,2025-01-31
Paprika,0.96,184,2025-01-31
Gurke,0.74,154,2025-01-29
Gurke,0.81,113,2025-02-09
Gurke,0.82,51,2025-01-13
Tomate,0.75,128,2025-01-25
Apfel,0.46,54,2025-02-07
Banane,0.29,177,2025-01-21
Banane,0.29,108,2025-01-24
Karotte,0.42,51,2025-01-28
Gurke,0.87,75,2025-01-18
Paprika,1.08,179,2025-02-03
Zitrone,0.54,182,2025-01-29
Apfel,0.5,155,2025-02-01
Banane,0.33,129,2025-02-04
Orange,0.69,128,2025-02-04
Banane,0.3,129,2025-01-29
Orange,0.64,73,2025-01-21
Tomate,0.64,113,2025-01-21
Gurke,0.78,67,2025-02-03
Orange,0.61,54,2025-01-21
Banane,0.27,136,2025-01-21
Zitrone,0.66,84,2025-02-01
Zitrone,0.65,138,2025-02-11
Gurke,0.8,166,2025-01-28
Karotte,0.43,51,2025-01-23
Apfel,0.47,148,2025-02-08
Banane,0.27,96,2025-01-24
Banane,0.33,175,2025-02-09
Gurke,0.87,144,2025-02-11
Zitrone,0.56,175,2025-01-19
Karotte,0.4,86,2025-01-21
Gurke,0.87,169,2025-01-19
Orange,0.59,92,2025-02-11
Orange,0.71,148,2025-02-07
Gurke,0.74,104,2025-01-15
Apfel,0.52,81,2025-01-25
Karotte,0.44,53,2025-01-14
Tomate,0.77,117,2025-02-07
Paprika,1.0,163,2025-02-05
Paprika,0.97,90,2025-02-02
Orange,0.68,199,2025-01-16
Gurke,0.79,117,2025-01-23
Apfel,0.46,56,2025-01-25
Apfel,0.47,86,2025-01-19
Karotte,0.4,65,2025-01-17
Orange,0.59,184,2025-02-04
Gurke,0.84,99,2025-01-28
Orange,0.68,97,2025-02-09
Zitrone,0.55,50,2025-02-05
Apfel,0.51,127,2025-01-27
Paprika,1.08,152,2025-02-07
Gurke,0.84,137,2025-01-23
Zitrone,0.61,151,2025-02-03
Tomate,0.72,83,2025-01-19
Zitrone,0.66,94,2025-02-09
Karotte,0.38,177,2025-01-15
Zitrone,0.65,112,2025-01-24
Apfel,0.46,71,2025-01-16
Paprika,0.97,150,2025-01-13
Paprika,1.1,105,2025-01-21
Orange,0.68,197,2025-01-31
Karotte,0.43,187,2025-01-29
Banane,0.32,129,2025-02-10
Orange,0.67,106,2025-01-17
Zitrone,0.62,175,2025-01-19
Orange,0.62,149,2025-01-15
Orange,0.68,53,2025-02-07
Tomate,0.7,150,2025-02-06
Tomate,0.73,172,2025-01-30
Tomate,0.64,118,2025-01-14
Orange,0.67,143,2025-01-31
Tomate,0.69,194,2025-01-30
Gurke,0.88,55,2025-02-11
Tomate,0.72,85,2025-01-23
Gurke,0.74,194,2025-01-21
Tomate,0.77,54,2025-01-24
Apfel,0.47,190,2025-01-13
Orange,0.67,197,2025-01-26
Apfel,0.55,179,2025-01-31
Orange,0.61,127,2025-02-03
Orange,0.63,58,2025-02-06
Gurke,0.8,120,2025-01-16
Zitrone,0.61,182,2025-01-15
Apfel,0.53,195,2025-01-21
Zitrone,0.64,116,2025-01-15
Gurke,0.77,51,2025-02-09
Apfel,0.49,133,2025-01-19
Karotte,0.4,140,2025-01-24
Zitrone,0.57,82,2025-01-17
Zitrone,0.61,97,2025-01-14
Tomate,0.68,132,2025-01-13
Banane,0.28,87,2025-02-09
Tomate,0.65,194,2025-01-13
Karotte,0.41,157,2025-02-03
Zitrone,0.55,135,2025-01-27
Paprika,0.99,55,2025-01-20
Paprika,1.08,73,2025-02-01
Banane,0.31,124,2025-01-21
Apfel,0.51,61,2025-02-08
Zitrone,0.6,148,2025-01-25
Apfel,0.49,143,2025-01-18
Zitrone,0.61,75,2025-01-13
Apfel,0.5,167,2025-02-06
Apfel,0.47,102,2025-01-26
Karotte,0.43,109,2025-01-14
Tomate,0.69,126,2025-02-07
Zitrone,0.61,109,2025-01-28
Karotte,0.39,87,2025-02-01
Paprika,1.07,180,2025-01-18
Orange,0.62,100,2025-01-26
Zitrone,0.6,182,2025-01-15
Orange,0.67,106,2025-01-27
Karotte,0.37,194,2025-02-11
Paprika,0.96,126,2025-01-14
Karotte,0.43,128,2025-02-10
Apfel,0.53,72,2025-02-10
Orange,0.68,141,2025-01-24
Zitrone,0.57,109,2025-01-23
Tomate,0.74,116,2025-01-19
Karotte,0.39,173,2025-01-24
Orange,0.67,78,2025-01-19
Karotte,0.42,148,2025-01-31
Paprika,0.98,121,2025-02-08
Gurke,0.73,95,2025-02-03
Tomate,0.73,100,2025-01-14
Zitrone,0.66,149,2025-01-23
Orange,0.63,179,2025-01-16
Gurke,0.82,64,2025-01-27
Zitrone,0.56,51,2025-01-17
Zitrone,0.58,68,2025-01-29
Paprika,0.91,66,2025-01-27
Karotte,0.37,124,2025-01-22
Paprika,0.97,171,2025-01-14
Banane,0.31,173,2025-02-01
Gurke,0.87,196,2025-01-17
Tomate,0.64,133,2025-02-05
Tomate,0.75,181,2025-02-02
Paprika,0.98,101,2025-01-17
Paprika,1.06,123,2025-02-09
Karotte,0.37,121,2025-01-13
Paprika,0.97,71,2025-01-26
Tomate,0.71,146,2025-02-07
Paprika,0.9,186,2025-01-23
Tomate,0.64,156,2025-02-10
Tomate,0.64,140,2025-01-30
Karotte,0.43,90,2025-02-10
Zitrone,0.64,86,2025-01-23
Zitrone,0.59,152,2025-01-26
Gurke,0.82,51,2025-02-08
Karotte,0.39,161,2025-02-05
Apfel,0.52,87,2025-01-30
Zitrone,0.6,181,2025-01-27
Tomate,0.67,158,2025-01-18
Gurke,0.79,149,2025-02-07
Paprika,1.04,163,2025-01-16
Gurke,0.77,157,2025-01-23
Orange,0.59,123,2025-02-10
Karotte,0.39,113,2025-01-23
Gurke,0.85,117,2025-01-28
Karotte,0.39,103,2025-02-03
Orange,0.59,169,2025-01-15
Gurke,0.77,180,2025-01-16
Zitrone,0.63,185,2025-02-07
Paprika,1.0,178,2025-01-22
Orange,0.63,128,2025-01-28
Orange,0.67,179,2025-01-16
Gurke,0.8,84,2025-02-11
Orange,0.6,197,2025-01-15
Apfel,0.46,98,2025-02-09
Gurke,0.79,124,2025-01-12
Karotte,0.36,138,2025-01-12
Orange,0.68,100,2025-02-11
Tomate,0.68,102,2025-01-16
Zitrone,0.59,101,2025-01-21
Tomate,0.67,174,2025-01-17
Banane,0.31,174,2025-02-11
Zitrone,0.65,75,2025-02-01
Gurke,0.74,57,2025-01-19
Apfel,0.52,144,2025-01-25
Karotte,0.43,51,2025-02-02
Paprika,1.02,196,2025-01-16
Apfel,0.55,114,2025-01-31
Banane,0.28,76,2025-02-03
Paprika,0.99,74,2025-01-28
Banane,0.3,63,2025-02-03
Zitrone,0.61,145,2025-01-12
Apfel,0.45,99,2025-01-17
Apfel,0.5,122,2025-01-28
Paprika,0.94,199,2025-01-28
Paprika,0.99,192,2025-02-04
Karotte,0.43,198,2025-01-17
Paprika,0.93,74,2025-01-21
Orange,0.66,56,2025-01-18
Gurke,0.84,140,2025-01-23
Paprika,1.08,116,2025-01-22
Gurke,0.87,144,2025-02-10
Apfel,0.46,155,2025-01-26
Banane,0.31,165,2025-01-24
Gurke,0.86,143,2025-01-20
Apfel,0.53,51,2025-02-02
Karotte,0.43,152,2025-01-22
Paprika,1.03,123,2025-01-18
Gurke,0.76,95,2025-02-06
Orange,0.61,88,2025-01-22
Tomate,0.7,118,2025-02-11
Zitrone,0.55,166,2025-01-30
Banane,0.32,175,2025-01-25
Tomate,0.63,53,2025-01-31
Paprika,1.0,136,2025-01-17
Zitrone,0.6,132,2025-02-02
Tomate,0.69,72,2025-02-10
Gurke,0.8,68,2025-01-28
Banane,0.28,191,2025-01-16
Zitrone,0.61,105,2025-01-24
Apfel,0.48,167,2025-02-04
Zitrone,0.64,184,2025-01-29
Karotte,0.39,107,2025-01-23
Paprika,0.94,50,2025-01-12
Paprika,1.07,189,2025-01-14
Orange,0.69,144,2025-01-14
Banane,0.33,139,2025-02-09
Paprika,0.97,198,2025-01-15
Orange,0.62,149,2025-01-15
Tomate,0.65,67,2025-02-04
Orange,0.7,129,2025-01-24
Tomate,0.74,53,2025-02-10
Paprika,1.01,154,2025-02-05
Zitrone,0.66,93,2025-01-26
Paprika,0.92,126,2025-01-21
Karotte,0.41,68,2025-02-05
Paprika,1.08,57,2025-01-21
Apfel,0.47,98,2025-01-28
Gurke,0.83,196,2025-01-22
Zitrone,0.59,114,2025-02-09
Apfel,0.45,171,2025-01-25
Orange,0.63,186,2025-01-12
Zitrone,0.62,148,2025-01-24
Gurke,0.82,178,2025-01-17
Orange,0.6,64,2025-02-01
Apfel,0.48,83,2025-01-25
Apfel,0.52,94,2025-02-04
Zitrone,0.55,167,2025-02-08
Apfel,0.46,59,2025-01-22
Apfel,0.5,66,2025-01-27
Banane,0.32,180,2025-01-14
Paprika,0.9,52,2025-01-20
Gurke,0.78,200,2025-01-21
Tomate,0.77,130,2025-02-07
Orange,0.61,75,2025-01-19
Paprika,1.01,168,2025-01-26
Apfel,0.47,97,2025-01-29
Orange,0.63,159,2025-02-02
Karotte,0.41,151,2025-01-17
Paprika,1.04,157,2025-01-26
Apfel,0.55,188,2025-01-16
Paprika,1.06,70,2025-01-28
Banane,0.31,183,2025-01-25
Apfel,0.5,91,2025-02-04
Orange,0.63,80,2025-02-07
Tomate,0.69,102,2025-01-17
Tomate,0.69,155,2025-01-24
Karotte,0.4,95,2025-01-16
Tomate,0.7,167,2025-01-30
Karotte,0.39,99,2025-02-01
Karotte,0.43,174,2025-02-06
Karotte,0.39,113,2025-01-26
Orange,0.68,193,2025-01-25
Karotte,0.43,109,2025-02-10
Zitrone,0.65,65,2025-01-19
Paprika,0.97,197,2025-01-17
Tomate,0.7,120,2025-01-18
Gurke,0.78,92,2025-02-04
Gurke,0.88,57,2025-01-23
Gurke,0.81,167,2025-01-25
Banane,0.33,69,2025-01-27
Zitrone,0.55,83,2025-01-12
Orange,0.62,99,2025-02-04
Apfel,0.49,185,2025-01-27
Apfel,0.53,138,2025-02-01
Orange,0.71,122,2025-01-25
Zitrone,0.62,130,2025-01-23
Tomate,0.67,132,2025-01-18
Orange,0.64,132,2025-01-18
Apfel,0.51,77,2025-02-11
Apfel,0.53,135,2025-01-27
Zitrone,0.61,51,2025-01-29
Gurke,0.76,137,2025-01-18
Banane,0.28,173,2025-01-18
Karotte,0.4,152,2025-01-19
Apfel,0.47,174,2025-01-28
Apfel,0.5,81,2025-01-22
Paprika,0.98,190,2025-02-02
Apfel,0.48,151,2025-02-02
Gurke,0.73,65,2025-01-27
Zitrone,0.59,55,2025-02-02
Tomate,0.74,63,2025-02-09
Gurke,0.73,158,2025-02-05
Paprika,1.1,172,2025-02-01
Paprika,1.08,176,2025-02-10
Paprika,0.94,163,2025-01-18
Gurke,0.75,74,2025-01-29
Banane,0.31,129,2025-01-25
Apfel,0.5,102,2025-01-24
Apfel,0.53,69,2025-01-23
Karotte,0.43,54,2025-01-17
Zitrone,0.56,168,2025-01-26
Gurke,0.81,193,2025-02-02
Paprika,0.97,191,2025-02-04
Karotte,0.43,99,2025-01-20
Orange,0.64,110,2025-01-26
Zitrone,0.56,84,2025-01-29
Paprika,0.99,102,2025-02-11
Tomate,0.76,151,2025-01-30
Banane,0.31,131,2025-01-29
Orange,0.62,162,2025-02-04
Tomate,0.7,140,2025-01-24
Orange,0.65,130,2025-01-30
Zitrone,0.56,97,2025-02-02
Zitrone,0.6,175,2025-01-12
Gurke,0.85,186,2025-01-27
Apfel,0.46,128,2025-01-16
Banane,0.28,166,2025-01-30
Zitrone,0.65,81,2025-01-16
Orange,0.69,191,2025-01-14
Banane,0.27,195,2025-01-17
Zitrone,0.61,169,2025-02-09
Tomate,0.73,131,2025-02-05
Orange,0.67,132,2025-02-11
Tomate,0.69,58,2025-01-29
Karotte,0.43,99,2025-01-29
Apfel,0.45,148,2025-02-10
Banane,0.32,90,2025-01-25
Banane,0.31,86,2025-01-27
Orange,0.6,113,2025-02-08
Tomate,0.76,82,2025-01-14
Apfel,0.53,62,2025-01-19
Apfel,0.52,136,2025-01-16
Banane,0.32,104,2025-02-09
Zitrone,0.61,57,2025-02-04
Orange,0.7,112,2025-01-18
Banane,0.33,170,2025-01-28
Banane,0.3,73,2025-01-13
Orange,0.7,116,2025-02-02
Gurke,0.87,136,2025-01-16
Paprika,0.95,117,2025-02-08
Karotte,0.42,127,2025-01-28
Gurke,0.74,108,2025-02-03
Zitrone,0.56,177,2025-01-25
Gurke,0.77,139,2025-02-03
Banane,0.32,84,2025-01-30
Gurke,0.74,118,2025-02-11
Karotte,0.4,152,2025-01-16
Apfel,0.48,67,2025-01-20
Zitrone,0.64,113,2025-01-15
Orange,0.62,83,2025-02-01
Karotte,0.41,83,2025-01-15
Karotte,0.4,64,2025-01-13
Zitrone,0.61,82,2025-01-24
Orange,0.63,65,2025-01-24
Orange,0.66,185,2025-01-13
Orange,0.6,182,2025-02-05
Banane,0.33,168,2025-01-24
Karotte,0.4,58,2025-01-23
Karotte,0.37,150,2025-02-05
Karotte,0.42,166,2025-01-12
Orange,0.61,164,2025-01-12
Orange,0.7,89,2025-01-27
Orange,0.59,74,2025-02-05
Paprika,1.0,65,2025-01-24
Paprika,0.97,129,2025-01-13
Tomate,0.7,51,2025-02-01
Zitrone,0.57,193,2025-01-14
Paprika,0.94,88,2025-02-01
Banane,0.29,184,2025-01-22
Karotte,0.4,140,2025-01-17
Karotte,0.37,196,2025-01-20
Gurke,0.82,169,2025-01-31
Tomate,0.77,114,2025-02-01
Banane,0.31,123,2025-01-23
Gurke,0.8,148,2025-01-15
Orange,0.66,160,2025-01-24
Gurke,0.84,162,2025-01-24
Paprika,0.95,157,2025-02-03
Banane,0.27,86,2025-01-12
Apfel,0.47,61,2025-02-05
Karotte,0.41,119,2025-02-09
Orange,0.63,149,2025-01-22
Karotte,0.37,125,2025-02-09
Banane,0.28,198,2025-01-30
Paprika,1.0,132,2025-02-08
Orange,0.63,136,2025-01-31
Gurke,0.76,92,2025-02-06
Karotte,0.37,172,2025-01-26
Orange,0.65,83,2025-01-17
Orange,0.69,52,2025-01-21
Tomate,0.63,77,2025-01-13
Orange,0.66,85,2025-02-05
Orange,0.59,162,2025-01-22
Tomate,0.64,200,2025-01-18
Orange,0.66,143,2025-01-20
Apfel,0.51,95,2025-01-16
Orange,0.61,100,2025-01-29
Zitrone,0.62,106,2025-02-04
Tomate,0.65,133,2025-02-03
Tomate,0.67,135,2025-02-07
Karotte,0.41,163,2025-01-20
Gurke,0.77,105,2025-01-16
Paprika,0.93,195,2025-01-24
Tomate,0.75,182,2025-01-16
Orange,0.6,178,2025-02-07
Gurke,0.76,141,2025-01-16
Paprika,1.01,166,2025-01-31
Gurke,0.87,79,2025-01-12
Zitrone,0.6,55,2025-01-17
Gurke,0.73,177,2025-02-05
Paprika,0.92,51,2025-02-10
Paprika,1.0,100,2025-01-17
Banane,0.32,72,2025-02-09
Gurke,0.85,56,2025-01-29
Karotte,0.39,99,2025-01-27
Karotte,0.38,177,2025-02-05
Karotte,0.44,164,2025-01-22
Paprika,0.9,87,2025-01-29
Paprika,1.01,83,2025-02-01
Zitrone,0.58,179,2025-01-17
Apfel,0.52,124,2025-01-23
Karotte,0.38,71,2025-02-09
Zitrone,0.55,189,2025-01-16
Paprika,0.98,150,2025-02-03
Paprika,1.05,187,2025-02-10
Paprika,0.98,153,2025-01-24
Gurke,0.76,68,2025-02-07
Apfel,0.55,73,2025-02-11
Paprika,1.09,79,2025-01-24
Paprika,1.07,71,2025-01-26
Gurke,0.78,141,2025-01-17
Paprika,1.06,111,2025-02-06
Gurke,0.83,86,2025-01-25
Orange,0.65,159,2025-01-31
Apfel,0.51,77,2025-02-02
Zitrone,0.64,115,2025-01-15
Tomate,0.74,88,2025-02-11
Karotte,0.42,120,2025-01-22
Apfel,0.45,159,2025-02-08
Apfel,0.5,112,2025-01-29
Zitrone,0.61,55,2025-01-29
Tomate,0.65,109,2025-01-31
Paprika,0.98,153,2025-01-31
Banane,0.28,159,2025-01-30
Zitrone,0.58,130,2025-01-30
Banane,0.31,173,2025-01-20
Paprika,0.94,103,2025-02-04
Paprika,1.0,147,2025-01-25
Gurke,0.85,70,2025-01-22
Apfel,0.47,83,2025-02-02
Orange,0.67,122,2025-01-12
Paprika,0.97,52,2025-01-16
Apfel,0.54,88,2025-01-14
Banane,0.31,70,2025-02-03
Gurke,0.85,117,2025-01-28
Banane,0.29,190,2025-01-31
Tomate,0.67,98,2025-01-31
Karotte,0.41,175,2025-02-11
Zitrone,0.55,142,2025-01-28
Paprika,0.91,147,2025-01-30
Banane,0.28,80,2025-02-06
Apfel,0.48,114,2025-02-01
Apfel,0.5,86,2025-02-07
Gurke,0.73,170,2025-01-28
Banane,0.31,96,2025-01-19
Gurke,0.83,181,2025-01-24
Gurke,0.76,128,2025-02-08
Tomate,0.74,178,2025-02-09
Apfel,0.46,153,2025-02-04
Zitrone,0.65,97,2025-01-13
Banane,0.33,159,2025-01-18
Tomate,0.64,112,2025-01-25
Paprika,0.98,147,2025-02-06
Gurke,0.78,197,2025-02-01
Zitrone,0.56,64,2025-02-05
Banane,0.31,68,2025-02-10
Tomate,0.69,84,2025-01-25
Apfel,0.5,162,2025-01-12
Zitrone,0.65,121,2025-02-01
Tomate,0.71,50,2025-01-15
Zitrone,0.62,141,2025-01-22
Gurke,0.88,161,2025-01-25
Apfel,0.45,128,2025-02-09
Gurke,0.82,164,2025-01-19
Banane,0.3,119,2025-01-14
Apfel,0.54,58,2025-01-19
Zitrone,0.55,132,2025-01-20
Gurke,0.74,78,2025-01-31
Gurke,0.86,106,2025-02-11
Orange,0.67,141,2025-02-01
Tomate,0.73,122,2025-02-05
Paprika,0.96,160,2025-01-22
Tomate,0.64,57,2025-02-06
Orange,0.71,118,2025-01-14
Tomate,0.69,162,2025-01-20
Paprika,0.91,102,2025-01-31
Apfel,0.53,168,2025-02-01
Gurke,0.83,97,2025-01-12
Apfel,0.5,195,2025-02-08
Gurke,0.87,198,2025-01-23
Gurke,0.85,153,2025-01-15
Karotte,0.42,72,2025-01-13
Banane,0.31,109,2025-01-20
Banane,0.3,82,2025-02-11
Karotte,0.39,167,2025-01-23
Karotte,0.42,80,2025-01-28
Orange,0.66,136,2025-02-10
Orange,0.66,60,2025-01-26
Karotte,0.41,174,2025-01-13
Gurke,0.83,191,2025-02-02
Karotte,0.43,130,2025-02-03
Tomate,0.73,156,2025-02-04
Apfel,0.54,149,2025-01-27
Apfel,0.5,135,2025-02-08
Banane,0.32,97,2025-01-12
Apfel,0.54,93,2025-01-13
Banane,0.31,172,2025-02-04
Tomate,0.74,139,2025-01-17
Apfel,0.48,59,2025-02-02
Banane,0.32,56,2025-02-06
Karotte,0.38,68,2025-01-20
Zitrone,0.57,88,2025-02-02
Apfel,0.46,68,2025-01-13
Zitrone,0.65,181,2025-01-23
Karotte,0.42,153,2025-01-29
Tomate,0.75,97,2025-01-23
Paprika,0.99,91,2025-01-31
Tomate,0.76,84,2025-02-08
Banane,0.31,137,2025-01-31
Karotte,0.44,99,2025-01-23
Karotte,0.37,109,2025-01-13
Orange,0.65,195,2025-01-15
Banane,0.3,171,2025-01-24
Karotte,0.43,63,2025-01-19
Apfel,0.5,54,2025-01-30
Apfel,0.55,180,2025-01-17
Tomate,0.72,155,2025-02-01
Paprika,1.02,193,2025-01-29
Zitrone,0.57,69,2025-02-02
Orange,0.64,142,2025-01-25
Karotte,0.38,97,2025-01-15
Orange,0.67,148,2025-01-15
Orange,0.65,95,2025-02-03
Gurke,0.78,78,2025-01-25
Karotte,0.42,78,2025-01-24
Apfel,0.52,157,2025-01-14
Gurke,0.74,195,2025-01-15
Tomate,0.68,195,2025-01-27
Tomate,0.74,148,2025-01-18
Orange,0.64,77,2025-01-16
Banane,0.32,74,2025-01-25
Gurke,0.86,95,2025-01-14
Paprika,0.96,133,2025-01-12
Zitrone,0.65,168,2025-01-14
Banane,0.3,146,2025-01-14
Gurke,0.87,155,2025-02-05
Karotte,0.44,197,2025-01-16
Gurke,0.76,106,2025-01-25
Apfel,0.54,110,2025-01-29
Apfel,0.47,139,2025-01-18
Gurke,0.82,135,2025-02-05
Gurke,0.73,193,2025-02-11
Apfel,0.5,137,2025-02-10
Zitrone,0.62,176,2025-02-07
Gurke,0.78,197,2025-01-28
Zitrone,0.65,160,2025-01-24
Gurke,0.76,167,2025-01-14
Gurke,0.84,106,2025-01-22
Zitrone,0.57,84,2025-01-31
Karotte,0.37,139,2025-01-22
Gurke,0.75,151,2025-01-30
Paprika,1.1,86,2025-02-03
Karotte,0.4,63,2025-01-20
Paprika,0.91,140,2025-01-18
Orange,0.68,154,2025-01-23
Tomate,0.69,131,2025-02-07
Orange,0.67,167,2025-02-07
Karotte,0.41,112,2025-01-24
Zitrone,0.54,76,2025-01-28
Orange,0.63,104,2025-01-30
Karotte,0.37,60,2025-01-25
Paprika,0.99,130,2025-01-15
Zitrone,0.57,137,2025-01-31
Banane,0.32,96,2025-01-17
Zitrone,0.63,60,2025-01-27
Paprika,1.01,157,2025-02-06
Paprika,0.99,143,2025-01-15
Tomate,0.71,111,2025-02-11
Gurke,0.87,134,2025-01-15
Tomate,0.64,190,2025-01-28
Banane,0.32,158,2025-02-09
Tomate,0.64,179,2025-01-27
Banane,0.32,146,2025-01-24
Zitrone,0.55,154,2025-01-17
Apfel,0.46,54,2025-02-10
Orange,0.62,75,2025-01-25
Apfel,0.45,200,2025-01-29
Orange,0.6,63,2025-01-17
Banane,0.31,83,2025-02-05
Paprika,0.91,107,2025-02-07
Tomate,0.68,199,2025-02-02
Tomate,0.75,139,2025-02-04
Gurke,0.79,139,2025-01-12
Tomate,0.67,200,2025-01-19
Karotte,0.37,59,2025-02-05
Karotte,0.39,74,2025-02-07
Zitrone,0.61,136,2025-02-10
Paprika,1.1,165,2025-02-02
Banane,0.29,79,2025-01-16
Karotte,0.41,55,2025-01-21
Gurke,0.75,59,2025-02-09
Zitrone,0.65,169,2025-01-17
Banane,0.27,116,2025-02-11
Tomate,0.72,174,2025-02-04
Tomate,0.68,195,2025-01-29
Karotte,0.42,58,2025-01-17
Tomate,0.72,156,2025-01-28
Tomate,0.64,111,2025-01-29
Banane,0.32,171,2025-02-06
Gurke,0.81,125,2025-01-14
Tomate,0.74,197,2025-01-17
Karotte,0.43,128,2025-01-28
Apfel,0.48,121,2025-02-07
Orange,0.65,163,2025-01-28
Karotte,0.36,100,2025-01-15
Zitrone,0.57,106,2025-01-23
Karotte,0.42,111,2025-02-07
Gurke,0.74,63,2025-02-10
Banane,0.29,196,2025-02-05
Karotte,0.4,160,2025-02-01
Banane,0.31,109,2025-01-21
Zitrone,0.54,118,2025-01-19
Karotte,0.41,68,2025-02-09
Zitrone,0.64,61,2025-01-24
Gurke,0.72,98,2025-01-26
Gurke,0.79,166,2025-02-07
Karotte,0.36,56,2025-01-25
Karotte,0.39,93,2025-01-21
Tomate,0.69,177,2025-02-01
Apfel,0.47,199,2025-01-12
Apfel,0.46,95,2025-01-16
Banane,0.31,147,2025-01-22
Banane,0.28,182,2025-01-13
Karotte,0.42,81,2025-01-16
Apfel,0.49,111,2025-01-28
Tomate,0.66,82,2025-01-18
Banane,0.29,55,2025-01-14
Karotte,0.37,190,2025-01-28
Apfel,0.51,95,2025-02-08
Gurke,0.76,167,2025-01-31
Orange,0.6,89,2025-02-11
Tomate,0.73,99,2025-01-15
Orange,0.66,179,2025-01-21
Tomate,0.63,172,2025-01-15
Karotte,0.43,187,2025-02-10
Orange,0.66,57,2025-01-13
Banane,0.33,145,2025-02-03
Banane,0.3,83,2025-01-27
Banane,0.3,170,2025-01-21
Paprika,0.92,72,2025-01-20
Karotte,0.4,174,2025-01-26
Paprika,1.05,69,2025-01-15
Gurke,0.86,126,2025-01-22
Apfel,0.5,200,2025-02-10
Banane,0.32,131,2025-01-30
Paprika,0.97,142,2025-01-24
Banane,0.33,87,2025-02-02
Zitrone,0.64,98,2025-02-08
Karotte,0.43,152,2025-01-24
Tomate,0.64,60,2025-01-16
Paprika,0.93,116,2025-01-17
Zitrone,0.62,85,2025-02-09
Banane,0.32,111,2025-02-02
Zitrone,0.6,142,2025-01-23
Zitrone,0.55,69,2025-02-10
Banane,0.32,149,2025-02-11
Gurke,0.82,186,2025-01-13
Apfel,0.51,196,2025-02-06
Tomate,0.7,110,2025-02-11
Apfel,0.51,198,2025-01-26
Apfel,0.52,62,2025-02-11
Gurke,0.87,145,2025-02-02
Tomate,0.69,187,2025-01-24
Banane,0.31,89,2025-02-09
Zitrone,0.63,61,2025-01-25
Tomate,0.69,136,2025-02-09
Banane,0.32,131,2025-01-24
Banane,0.33,92,2025-02-02
Banane,0.3,195,2025-01-25
Karotte,0.39,50,2025-01-29
Banane,0.31,172,2025-01-27
Karotte,0.41,158,2025-01-23
Banane,0.33,160,2025-02-01
Apfel,0.51,91,2025-02-02
Zitrone,0.62,199,2025-02-06
Orange,0.61,138,2025-02-05
Orange,0.7,144,2025-02-08
Apfel,0.48,75,2025-01-20
Orange,0.68,138,2025-01-17
Karotte,0.37,191,2025-01-26
Karotte,0.41,196,2025-01-25
Gurke,0.81,129,2025-02-01
Banane,0.29,186,2025-02-03
Paprika,0.91,51,2025-02-07
Gurke,0.83,59,2025-01-22
Banane,0.31,81,2025-02-03
Apfel,0.5,84,2025-02-05
Orange,0.71,163,2025-01-15
Banane,0.29,177,2025-01-29
Tomate,0.7,82,2025-02-10
Banane,0.33,78,2025-01-25
Zitrone,0.64,155,2025-02-01
Apfel,0.46,90,2025-01-29
Gurke,0.75,174,2025-01-20
Zitrone,0.56,68,2025-01-28
Banane,0.28,81,2025-01-13
Karotte,0.38,59,2025-01-22
Paprika,0.94,127,2025-02-07
Paprika,1.05,96,2025-02-09
Apfel,0.51,124,2025-01-20
Apfel,0.49,132,2025-01-14
Tomate,0.76,61,2025-02-06
Paprika,0.91,93,2025-01-31
Karotte,0.36,177,2025-02-07
Banane,0.32,170,2025-01-23
Orange,0.66,191,2025-01-30
Banane,0.29,125,2025-02-03
Zitrone,0.6,115,2025-02-07
Orange,0.62,149,2025-01-26
Gurke,0.87,193,2025-02-05
Paprika,1.05,87,2025-02-10
Karotte,0.36,170,2025-01-21
Karotte,0.44,123,2025-01-30
Zitrone,0.6,200,2025-01-20
Zitrone,0.57,167,2025-01-26
Karotte,0.37,87,2025-01-27
Zitrone,0.55,58,2025-01-29
Tomate,0.74,109,2025-02-07
Karotte,0.43,55,2025-01-14
Orange,0.7,64,2025-01-19
Karotte,0.39,174,2025-01-13
Karotte,0.42,50,2025-01-24
Zitrone,0.55,129,2025-02-02
Tomate,0.7,196,2025-01-22
Paprika,1.06,120,2025-01-21
Karotte,0.43,126,2025-02-05
Apfel,0.49,82,2025-01-23
Gurke,0.84,75,2025-01-15
Karotte,0.37,154,2025-02-04
Gurke,0.77,69,2025-02-09
Orange,0.68,137,2025-01-28
Karotte,0.4,102,2025-01-26
Karotte,0.38,78,2025-02-06
Banane,0.31,91,2025-01-23
Orange,0.6,88,2025-01-17
Gurke,0.81,193,2025-01-31
Apfel,0.46,86,2025-02-06
Banane,0.27,98,2025-01-24
Tomate,0.67,50,2025-02-02
Banane,0.28,132,2025-02-10
Gurke,0.81,89,2025-01-29
Paprika,0.94,120,2025-01-27
Apfel,0.46,127,2025-02-04
Tomate,0.77,138,2025-01-24
Zitrone,0.63,77,2025-02-05
Tomate,0.69,61,2025-02-05
Apfel,0.53,162,2025-01-14
Banane,0.29,65,2025-02-03
Paprika,1.02,74,2025-01-30
Karotte,0.42,187,2025-01-27
Banane,0.32,121,2025-01-12
Zitrone,0.59,200,2025-01-14
Gurke,0.75,110,2025-01-16
Banane,0.27,196,2025-01-23
Zitrone,0.55,180,2025-02-08
Zitrone,0.62,63,2025-02-10
Tomate,0.69,62,2025-02-08
Banane,0.3,128,2025-01-22
Paprika,1.0,177,2025-01-16
Banane,0.29,97,2025-01-26
Banane,0.31,199,2025-01-14
Banane,0.32,103,2025-02-05
Paprika,1.0,134,2025-01-25
Apfel,0.49,50,2025-02-11
Apfel,0.46,182,2025-01-15
Tomate,0.67,84,2025-01-28
Zitrone,0.57,52,2025-01-16
Gurke,0.76,55,2025-02-01
Apfel,0.47,116,2025-01-16
Tomate,0.69,137,2025-01-29
Karotte,0.42,91,2025-01-25
Apfel,0.51,162,2025-02-07
Gurke,0.75,71,2025-01-18
Karotte,0.4,104,2025-01-31
Gurke,0.82,158,2025-01-24
Paprika,1.1,166,2025-01-15
Zitrone,0.61,192,2025-02-09
Tomate,0.72,171,2025-02-05
Paprika,1.0,107,2025-01-14
Apfel,0.5,72,2025-01-17
Zitrone,0.65,138,2025-01-15
Orange,0.59,72,2025-02-08
Apfel,0.55,54,2025-01-14
Zitrone,0.55,166,2025-02-04
Paprika,1.09,74,2025-01-29
Banane,0.31,126,2025-01-31
Tomate,0.68,160,2025-02-08
Karotte,0.39,61,2025-01-31
Karotte,0.39,96,2025-01-14
Zitrone,0.62,183,2025-01-29
Gurke,0.87,177,2025-02-11
Paprika,0.93,172,2025-01-28
Tomate,0.66,170,2025-02-04
Karotte,0.36,153,2025-01-23
Orange,0.66,85,2025-01-17
Tomate,0.65,190,2025-02-03
Banane,0.29,87,2025-02-03
Paprika,1.09,142,2025-01-14
Orange,0.64,192,2025-01-17
Karotte,0.37,93,2025-01-17
Orange,0.68,185,2025-01-19
Paprika,0.98,116,2025-02-05
Banane,0.32,78,2025-01-19
Karotte,0.43,143,2025-02-07
Karotte,0.4,104,2025-01-20
Banane,0.3,132,2025-01-25
Apfel,0.52,179,2025-02-07
Gurke,0.78,134,2025-02-02
Banane,0.32,131,2025-01-14
Banane,0.27,129,2025-01-29
Apfel,0.48,156,2025-01-30
Orange,0.7,72,2025-02-01
Tomate,0.75,152,2025-02-10
Banane,0.27,116,2025-02-08
Gurke,0.8,77,2025-01-12
Gurke,0.76,141,2025-01-25
Orange,0.63,78,2025-01-22
Zitrone,0.59,68,2025-02-09
Tomate,0.66,82,2025-01-18
Karotte,0.4,154,2025-01-17
Karotte,0.41,200,2025-02-01
Gurke,0.72,139,2025-02-09
Apfel,0.52,54,2025-02-02
Zitrone,0.6,120,2025-01-14
Apfel,0.49,62,2025-01-28
Tomate,0.7,157,2025-02-03
Paprika,0.91,151,2025-01-12
Paprika,0.93,138,2025-01-12
Tomate,0.75,99,2025-01-17
Tomate,0.68,63,2025-01-30
Tomate,0.68,168,2025-02-09
Apfel,0.54,115,2025-01-15
Zitrone,0.56,170,2025-01-15
Apfel,0.47,72,2025-01-17
Apfel,0.49,155,2025-01-29
Apfel,0.51,173,2025-01-26
Orange,0.64,181,2025-01-17
Karotte,0.38,66,2025-01-31
Karotte,0.38,70,2025-02-08
Paprika,1.08,96,2025-01-29
Karotte,0.42,73,2025-01-29
Apfel,0.46,145,2025-01-28
Apfel,0.53,60,2025-01-22
Paprika,0.92,196,2025-02-01
Paprika,1.08,178,2025-01-12
Banane,0.31,108,2025-02-02
Karotte,0.37,165,2025-02-02
Orange,0.63,85,2025-01-31
Paprika,1.0,194,2025-01-28
Banane,0.3,134,2025-01-12
Banane,0.32,66,2025-01-30
Tomate,0.72,96,2025-02-06
Paprika,0.95,160,2025-01-31
Tomate,0.73,103,2025-02-04
Apfel,0.46,110,2025-01-23
Karotte,0.36,59,2025-01-16
Banane,0.32,69,2025-01-17
Orange,0.63,103,2025-01-22
Paprika,1.02,129,2025-02-03
Zitrone,0.61,140,2025-02-07
Paprika,1.08,156,2025-01-12
Banane,0.32,153,2025-01-28
Paprika,1.05,54,2025-01-23
Karotte,0.37,126,2025-02-06
Zitrone,0.62,138,2025-01-20
Paprika,0.94,173,2025-02-11
Karotte,0.39,135,2025-02-05
Orange,0.64,148,2025-02-03
Zitrone,0.62,128,2025-01-29
Banane,0.3,116,2025-01-28
Gurke,0.75,69,2025-02-04
Apfel,0.54,111,2025-02-08
Apfel,0.52,154,2025-01-20
Apfel,0.5,131,2025-01-29
Karotte,0.38,185,2025-02-07
Karotte,0.38,71,2025-02-07
Banane,0.27,81,2025-02-11
Karotte,0.38,60,2025-01-22
Gurke,0.82,100,2025-02-09
Banane,0.27,124,2025-01-27
Banane,0.28,105,2025-01-18
Tomate,0.75,200,2025-01-26
Paprika,0.99,124,2025-01-14
Tomate,0.68,76,2025-02-04
Apfel,0.51,94,2025-01-15
Gurke,0.83,156,2025-01-17
Tomate,0.77,69,2025-01-20
Orange,0.59,55,2025-01-16
Paprika,0.98,53,2025-01-17
Gurke,0.77,177,2025-01-23
Karotte,0.42,112,2025-01-26
Gurke,0.82,64,2025-02-07
Gurke,0.75,186,2025-01-24
Gurke,0.84,98,2025-01-20
Gurke,0.76,50,2025-01-21
Gurke,0.88,196,2025-02-11
Paprika,0.99,179,2025-01-17
Zitrone,0.64,171,2025-01-29
Karotte,0.43,138,2025-01-29
Karotte,0.39,130,2025-01-28
Banane,0.3,106,2025-01-28
Gurke,0.87,122,2025-01-24
Paprika,1.03,164,2025-01-25
Banane,0.33,50,2025-01-12
Apfel,0.5,134,2025-02-11
Zitrone,0.55,60,2025-02-09
Paprika,1.07,188,2025-02-08
Apfel,0.53,183,2025-01-17
Apfel,0.46,78,2025-01-23
Orange,0.68,99,2025-01-23
Tomate,0.71,128,2025-01-20
Banane,0.32,83,2025-02-11
Gurke,0.85,131,2025-01-31
Tomate,0.68,182,2025-02-04
Apfel,0.52,126,2025-02-08
Apfel,0.46,197,2025-02-07
Tomate,0.68,118,2025-01-16
Gurke,0.83,139,2025-01-20
Orange,0.66,62,2025-02-06
Zitrone,0.6,64,2025-01-27
Banane,0.27,127,2025-02-11
Apfel,0.45,187,2025-02-03
Paprika,1.04,177,2025-01-14
Banane,0.31,68,2025-02-10
Zitrone,0.64,96,2025-02-02
Karotte,0.43,138,2025-01-26
Apfel,0.51,121,2025-01-22
Apfel,0.52,95,2025-01-26
Tomate,0.65,197,2025-01-27
Tomate,0.76,93,2025-01-16
Karotte,0.42,195,2025-01-20
Tomate,0.66,173,2025-02-05
Orange,0.66,149,2025-01-28
Banane,0.28,58,2025-01-25
Gurke,0.84,124,2025-02-06
Orange,0.61,117,2025-01-17
Apfel,0.47,56,2025-01-30
Zitrone,0.57,125,2025-02-06
Banane,0.3,152,2025-02-07
Zitrone,0.55,129,2025-01-18
Gurke,0.81,166,2025-02-10
Banane,0.32,78,2025-01-20
Gurke,0.77,126,2025-01-20
Paprika,1.0,112,2025-01-19
Zitrone,0.6,163,2025-01-14
Orange,0.64,152,2025-01-12
Tomate,0.64,125,2025-02-03
Orange,0.66,70,2025-01-16
Banane,0.3,158,2025-02-04
Karotte,0.43,82,2025-01-22
Orange,0.61,183,2025-01-23
Apfel,0.52,129,2025-01-29
Gurke,0.83,113,2025-02-07
Orange,0.66,81,2025-01-24
Apfel,0.49,132,2025-01-22
Karotte,0.42,143,2025-01-29
Tomate,0.71,100,2025-01-12
Zitrone,0.65,58,2025-02-02
Orange,0.6,52,2025-01-24
Banane,0.33,145,2025-01-25
Tomate,0.65,101,2025-01-12
Karotte,0.4,91,2025-01-25
Tomate,0.67,78,2025-01-26
Gurke,0.73,101,2025-01-31
Tomate,0.74,95,2025-01-18
Karotte,0.36,180,2025-01-23
Tomate,0.75,61,2025-01-18
Apfel,0.55,132,2025-01-29
Gurke,0.79,136,2025-01-30
Zitrone,0.6,106,2025-01-24
Orange,0.67,162,2025-01-31
Gurke,0.85,191,2025-01-25
Zitrone,0.58,118,2025-01-31
Paprika,0.92,103,2025-02-06
Gurke,0.86,198,2025-01-26
